id_envio,distancia_km,peso_kg,largo_cm,ancho_cm,alto_cm,volumen_l,fragil,refrigerado,valor_declarado_mxn,prioridad,zona_destino,clima,hora_salida,trafico,medio_recomendado
ENV-000001,2.31,0.33,21.4,9.3,9.8,1.95,0,0,1576.04,normal,residencial,despejado,12,bajo,bicicleta
ENV-000002,17.31,4.68,43.3,32.4,26.1,36.62,0,0,1243.86,normal,periferia,despejado,18,alto,moto
ENV-000003,4.84,2.51,28.3,22.3,24.9,15.71,0,0,476.18,normal,centro,viento_fuerte,22,medio,moto
ENV-000004,11.39,2.04,16.8,15.6,14.0,3.67,1,0,1794.53,normal,residencial,despejado,17,bajo,dron
ENV-000005,46.95,3.68,33.7,20.3,13.4,9.17,1,0,525.31,mismo_dia,rural,viento_fuerte,17,medio,camioneta
ENV-000006,5.26,1.69,32.3,16.3,16.1,8.48,0,0,833.62,normal,residencial,despejado,10,alto,bicicleta
ENV-000007,4.83,11.41,60.8,41.2,20.8,52.1,0,0,622.69,express,residencial,viento_fuerte,8,bajo,moto
ENV-000008,1.99,0.99,17.8,20.5,13.7,5.0,0,0,210.41,normal,centro,despejado,18,alto,bicicleta
ENV-000009,35.82,0.86,27.6,18.3,13.3,6.72,0,0,1893.93,mismo_dia,rural,despejado,17,bajo,moto
ENV-000010,6.4,3.64,34.2,17.8,16.9,10.29,0,0,1399.21,normal,residencial,viento_fuerte,11,medio,bicicleta
ENV-000011,17.44,4.35,51.4,22.5,21.8,25.21,0,0,1717.85,normal,periferia,despejado,7,medio,moto
ENV-000012,17.86,5.03,28.0,20.5,37.4,21.47,0,0,976.52,normal,periferia,despejado,19,alto,moto
ENV-000013,14.47,4.14,32.7,34.2,24.4,27.29,0,0,112.73,normal,periferia,despejado,18,medio,moto
ENV-000014,12.22,5.89,31.7,25.0,16.4,13.0,0,0,988.48,express,residencial,despejado,10,medio,moto
ENV-000015,5.64,3.43,30.4,20.7,19.2,12.08,0,0,1124.16,normal,residencial,despejado,10,bajo,bicicleta
ENV-000016,43.61,0.46,17.4,15.2,9.8,2.59,0,0,569.05,normal,rural,despejado,17,medio,camioneta
ENV-000017,20.33,1.71,33.4,17.1,23.1,13.19,0,0,40853.75,mismo_dia,periferia,despejado,9,alto,moto
ENV-000018,3.23,2.21,20.5,16.3,21.6,7.22,0,0,131.23,express,centro,despejado,9,medio,bicicleta
ENV-000019,20.24,0.54,25.5,17.8,7.6,3.45,0,0,382.83,normal,periferia,despejado,12,medio,moto
ENV-000020,7.55,58.56,71.0,37.6,52.2,139.35,0,0,293.3,express,residencial,despejado,11,bajo,camioneta
ENV-000021,9.4,1.01,26.2,14.6,15.4,5.89,1,0,1423.7,express,residencial,viento_fuerte,16,medio,moto
ENV-000022,8.11,2.43,43.5,23.4,18.9,19.24,0,0,4081.02,express,residencial,despejado,12,bajo,moto
ENV-000023,4.23,0.88,22.0,12.1,18.1,4.82,0,0,51.33,express,centro,despejado,18,medio,bicicleta
ENV-000024,9.86,0.42,16.7,10.7,8.3,1.48,0,0,1418.55,normal,residencial,despejado,13,alto,dron
ENV-000025,1.37,1.13,17.4,10.2,10.2,1.81,0,0,3549.23,mismo_dia,centro,despejado,21,medio,moto
ENV-000026,3.2,28.95,66.0,63.5,35.7,149.62,0,0,245.13,normal,centro,despejado,7,alto,camioneta
ENV-000027,1.85,0.98,12.5,11.6,13.5,1.96,0,0,1719.86,express,centro,viento_fuerte,14,medio,bicicleta
ENV-000028,8.95,0.54,17.3,10.7,15.0,2.78,0,0,788.96,normal,periferia,despejado,16,medio,dron
ENV-000029,3.73,44.26,72.1,50.0,32.9,118.6,0,0,9381.37,normal,centro,despejado,13,bajo,camioneta
ENV-000030,5.71,1.43,34.2,21.8,15.1,11.26,0,0,2345.56,normal,residencial,despejado,12,bajo,bicicleta
ENV-000031,5.6,1.86,32.7,24.8,15.8,12.81,0,0,246.89,normal,centro,viento_fuerte,13,medio,bicicleta
ENV-000032,3.05,1.96,27.3,20.9,17.2,9.81,0,0,2067.53,normal,centro,lluvia,14,alto,bicicleta
ENV-000033,2.59,6.56,48.8,34.8,27.7,47.04,0,0,209.22,mismo_dia,residencial,despejado,12,medio,moto
ENV-000034,22.8,24.11,89.1,61.5,24.6,134.8,1,0,3175.81,express,periferia,viento_fuerte,17,bajo,camioneta
ENV-000035,11.1,10.66,55.3,24.7,23.9,32.65,0,1,1235.02,normal,periferia,despejado,12,bajo,camioneta
ENV-000036,2.4,0.7,27.6,13.1,10.1,3.65,0,0,3578.29,normal,centro,despejado,22,medio,moto
ENV-000037,10.46,14.15,49.7,36.4,27.5,49.75,0,0,370.62,normal,residencial,viento_fuerte,16,bajo,moto
ENV-000038,3.81,18.79,93.8,58.3,27.0,147.65,1,0,601.91,express,residencial,despejado,11,medio,camioneta
ENV-000039,16.65,1.2,34.9,17.2,13.7,8.22,0,0,786.66,mismo_dia,periferia,despejado,12,bajo,moto
ENV-000040,2.72,1.34,36.7,16.3,17.2,10.29,0,0,617.57,normal,centro,lluvia,16,medio,camioneta
ENV-000041,1.87,1.42,21.9,24.7,19.3,10.44,0,0,1124.33,normal,centro,lluvia,8,medio,moto
ENV-000042,15.94,2.26,25.9,18.0,8.6,4.01,0,0,744.19,express,periferia,despejado,13,alto,moto
ENV-000043,14.17,1.64,23.7,17.1,8.6,3.49,0,0,702.99,normal,residencial,despejado,15,alto,dron
ENV-000044,3.65,2.53,29.7,17.9,24.5,13.02,0,0,1100.4,express,centro,despejado,11,medio,bicicleta
ENV-000045,26.78,3.45,31.3,20.0,9.2,5.76,0,0,4630.02,normal,periferia,despejado,9,medio,moto
ENV-000046,16.75,3.72,35.2,21.7,15.9,12.15,0,0,654.13,express,periferia,despejado,12,bajo,moto
ENV-000047,2.23,64.82,72.4,58.4,40.5,171.24,0,0,4636.68,express,centro,lluvia,13,alto,camioneta
ENV-000048,22.9,0.69,19.7,12.8,13.3,3.35,1,0,158.09,mismo_dia,rural,despejado,11,bajo,moto
ENV-000049,4.49,1.92,31.4,26.9,14.6,12.33,0,0,1089.06,normal,residencial,despejado,14,alto,bicicleta
ENV-000050,4.31,2.98,34.3,26.1,15.0,13.43,0,0,397.0,normal,centro,despejado,19,alto,bicicleta
ENV-000051,2.36,1.58,33.3,20.9,12.2,8.49,0,0,3058.63,mismo_dia,centro,lluvia,6,bajo,moto
ENV-000052,29.81,11.02,63.6,39.6,27.6,69.51,0,0,346.19,mismo_dia,rural,despejado,15,alto,moto
ENV-000053,2.26,0.72,20.4,13.3,6.8,1.84,0,0,1287.92,normal,centro,despejado,18,medio,bicicleta
ENV-000054,5.4,8.08,62.4,29.3,30.1,55.03,0,0,2199.05,express,residencial,despejado,9,alto,moto
ENV-000055,2.76,7.77,41.1,26.4,12.1,13.13,1,0,7466.84,normal,centro,lluvia,15,alto,bicicleta
ENV-000056,2.11,0.53,20.7,11.5,14.7,3.5,1,0,430.22,normal,centro,despejado,19,alto,bicicleta
ENV-000057,6.78,0.74,25.9,17.1,9.3,4.12,0,0,629.88,express,residencial,lluvia,10,bajo,moto
ENV-000058,13.82,0.36,12.8,10.9,7.1,0.99,1,0,3008.37,mismo_dia,residencial,despejado,19,medio,dron
ENV-000059,3.32,2.72,32.5,18.3,27.4,16.3,0,0,71.61,normal,centro,lluvia,19,medio,moto
ENV-000060,6.13,3.51,38.9,32.4,21.3,26.85,0,0,447.28,express,residencial,despejado,14,alto,bicicleta
ENV-000061,15.08,1.8,36.9,18.9,15.3,10.67,0,0,9842.8,mismo_dia,periferia,despejado,11,bajo,moto
ENV-000062,10.0,2.47,37.0,21.8,10.8,8.71,0,0,579.8,normal,residencial,lluvia,13,alto,moto
ENV-000063,1.67,3.46,51.1,33.4,15.4,26.28,0,0,335.13,normal,centro,despejado,9,alto,bicicleta
ENV-000064,1.02,2.92,35.5,27.2,19.6,18.93,0,0,668.37,express,centro,despejado,13,alto,bicicleta
ENV-000065,24.63,2.34,26.7,18.1,22.0,10.63,0,0,282.31,express,rural,despejado,7,medio,moto
ENV-000066,27.35,0.43,22.3,13.7,10.3,3.15,0,0,5813.66,normal,rural,despejado,13,alto,moto
ENV-000067,3.85,0.82,25.4,15.6,7.7,3.05,0,1,260.94,normal,residencial,despejado,8,alto,camioneta
ENV-000068,41.48,0.39,19.5,10.6,9.4,1.94,0,0,1867.61,express,rural,despejado,18,medio,camioneta
ENV-000069,4.42,7.29,40.4,18.7,23.7,17.9,1,0,78.74,normal,residencial,lluvia,20,medio,bicicleta
ENV-000070,5.64,5.86,45.5,29.8,16.4,22.24,0,0,245.62,normal,residencial,viento_fuerte,15,alto,bicicleta
ENV-000071,6.11,4.18,37.9,21.1,17.6,14.07,0,0,2618.55,express,residencial,despejado,12,bajo,moto
ENV-000072,9.69,6.92,63.7,35.1,23.4,52.32,0,0,1110.89,express,periferia,viento_fuerte,8,alto,moto
ENV-000073,52.94,2.28,32.2,31.3,17.9,18.04,0,0,737.34,normal,rural,despejado,14,alto,camioneta
ENV-000074,4.26,6.36,36.2,18.7,19.4,13.13,0,0,87.67,mismo_dia,centro,despejado,8,medio,bicicleta
ENV-000075,11.34,1.39,26.9,21.9,17.5,10.31,1,0,1161.25,normal,residencial,despejado,9,medio,dron
ENV-000076,3.06,2.04,21.7,16.5,14.2,5.08,0,0,894.49,normal,residencial,despejado,7,medio,bicicleta
ENV-000077,3.09,1.02,33.4,19.2,10.3,6.61,0,0,3058.91,express,residencial,despejado,12,alto,bicicleta
ENV-000078,3.37,2.73,26.0,17.1,19.1,8.49,1,0,393.06,mismo_dia,centro,despejado,20,alto,bicicleta
ENV-000079,1.87,0.43,18.7,12.1,6.4,1.45,0,0,496.84,express,centro,despejado,10,medio,bicicleta
ENV-000080,9.78,1.69,30.2,17.6,12.5,6.64,0,0,5628.77,mismo_dia,residencial,despejado,18,medio,dron
ENV-000081,2.05,8.09,45.1,29.8,16.4,22.04,0,0,755.45,express,centro,despejado,14,alto,moto
ENV-000082,3.6,1.44,28.6,20.0,18.8,10.75,1,0,6709.25,normal,residencial,despejado,14,medio,bicicleta
ENV-000083,4.4,0.26,18.6,10.4,6.4,1.24,1,0,2019.69,express,residencial,despejado,15,bajo,dron
ENV-000084,1.9,9.33,44.6,30.7,50.5,69.15,0,0,361.55,normal,residencial,despejado,8,medio,moto
ENV-000085,2.38,0.65,22.9,13.9,8.8,2.8,0,1,3661.92,normal,centro,despejado,18,bajo,camioneta
ENV-000086,9.38,1.66,19.3,18.1,12.1,4.23,0,0,2016.3,mismo_dia,residencial,despejado,11,alto,dron
ENV-000087,5.6,1.39,21.4,20.2,18.6,8.04,1,0,2630.44,express,centro,despejado,17,medio,bicicleta
ENV-000088,2.31,2.57,26.8,19.4,19.7,10.24,0,0,956.24,normal,centro,despejado,7,alto,bicicleta
ENV-000089,3.19,1.11,27.6,13.6,10.3,3.87,0,0,325.92,mismo_dia,centro,viento_fuerte,15,alto,bicicleta
ENV-000090,7.39,12.45,60.0,35.2,26.6,56.18,0,0,550.62,express,residencial,despejado,10,medio,moto
ENV-000091,39.86,4.36,45.3,32.3,21.8,31.9,0,0,1098.01,mismo_dia,rural,despejado,7,alto,moto
ENV-000092,7.64,0.88,23.4,14.6,13.7,4.68,0,0,273.86,normal,residencial,despejado,3,bajo,moto
ENV-000093,18.04,1.17,20.8,17.0,8.4,2.97,1,0,692.77,express,periferia,despejado,9,alto,moto
ENV-000094,11.4,1.81,33.3,23.9,16.2,12.89,0,0,5133.47,express,periferia,lluvia,14,alto,moto
ENV-000095,6.39,1.57,32.1,21.1,13.0,8.81,0,0,399.15,normal,residencial,despejado,23,medio,moto
ENV-000096,15.59,1.22,20.7,17.0,17.3,6.09,0,0,2288.74,express,periferia,despejado,17,medio,moto
ENV-000097,5.89,3.72,43.1,25.6,22.8,25.16,1,0,373.55,normal,residencial,despejado,16,medio,bicicleta
ENV-000098,43.2,0.45,23.5,15.2,8.7,3.11,0,0,610.85,mismo_dia,rural,despejado,13,alto,camioneta
ENV-000099,1.41,8.82,52.2,29.9,25.3,39.49,0,0,355.54,express,residencial,despejado,6,medio,moto
ENV-000100,3.92,2.9,28.8,29.8,19.4,16.65,0,0,2166.31,normal,residencial,despejado,10,medio,camioneta
ENV-000101,3.88,3.78,24.0,24.8,19.0,11.31,0,0,1973.03,normal,residencial,despejado,7,medio,bicicleta
ENV-000102,4.52,1.28,24.5,20.9,16.7,8.55,0,0,171.05,normal,centro,despejado,9,alto,bicicleta
ENV-000103,5.66,5.46,34.4,28.3,28.4,27.65,0,1,3710.34,normal,residencial,lluvia,22,bajo,camioneta
ENV-000104,1.27,0.83,26.4,16.8,9.9,4.39,0,0,392.47,mismo_dia,centro,despejado,15,medio,bicicleta
ENV-000105,10.24,0.83,28.8,13.8,15.1,6.0,0,0,1347.07,normal,residencial,despejado,19,medio,dron
ENV-000106,4.27,22.76,77.2,35.1,32.4,87.79,0,0,1209.48,normal,centro,viento_fuerte,21,bajo,moto
ENV-000107,2.44,1.4,23.9,15.6,16.8,6.26,0,0,6684.13,normal,centro,lluvia,17,medio,moto
ENV-000108,13.2,8.34,71.4,31.0,29.3,64.85,0,0,144.11,normal,periferia,lluvia,10,bajo,moto
ENV-000109,4.23,0.67,18.3,11.0,12.1,2.44,0,0,183.05,normal,centro,despejado,20,medio,bicicleta
ENV-000110,17.31,4.1,52.0,26.3,18.4,25.16,0,0,1033.45,normal,periferia,despejado,5,bajo,moto
ENV-000111,22.72,7.44,41.9,27.6,13.5,15.61,1,0,485.54,normal,rural,despejado,7,alto,moto
ENV-000112,7.01,1.92,26.3,20.1,14.5,7.67,0,0,161.23,express,residencial,despejado,17,bajo,dron
ENV-000113,15.35,2.41,21.9,15.0,18.6,6.11,0,0,7025.03,mismo_dia,periferia,despejado,13,alto,moto
ENV-000114,13.77,11.65,32.3,22.8,41.8,30.78,0,0,2693.35,normal,periferia,despejado,14,bajo,moto
ENV-000115,3.23,3.92,30.6,28.9,16.3,14.41,0,0,221.41,express,residencial,lluvia,16,bajo,moto
ENV-000116,3.49,2.3,33.2,20.3,12.2,8.22,0,0,211.45,normal,centro,despejado,15,medio,bicicleta
ENV-000117,8.25,1.7,32.8,16.8,12.9,7.11,0,0,1589.38,normal,periferia,lluvia,11,medio,moto
ENV-000118,54.62,3.71,41.2,25.4,20.3,21.24,0,0,3573.72,normal,rural,despejado,6,bajo,camioneta
ENV-000119,0.51,8.8,37.1,27.6,39.7,40.65,0,0,2423.84,mismo_dia,centro,despejado,15,alto,moto
ENV-000120,16.69,2.9,42.3,23.3,17.2,16.95,1,0,3093.67,express,periferia,viento_fuerte,17,bajo,moto
ENV-000121,13.52,8.1,44.9,31.9,43.3,62.02,1,0,133.56,normal,residencial,lluvia,8,bajo,moto
ENV-000122,17.06,0.92,24.6,19.9,9.7,4.75,0,0,2302.61,express,periferia,despejado,7,medio,moto
ENV-000123,2.84,1.06,25.8,13.5,11.3,3.94,0,0,359.25,express,residencial,lluvia,18,alto,moto
ENV-000124,3.9,3.65,41.0,28.4,20.6,23.99,0,0,558.76,normal,centro,despejado,8,alto,bicicleta
ENV-000125,5.86,0.17,7.3,5.2,9.6,0.36,0,0,391.99,express,residencial,despejado,18,alto,dron
ENV-000126,19.13,1.83,26.2,18.7,12.9,6.32,0,0,3935.3,express,periferia,despejado,14,bajo,moto
ENV-000127,4.59,1.25,34.1,18.6,13.9,8.82,1,0,379.41,express,residencial,viento_fuerte,10,bajo,bicicleta
ENV-000128,7.5,1.65,31.4,25.1,13.0,10.25,0,0,188.25,normal,residencial,despejado,20,alto,dron
ENV-000129,3.4,0.63,20.8,10.1,7.4,1.55,0,0,1987.85,normal,centro,despejado,22,alto,moto
ENV-000130,2.54,1.58,19.2,14.3,8.8,2.42,0,0,1489.43,mismo_dia,centro,despejado,21,alto,moto
ENV-000131,6.51,1.87,29.1,18.7,8.8,4.79,0,0,109.7,normal,residencial,lluvia,2,bajo,moto
ENV-000132,2.57,0.48,17.2,7.8,10.2,1.37,0,0,1628.84,mismo_dia,centro,despejado,12,bajo,bicicleta
ENV-000133,6.33,5.02,43.0,25.4,27.5,30.04,1,0,629.24,express,residencial,despejado,1,bajo,moto
ENV-000134,8.58,0.34,18.5,12.7,5.3,1.25,0,0,212.53,normal,residencial,lluvia,9,alto,moto
ENV-000135,9.76,1.87,29.9,21.9,12.4,8.12,0,0,3807.8,normal,periferia,lluvia,15,alto,moto
ENV-000136,5.03,2.22,31.0,24.5,16.1,12.23,0,0,1012.12,mismo_dia,centro,despejado,13,alto,moto
ENV-000137,6.1,0.55,15.2,13.5,14.0,2.87,0,1,650.96,normal,residencial,lluvia,10,alto,camioneta
ENV-000138,10.28,4.84,46.7,33.4,20.1,31.35,1,0,163.28,express,residencial,lluvia,11,bajo,moto
ENV-000139,1.79,4.32,35.7,26.9,30.9,29.67,0,0,646.14,normal,centro,viento_fuerte,17,bajo,bicicleta
ENV-000140,4.45,0.27,14.4,13.0,8.0,1.5,0,0,580.95,normal,residencial,lluvia,12,medio,moto
ENV-000141,3.54,0.6,23.5,16.2,8.8,3.35,0,0,23490.09,normal,centro,lluvia,14,alto,moto
ENV-000142,39.59,0.66,18.6,13.7,9.9,2.52,0,0,501.15,express,rural,despejado,16,medio,moto
ENV-000143,11.67,6.07,39.5,27.6,16.5,17.99,0,0,1420.43,normal,periferia,viento_fuerte,11,medio,moto
ENV-000144,6.11,12.39,64.9,48.5,25.7,80.89,0,0,1969.32,mismo_dia,periferia,despejado,10,medio,moto
ENV-000145,4.98,1.81,34.4,17.1,19.7,11.59,0,0,2887.05,express,centro,despejado,11,bajo,bicicleta
ENV-000146,3.38,2.33,28.3,15.2,15.5,6.67,0,0,386.47,normal,residencial,despejado,16,medio,bicicleta
ENV-000147,6.29,1.61,21.3,9.9,11.7,2.47,0,0,806.61,express,residencial,despejado,17,bajo,dron
ENV-000148,3.22,11.97,45.6,51.4,39.4,92.35,0,0,890.29,normal,centro,lluvia,8,bajo,camioneta
ENV-000149,3.16,0.27,11.6,12.0,9.9,1.38,0,0,1282.15,normal,centro,despejado,22,medio,moto
ENV-000150,4.23,0.87,28.2,18.3,11.2,5.78,0,0,742.64,express,residencial,despejado,10,bajo,bicicleta
ENV-000151,22.18,7.15,42.1,25.8,42.8,46.49,0,0,243.21,mismo_dia,periferia,despejado,9,alto,moto
ENV-000152,39.61,0.96,24.8,19.4,10.3,4.96,0,1,1612.05,normal,rural,despejado,8,alto,camioneta
ENV-000153,7.95,2.74,37.9,25.5,18.0,17.4,0,0,250.48,mismo_dia,periferia,despejado,11,bajo,moto
ENV-000154,2.8,0.98,28.9,18.0,10.2,5.31,1,0,719.87,express,centro,despejado,12,bajo,bicicleta
ENV-000155,13.02,0.58,19.2,11.2,12.3,2.64,0,0,1343.61,normal,residencial,despejado,12,bajo,dron
ENV-000156,10.3,8.12,54.9,25.6,28.6,40.2,0,1,627.15,mismo_dia,residencial,despejado,15,alto,camioneta
ENV-000157,16.88,0.33,14.4,13.5,12.7,2.47,1,0,853.81,normal,periferia,lluvia,14,medio,moto
ENV-000158,31.84,2.45,27.0,17.6,13.7,6.51,0,0,289.03,express,rural,viento_fuerte,22,medio,moto
ENV-000159,10.01,1.77,18.7,13.7,14.4,3.69,0,0,1255.39,mismo_dia,residencial,despejado,15,alto,dron
ENV-000160,15.9,3.67,36.8,28.7,13.3,14.05,0,0,627.17,normal,periferia,lluvia,7,medio,moto
ENV-000161,33.21,2.05,27.2,16.2,22.2,9.78,0,0,317.84,normal,rural,despejado,13,medio,moto
ENV-000162,9.81,11.25,46.3,34.9,29.1,47.02,0,0,1742.31,express,residencial,despejado,16,bajo,moto
ENV-000163,1.96,4.9,34.8,23.5,39.3,32.14,1,0,543.09,mismo_dia,centro,lluvia,21,bajo,moto
ENV-000164,19.8,1.84,26.0,14.6,23.5,8.92,1,0,2000.23,normal,rural,despejado,16,bajo,moto
ENV-000165,7.61,11.14,67.4,40.1,25.5,68.92,0,0,756.31,normal,residencial,despejado,18,medio,moto
ENV-000166,1.66,0.15,10.8,5.6,5.1,0.31,0,0,604.67,express,centro,despejado,11,medio,bicicleta
ENV-000167,3.32,0.48,22.8,17.5,8.5,3.39,0,0,213.7,normal,residencial,despejado,12,medio,bicicleta
ENV-000168,10.23,0.38,15.7,12.1,12.8,2.43,0,0,2582.0,mismo_dia,periferia,despejado,7,alto,dron
ENV-000169,2.31,6.46,62.8,35.0,21.1,46.38,0,0,560.21,mismo_dia,centro,despejado,7,alto,moto
ENV-000170,0.65,3.34,32.0,23.4,15.0,11.23,0,0,3665.47,express,centro,despejado,13,alto,bicicleta
ENV-000171,3.19,7.57,43.5,36.6,28.6,45.53,1,0,676.29,express,centro,despejado,13,medio,moto
ENV-000172,1.31,33.03,84.5,49.3,33.6,139.97,1,0,1463.65,normal,centro,despejado,11,medio,camioneta
ENV-000173,14.19,0.28,12.9,6.8,6.8,0.6,0,0,5040.19,normal,periferia,despejado,11,alto,dron
ENV-000174,3.92,1.58,33.8,24.1,15.1,12.3,0,0,799.58,normal,centro,viento_fuerte,16,bajo,bicicleta
ENV-000175,11.29,0.53,17.9,10.7,17.3,3.31,0,0,1080.84,normal,residencial,despejado,16,medio,dron
ENV-000176,9.66,2.76,31.2,18.2,27.0,15.33,1,0,1527.43,normal,residencial,despejado,21,medio,moto
ENV-000177,0.9,1.38,29.0,14.3,18.5,7.67,1,0,2892.18,express,centro,despejado,9,alto,bicicleta
ENV-000178,2.81,0.94,21.0,13.5,9.2,2.61,0,0,2919.62,express,centro,lluvia,20,alto,moto
ENV-000179,48.67,1.33,26.3,17.1,20.2,9.08,0,0,472.64,mismo_dia,rural,despejado,14,medio,camioneta
ENV-000180,2.19,8.71,52.0,26.6,32.8,45.37,0,0,400.31,normal,centro,despejado,12,bajo,moto
ENV-000181,9.57,0.79,23.0,20.7,12.5,5.95,1,0,1066.7,normal,periferia,despejado,12,alto,dron
ENV-000182,3.49,3.56,32.6,25.3,15.9,13.11,0,0,4430.97,normal,residencial,despejado,14,medio,bicicleta
ENV-000183,2.48,0.89,27.9,13.5,13.6,5.12,0,0,158.76,normal,centro,despejado,11,medio,bicicleta
ENV-000184,2.28,1.06,25.0,12.7,12.3,3.91,0,0,1394.46,mismo_dia,centro,despejado,14,alto,bicicleta
ENV-000185,30.98,2.1,34.6,24.9,18.0,15.51,0,0,1261.57,mismo_dia,rural,despejado,7,medio,camioneta
ENV-000186,2.01,0.98,17.6,16.9,13.4,3.99,0,0,537.09,normal,centro,despejado,13,alto,bicicleta
ENV-000187,11.41,0.54,23.1,14.9,10.1,3.48,0,0,3125.86,express,residencial,lluvia,8,bajo,moto
ENV-000188,7.97,1.72,21.8,15.6,13.6,4.63,0,0,140.72,normal,residencial,despejado,8,medio,dron
ENV-000189,19.34,11.62,58.6,40.7,24.3,57.96,0,0,2243.24,normal,periferia,viento_fuerte,5,bajo,moto
ENV-000190,1.68,7.27,37.1,32.9,34.0,41.5,0,0,577.8,normal,centro,despejado,8,alto,moto
ENV-000191,9.47,2.57,39.6,29.7,13.3,15.64,0,1,288.73,mismo_dia,periferia,lluvia,15,medio,camioneta
ENV-000192,26.02,1.98,35.3,22.5,16.9,13.42,0,0,2379.05,express,periferia,lluvia,9,alto,moto
ENV-000193,3.45,0.67,23.3,15.7,11.2,4.1,0,1,1809.66,mismo_dia,residencial,lluvia,21,medio,camioneta
ENV-000194,4.79,0.34,19.8,10.3,13.1,2.67,0,0,298.26,normal,residencial,despejado,16,medio,bicicleta
ENV-000195,1.46,13.9,50.9,30.9,25.2,39.63,0,0,2035.45,normal,centro,despejado,5,bajo,moto
ENV-000196,11.51,8.04,34.2,25.5,42.1,36.72,0,0,527.88,mismo_dia,periferia,despejado,8,alto,moto
ENV-000197,8.81,4.84,38.1,20.9,23.9,19.03,1,0,50,express,periferia,despejado,15,medio,moto
ENV-000198,1.82,2.11,28.0,21.7,25.5,15.49,0,0,1480.03,mismo_dia,centro,despejado,13,alto,bicicleta
ENV-000199,22.79,12.03,43.5,27.6,16.5,19.81,0,0,4412.3,normal,periferia,despejado,9,medio,moto
ENV-000200,16.85,2.15,26.5,11.1,12.3,3.62,0,0,7034.01,express,periferia,despejado,11,bajo,moto
ENV-000201,3.52,2.92,32.9,23.5,13.2,10.21,1,0,365.82,normal,residencial,viento_fuerte,12,alto,bicicleta
ENV-000202,7.08,3.02,26.3,21.2,27.7,15.44,0,0,206.13,normal,residencial,despejado,12,medio,moto
ENV-000203,19.18,0.39,12.1,10.3,11.3,1.41,0,0,2407.55,normal,periferia,despejado,10,bajo,moto
ENV-000204,5.47,1.78,29.0,25.7,17.2,12.82,0,0,1240.12,normal,residencial,lluvia,16,alto,moto
ENV-000205,0.9,3.02,35.0,24.3,21.8,18.54,1,0,2415.02,normal,centro,despejado,9,medio,bicicleta
ENV-000206,22.46,2.95,38.5,20.7,15.7,12.51,1,0,4171.09,normal,periferia,viento_fuerte,9,alto,moto
ENV-000207,16.13,3.63,36.9,26.2,18.3,17.69,0,0,1820.67,express,periferia,despejado,9,alto,camioneta
ENV-000208,12.95,75.37,116.5,72.3,47.4,399.25,1,0,1145.34,normal,periferia,despejado,6,bajo,camioneta
ENV-000209,1.43,2.41,36.2,18.2,16.1,10.61,0,0,561.87,normal,centro,viento_fuerte,16,bajo,bicicleta
ENV-000210,9.42,0.77,22.2,14.9,8.1,2.68,0,0,576.46,mismo_dia,residencial,despejado,13,medio,dron
ENV-000211,1.36,0.88,28.2,17.7,11.2,5.59,0,0,1079.42,express,centro,despejado,8,medio,bicicleta
ENV-000212,25.52,3.0,30.6,28.5,24.4,21.28,0,0,1372.03,normal,periferia,viento_fuerte,19,alto,moto
ENV-000213,3.83,1.47,27.2,20.7,20.2,11.37,0,0,784.87,express,centro,despejado,13,alto,bicicleta
ENV-000214,10.71,0.53,22.9,15.0,11.2,3.85,0,0,11841.66,normal,periferia,despejado,20,alto,dron
ENV-000215,2.87,0.53,22.9,11.9,12.6,3.43,1,0,7289.24,normal,centro,despejado,5,bajo,moto
ENV-000216,5.59,5.67,36.7,25.9,47.5,45.15,1,0,1511.04,express,residencial,lluvia,17,bajo,moto
ENV-000217,3.49,0.4,13.8,12.1,10.7,1.79,0,0,50,normal,centro,lluvia,18,medio,moto
ENV-000218,3.88,1.24,25.0,21.5,11.8,6.34,0,0,778.69,normal,residencial,despejado,5,bajo,moto
ENV-000219,6.35,2.44,26.1,21.9,11.3,6.46,0,1,431.78,normal,residencial,despejado,15,alto,camioneta
ENV-000220,3.93,9.23,44.6,20.9,26.2,24.42,0,0,10773.68,normal,centro,lluvia,15,medio,moto
ENV-000221,4.69,0.52,13.3,13.2,10.7,1.88,0,0,596.75,normal,residencial,viento_fuerte,19,medio,bicicleta
ENV-000222,3.02,6.09,32.1,28.8,17.3,15.99,0,0,3372.23,mismo_dia,residencial,despejado,15,alto,bicicleta
ENV-000223,1.59,0.45,14.7,13.8,14.4,2.92,0,0,238.58,normal,residencial,lluvia,13,alto,bicicleta
ENV-000224,19.87,47.29,114.8,61.0,44.0,308.12,0,0,2693.88,normal,periferia,despejado,17,bajo,camioneta
ENV-000225,8.46,29.02,51.8,40.5,30.7,64.41,0,0,1375.39,mismo_dia,periferia,despejado,11,bajo,camioneta
ENV-000226,3.68,1.42,24.8,14.9,22.7,8.39,0,0,3063.67,normal,centro,despejado,11,bajo,bicicleta
ENV-000227,5.04,0.56,23.5,13.3,8.5,2.66,0,0,250.91,normal,centro,despejado,15,medio,bicicleta
ENV-000228,5.73,16.94,52.3,32.2,44.2,74.44,0,0,189.43,normal,residencial,despejado,17,bajo,moto
ENV-000229,0.98,0.84,19.1,9.4,12.6,2.26,0,0,295.93,mismo_dia,centro,despejado,10,bajo,camioneta
ENV-000230,39.06,1.46,19.5,19.6,17.6,6.73,0,0,517.39,express,rural,despejado,7,bajo,moto
ENV-000231,31.77,2.87,26.8,15.7,12.7,5.34,0,1,504.32,normal,rural,despejado,16,bajo,camioneta
ENV-000232,3.6,3.91,44.4,23.2,26.3,27.09,0,0,7066.39,normal,centro,despejado,10,alto,bicicleta
ENV-000233,13.13,1.92,29.2,13.9,14.1,5.72,0,0,1292.22,normal,periferia,viento_fuerte,10,medio,moto
ENV-000234,5.21,0.89,13.6,11.2,9.4,1.43,0,0,189.39,express,residencial,viento_fuerte,8,alto,bicicleta
ENV-000235,2.22,0.55,18.3,11.2,10.3,2.11,0,0,80.96,normal,centro,despejado,8,medio,bicicleta
ENV-000236,11.73,0.86,17.2,15.2,7.9,2.07,1,0,1415.99,normal,residencial,despejado,13,alto,dron
ENV-000237,6.49,2.7,28.1,23.1,30.8,19.99,1,0,1002.29,express,residencial,despejado,1,bajo,bicicleta
ENV-000238,20.19,0.2,10.7,7.9,3.7,0.31,0,0,109.85,normal,periferia,lluvia,20,alto,moto
ENV-000239,5.98,3.03,31.7,22.5,20.0,14.27,0,0,284.06,mismo_dia,residencial,lluvia,17,medio,camioneta
ENV-000240,8.77,0.82,15.3,14.8,10.1,2.29,0,0,8218.01,express,residencial,lluvia,11,bajo,moto
ENV-000241,3.9,6.19,24.9,21.8,19.0,10.31,0,0,1596.2,normal,residencial,despejado,10,bajo,bicicleta
ENV-000242,2.59,1.81,25.7,18.4,10.1,4.78,0,0,304.0,express,centro,despejado,19,medio,bicicleta
ENV-000243,8.58,1.35,21.3,17.1,19.8,7.21,0,0,520.44,mismo_dia,residencial,despejado,18,alto,dron
ENV-000244,3.31,2.09,20.7,10.7,15.4,3.41,0,0,740.32,normal,centro,despejado,10,medio,bicicleta
ENV-000245,4.22,1.13,29.7,18.3,10.9,5.92,0,0,272.74,normal,centro,despejado,21,medio,moto
ENV-000246,7.41,3.15,28.6,21.1,14.2,8.57,0,0,1314.02,normal,residencial,despejado,18,alto,moto
ENV-000247,12.64,0.31,11.7,7.6,10.6,0.94,0,0,4603.09,mismo_dia,periferia,despejado,3,medio,moto
ENV-000248,8.48,1.27,23.7,15.4,6.6,2.41,0,0,2014.68,express,periferia,despejado,16,alto,dron
ENV-000249,13.28,16.27,82.0,37.9,33.1,102.87,0,0,1006.26,normal,periferia,despejado,7,medio,camioneta
ENV-000250,8.28,1.0,27.8,20.5,9.9,5.64,0,0,1697.1,mismo_dia,residencial,despejado,16,medio,dron
ENV-000251,9.21,1.22,22.5,16.3,24.8,9.1,0,0,925.7,express,residencial,lluvia,9,bajo,moto
ENV-000252,1.98,7.4,38.2,23.4,19.4,17.34,0,0,153.39,normal,centro,despejado,20,alto,bicicleta
ENV-000253,1.31,0.13,10.0,6.7,4.5,0.3,1,0,3030.35,normal,centro,despejado,8,alto,bicicleta
ENV-000254,19.46,0.88,20.5,14.3,9.3,2.73,0,0,612.1,normal,periferia,despejado,7,alto,moto
ENV-000255,9.98,2.03,38.7,19.3,21.4,15.98,1,0,782.35,normal,residencial,despejado,19,bajo,moto
ENV-000256,6.48,0.18,15.8,10.2,8.6,1.39,0,0,3534.27,express,residencial,despejado,8,alto,bicicleta
ENV-000257,35.96,0.79,16.0,14.6,9.5,2.22,0,0,282.42,normal,rural,despejado,17,medio,moto
ENV-000258,8.9,2.7,31.6,18.0,27.4,15.59,0,0,1901.47,express,residencial,lluvia,15,alto,moto
ENV-000259,2.41,0.86,28.5,20.8,9.7,5.75,0,0,568.84,normal,centro,despejado,19,alto,bicicleta
ENV-000260,8.3,9.55,40.5,35.4,38.0,54.48,0,0,1376.06,normal,residencial,despejado,6,medio,moto
ENV-000261,13.82,4.31,51.1,22.1,25.2,28.46,0,0,2096.01,express,periferia,despejado,12,medio,moto
ENV-000262,2.43,59.35,85.2,66.2,47.2,266.22,0,0,1739.83,mismo_dia,centro,despejado,17,medio,camioneta
ENV-000263,4.59,48.87,58.8,55.2,36.8,119.44,1,0,228.55,normal,residencial,viento_fuerte,18,alto,camioneta
ENV-000264,14.28,1.64,28.9,21.1,12.7,7.74,0,0,444.54,normal,periferia,despejado,23,bajo,moto
ENV-000265,4.33,1.82,30.3,21.5,13.4,8.73,0,0,543.26,mismo_dia,residencial,despejado,20,alto,dron
ENV-000266,9.87,1.97,38.9,19.0,13.7,10.13,1,0,830.21,normal,residencial,despejado,9,alto,dron
ENV-000267,22.28,2.44,28.9,18.1,8.5,4.45,0,0,3939.02,normal,periferia,despejado,21,medio,moto
ENV-000268,10.94,0.55,12.6,12.8,7.9,1.27,0,0,471.02,normal,residencial,lluvia,17,bajo,moto
ENV-000269,48.42,2.18,34.6,27.7,17.4,16.68,1,0,328.7,normal,rural,despejado,16,medio,camioneta
ENV-000270,26.67,1.23,35.0,20.5,11.8,8.47,0,0,1564.2,normal,periferia,despejado,8,alto,moto
ENV-000271,16.04,0.73,17.5,14.0,10.6,2.6,0,0,2137.09,normal,periferia,despejado,3,alto,moto
ENV-000272,1.6,0.34,19.0,14.2,6.6,1.78,0,0,5130.09,express,residencial,despejado,15,alto,bicicleta
ENV-000273,2.51,1.18,25.2,18.7,14.7,6.93,0,0,652.18,normal,centro,despejado,17,alto,bicicleta
ENV-000274,11.84,3.95,30.6,23.9,21.0,15.36,0,0,2197.24,mismo_dia,residencial,despejado,7,medio,moto
ENV-000275,6.65,0.56,17.4,12.1,18.5,3.89,0,0,1339.04,express,residencial,despejado,15,alto,bicicleta
ENV-000276,9.61,4.02,35.7,19.6,11.8,8.26,0,0,804.44,express,residencial,despejado,17,alto,moto
ENV-000277,7.76,6.18,26.0,24.5,25.9,16.5,0,0,465.9,express,residencial,despejado,11,bajo,moto
ENV-000278,4.5,0.73,18.7,15.0,13.9,3.9,0,0,899.31,normal,centro,despejado,13,alto,bicicleta
ENV-000279,15.75,0.53,13.3,13.0,7.9,1.37,1,0,1168.0,normal,periferia,viento_fuerte,21,medio,moto
ENV-000280,2.86,15.73,85.3,40.3,36.5,125.47,0,0,1440.75,express,centro,despejado,13,alto,camioneta
ENV-000281,37.31,20.57,54.6,39.6,25.0,54.05,1,0,1571.19,mismo_dia,rural,lluvia,13,medio,moto
ENV-000282,24.4,11.24,63.5,32.3,32.5,66.66,0,0,122.05,express,rural,despejado,18,alto,moto
ENV-000283,18.46,0.52,16.4,17.3,11.6,3.29,0,0,1673.22,mismo_dia,periferia,despejado,18,alto,moto
ENV-000284,6.98,2.17,26.2,23.5,14.3,8.8,0,0,315.55,normal,residencial,despejado,18,alto,bicicleta
ENV-000285,16.03,0.32,12.0,10.3,11.2,1.38,0,0,1194.94,normal,periferia,despejado,7,alto,moto
ENV-000286,6.74,2.52,37.5,17.4,22.2,14.49,1,1,2352.41,express,residencial,viento_fuerte,13,alto,camioneta
ENV-000287,1.5,2.13,29.5,19.5,14.1,8.11,0,0,5954.01,express,centro,despejado,8,alto,bicicleta
ENV-000288,1.77,3.71,47.3,27.7,17.0,22.27,0,0,720.51,express,centro,despejado,10,bajo,bicicleta
ENV-000289,2.32,0.67,26.9,13.7,10.2,3.76,0,0,441.97,express,centro,despejado,21,bajo,moto
ENV-000290,4.8,1.4,21.9,16.9,9.9,3.66,0,0,203.93,express,residencial,despejado,15,alto,bicicleta
ENV-000291,1.5,2.65,41.5,27.9,14.3,16.56,0,0,1827.74,normal,centro,despejado,15,medio,bicicleta
ENV-000292,15.08,0.86,16.9,16.9,11.9,3.4,0,0,841.29,normal,periferia,despejado,9,bajo,moto
ENV-000293,1.23,0.99,18.1,14.3,19.2,4.97,0,0,279.01,normal,centro,lluvia,9,medio,moto
ENV-000294,3.8,0.37,12.1,10.1,8.6,1.05,0,0,64.09,normal,centro,despejado,14,alto,bicicleta
ENV-000295,9.39,3.19,37.4,18.4,24.7,17.0,0,0,1026.9,normal,residencial,viento_fuerte,7,alto,moto
ENV-000296,4.49,2.4,32.6,16.8,12.2,6.68,0,0,215.27,express,residencial,despejado,9,medio,bicicleta
ENV-000297,15.17,9.14,59.0,32.7,32.5,62.7,0,0,32796.05,normal,periferia,lluvia,10,medio,moto
ENV-000298,8.41,2.43,26.5,19.3,9.2,4.71,0,0,265.03,normal,residencial,lluvia,19,alto,moto
ENV-000299,6.25,0.69,18.0,16.8,14.1,4.26,1,0,1748.63,normal,residencial,despejado,12,bajo,bicicleta
ENV-000300,4.49,8.44,34.6,33.9,31.5,36.95,0,0,1618.68,express,residencial,despejado,13,alto,moto
ENV-000301,18.6,11.09,42.4,39.2,41.4,68.81,0,0,3507.48,normal,periferia,despejado,18,medio,camioneta
ENV-000302,2.74,1.04,30.5,18.0,9.0,4.94,0,0,232.72,express,residencial,despejado,17,alto,bicicleta
ENV-000303,33.07,4.61,30.7,21.6,42.3,28.05,0,0,450.85,normal,rural,despejado,17,bajo,moto
ENV-000304,2.2,0.92,21.3,19.2,14.3,5.85,1,0,1345.16,mismo_dia,centro,despejado,11,bajo,bicicleta
ENV-000305,1.71,3.78,35.2,24.5,21.0,18.11,0,0,307.25,mismo_dia,centro,despejado,8,medio,bicicleta
ENV-000306,33.89,1.75,29.1,22.7,19.5,12.88,0,0,288.71,normal,rural,despejado,14,medio,moto
ENV-000307,6.22,1.5,24.1,26.1,18.9,11.89,0,0,7574.79,normal,residencial,lluvia,22,bajo,moto
ENV-000308,8.89,59.94,78.4,61.9,30.4,147.53,0,0,363.4,normal,residencial,lluvia,8,medio,camioneta
ENV-000309,8.73,3.31,41.2,28.0,15.2,17.53,1,0,438.37,express,residencial,despejado,20,alto,moto
ENV-000310,4.48,0.59,15.4,13.9,13.2,2.83,0,0,3141.65,mismo_dia,residencial,despejado,9,medio,dron
ENV-000311,5.03,0.18,12.7,10.6,5.4,0.73,0,0,277.81,normal,centro,despejado,9,alto,bicicleta
ENV-000312,14.41,0.5,25.1,12.9,11.9,3.85,0,0,294.44,mismo_dia,periferia,viento_fuerte,12,medio,moto
ENV-000313,33.74,2.93,33.7,24.0,14.5,11.73,0,0,117.29,normal,rural,lluvia,19,alto,moto
ENV-000314,4.91,1.23,25.2,16.5,9.8,4.07,0,0,1374.39,express,centro,despejado,21,medio,moto
ENV-000315,32.78,1.12,17.2,13.5,10.7,2.48,0,0,430.41,express,rural,despejado,8,alto,moto
ENV-000316,7.78,0.36,12.6,11.1,8.8,1.23,0,0,380.14,express,residencial,despejado,8,medio,dron
ENV-000317,3.55,5.23,55.7,34.9,16.9,32.85,0,0,158.21,normal,centro,despejado,18,alto,bicicleta
ENV-000318,22.62,76.07,97.8,63.5,42.6,264.56,0,0,1743.39,express,periferia,despejado,12,bajo,camioneta
ENV-000319,39.46,0.61,24.8,10.7,10.6,2.81,0,0,1467.67,normal,rural,despejado,13,medio,moto
ENV-000320,10.19,3.01,18.4,12.8,20.2,4.76,0,0,5497.92,express,residencial,despejado,15,alto,moto
ENV-000321,16.29,3.53,47.0,27.9,18.4,24.13,0,0,2840.04,normal,periferia,despejado,6,medio,moto
ENV-000322,3.45,3.21,24.2,23.1,13.3,7.43,0,0,2600.45,normal,residencial,despejado,8,alto,bicicleta
ENV-000323,4.26,0.49,16.9,14.7,10.6,2.63,0,0,223.71,mismo_dia,centro,despejado,12,medio,bicicleta
ENV-000324,8.3,0.45,21.5,10.0,8.3,1.78,0,0,544.03,mismo_dia,residencial,lluvia,9,alto,moto
ENV-000325,2.84,4.4,26.9,20.8,16.7,9.34,1,1,176.72,normal,centro,lluvia,10,bajo,camioneta
ENV-000326,8.96,0.48,20.2,11.8,6.6,1.57,0,0,685.2,normal,residencial,despejado,11,medio,moto
ENV-000327,9.59,2.57,21.4,19.6,18.7,7.84,0,0,180.23,express,residencial,despejado,7,medio,camioneta
ENV-000328,3.65,2.26,40.9,24.0,12.6,12.37,0,0,3365.63,mismo_dia,centro,despejado,19,alto,bicicleta
ENV-000329,3.65,1.0,29.7,21.8,11.6,7.51,0,0,369.52,normal,centro,despejado,4,bajo,moto
ENV-000330,1.49,0.36,13.4,8.7,9.1,1.06,0,0,364.09,normal,centro,despejado,12,bajo,bicicleta
ENV-000331,2.68,1.0,28.2,18.2,9.9,5.08,0,0,618.68,normal,centro,despejado,10,medio,bicicleta
ENV-000332,5.46,3.63,29.3,17.2,17.9,9.02,0,0,1822.56,express,residencial,lluvia,17,alto,moto
ENV-000333,32.52,1.59,24.6,18.0,20.2,8.94,0,0,413.36,normal,rural,despejado,13,alto,moto
ENV-000334,1.75,1.43,14.6,14.1,14.7,3.03,0,0,2705.01,normal,centro,despejado,19,medio,bicicleta
ENV-000335,4.61,2.26,43.2,19.3,16.8,14.01,1,0,549.73,mismo_dia,residencial,despejado,16,bajo,bicicleta
ENV-000336,9.25,22.99,63.9,60.7,46.3,179.59,0,0,368.83,normal,residencial,despejado,11,medio,camioneta
ENV-000337,4.89,2.23,18.9,11.4,18.5,3.99,0,0,4262.98,normal,residencial,lluvia,8,alto,moto
ENV-000338,5.72,68.96,86.6,87.1,53.0,399.77,0,0,10870.44,normal,residencial,lluvia,8,alto,camioneta
ENV-000339,11.95,4.14,33.5,24.3,32.5,26.46,0,0,357.85,mismo_dia,periferia,despejado,16,bajo,moto
ENV-000340,1.21,0.47,23.5,14.3,8.7,2.92,0,0,1091.88,normal,centro,despejado,11,bajo,bicicleta
ENV-000341,7.54,0.84,13.4,13.4,11.7,2.1,0,0,339.66,express,residencial,despejado,15,medio,dron
ENV-000342,21.52,1.06,23.2,11.6,8.5,2.29,0,0,6271.23,normal,periferia,despejado,15,medio,moto
ENV-000343,38.9,12.67,29.4,34.2,25.1,25.24,0,0,6696.77,normal,rural,despejado,8,alto,moto
ENV-000344,8.75,4.26,46.6,25.2,24.4,28.65,0,0,2344.48,express,residencial,despejado,12,bajo,moto
ENV-000345,12.68,0.63,27.7,18.2,8.7,4.39,0,0,2457.45,express,residencial,despejado,10,bajo,camioneta
ENV-000346,7.57,3.78,24.1,22.6,17.2,9.37,0,0,172.91,express,periferia,despejado,17,medio,moto
ENV-000347,16.54,8.47,49.9,29.0,35.8,51.81,0,0,168.61,normal,periferia,despejado,21,medio,moto
ENV-000348,3.96,1.11,19.4,14.7,7.8,2.22,0,0,1818.36,normal,centro,despejado,3,bajo,moto
ENV-000349,12.32,41.4,68.2,41.2,49.2,138.24,0,0,197.59,express,residencial,despejado,17,medio,camioneta
ENV-000350,2.63,6.28,44.6,24.1,14.8,15.91,0,0,1945.64,normal,centro,lluvia,16,medio,moto
ENV-000351,7.0,27.04,60.2,42.0,70.4,178.0,1,0,587.39,normal,residencial,lluvia,10,alto,camioneta
ENV-000352,2.65,0.61,18.3,14.6,17.0,4.54,0,0,813.39,mismo_dia,residencial,despejado,18,alto,dron
ENV-000353,2.41,0.54,25.0,13.6,9.1,3.09,0,0,1594.56,normal,centro,despejado,7,alto,bicicleta
ENV-000354,5.69,56.06,106.0,53.4,39.3,222.45,1,0,217.91,normal,residencial,despejado,12,bajo,camioneta
ENV-000355,9.5,0.67,15.3,10.9,10.3,1.72,1,0,302.04,normal,periferia,despejado,13,alto,dron
ENV-000356,19.66,0.66,19.9,8.9,9.2,1.63,0,1,435.69,normal,periferia,despejado,21,bajo,camioneta
ENV-000357,5.89,2.05,35.2,21.5,16.4,12.41,0,0,1480.45,normal,residencial,despejado,12,bajo,bicicleta
ENV-000358,11.91,0.29,15.5,11.0,9.2,1.57,1,0,950.97,normal,residencial,despejado,17,alto,dron
ENV-000359,19.75,42.48,61.4,57.1,35.8,125.51,0,0,669.1,normal,periferia,despejado,9,alto,camioneta
ENV-000360,28.09,0.45,24.0,14.5,9.0,3.13,0,0,4483.92,normal,rural,despejado,7,alto,moto
ENV-000361,27.02,1.5,20.5,21.1,18.6,8.05,0,0,198.82,express,rural,despejado,20,bajo,moto
ENV-000362,5.34,3.66,29.0,24.9,26.6,19.21,0,0,152.48,normal,residencial,lluvia,14,medio,bicicleta
ENV-000363,11.27,30.72,80.5,38.8,51.0,159.29,0,0,896.33,express,periferia,viento_fuerte,21,alto,camioneta
ENV-000364,10.01,1.37,35.8,17.0,14.0,8.52,0,0,151.85,normal,periferia,despejado,13,alto,dron
ENV-000365,25.67,6.25,56.4,34.5,20.4,39.69,0,0,1071.22,normal,periferia,despejado,15,alto,moto
ENV-000366,2.22,1.54,26.9,22.6,14.6,8.88,1,0,564.82,mismo_dia,centro,despejado,7,medio,bicicleta
ENV-000367,4.49,3.81,27.7,26.3,18.7,13.62,0,0,292.61,normal,centro,despejado,13,alto,bicicleta
ENV-000368,3.26,3.39,36.8,27.3,21.6,21.7,0,0,431.28,mismo_dia,centro,despejado,10,medio,moto
ENV-000369,1.3,2.13,24.3,26.7,19.6,12.72,0,0,5121.49,normal,centro,despejado,5,bajo,moto
ENV-000370,5.06,1.95,32.4,17.4,22.6,12.74,0,0,177.97,mismo_dia,residencial,despejado,17,medio,bicicleta
ENV-000371,20.16,5.65,37.0,26.1,41.1,39.69,0,0,288.68,normal,periferia,despejado,20,medio,moto
ENV-000372,5.28,2.17,24.5,14.9,13.5,4.93,0,0,660.5,normal,residencial,despejado,9,medio,bicicleta
ENV-000373,1.44,2.37,27.7,25.9,16.3,11.69,0,0,6963.41,normal,centro,despejado,16,bajo,moto
ENV-000374,2.19,1.87,20.7,12.6,19.1,4.98,0,0,1117.86,normal,centro,despejado,16,alto,bicicleta
ENV-000375,9.2,0.89,15.3,13.2,17.0,3.43,0,0,6201.86,normal,residencial,despejado,16,alto,dron
ENV-000376,9.29,0.25,13.0,11.1,8.5,1.23,0,0,531.26,normal,residencial,despejado,19,medio,dron
ENV-000377,6.75,3.0,35.5,15.3,18.6,10.1,0,0,396.59,express,residencial,despejado,5,bajo,moto
ENV-000378,3.04,0.8,23.9,14.8,8.6,3.04,1,0,442.89,express,centro,despejado,12,alto,bicicleta
ENV-000379,8.12,0.36,12.9,10.7,11.3,1.56,0,0,618.72,normal,residencial,despejado,10,alto,dron
ENV-000380,5.49,1.47,21.6,14.9,7.0,2.25,1,0,1270.97,normal,residencial,despejado,12,bajo,bicicleta
ENV-000381,4.92,4.75,45.8,18.0,20.3,16.74,1,1,1020.15,normal,residencial,despejado,13,alto,camioneta
ENV-000382,13.52,7.29,56.9,41.6,21.1,49.94,0,0,5426.76,normal,residencial,lluvia,15,alto,moto
ENV-000383,3.71,1.75,28.8,14.0,19.4,7.82,0,0,4794.1,express,residencial,despejado,10,medio,bicicleta
ENV-000384,13.62,3.95,36.6,26.4,26.4,25.51,0,0,1731.14,mismo_dia,periferia,lluvia,20,alto,moto
ENV-000385,10.9,1.69,39.0,25.3,13.5,13.32,1,0,1983.62,normal,periferia,despejado,9,alto,moto
ENV-000386,6.1,2.34,26.3,16.4,17.1,7.38,0,0,175.7,express,residencial,despejado,8,medio,dron
ENV-000387,6.99,2.52,31.7,20.8,14.5,9.56,0,0,1831.68,normal,residencial,despejado,7,bajo,bicicleta
ENV-000388,3.01,8.8,34.5,34.6,30.1,35.93,0,0,185.47,normal,centro,despejado,7,alto,moto
ENV-000389,4.95,8.84,44.3,29.2,11.8,15.26,1,0,2821.22,normal,centro,despejado,14,alto,moto
ENV-000390,21.25,13.96,64.1,32.3,42.5,87.99,0,0,212.27,mismo_dia,periferia,viento_fuerte,17,medio,moto
ENV-000391,20.83,14.97,34.2,24.5,35.7,29.91,0,0,270.33,normal,periferia,despejado,5,bajo,moto
ENV-000392,25.12,0.72,18.5,16.0,12.0,3.55,0,0,1133.39,normal,periferia,despejado,13,bajo,moto
ENV-000393,8.32,0.53,11.9,8.7,8.9,0.92,0,0,746.18,normal,residencial,despejado,18,bajo,dron
ENV-000394,11.31,3.8,40.2,22.2,15.9,14.19,0,0,214.83,express,residencial,despejado,12,medio,moto
ENV-000395,24.47,0.78,18.7,14.4,10.7,2.88,0,0,1031.23,express,periferia,despejado,11,medio,moto
ENV-000396,1.12,0.75,14.5,10.9,16.7,2.64,0,0,1095.68,express,centro,despejado,17,bajo,bicicleta
ENV-000397,3.39,0.82,21.0,12.1,17.4,4.42,0,0,179.65,normal,centro,despejado,12,medio,bicicleta
ENV-000398,37.69,5.3,47.8,28.1,19.0,25.52,0,0,2542.37,normal,rural,despejado,14,medio,moto
ENV-000399,5.3,1.25,25.3,13.8,11.0,3.84,1,0,515.86,normal,residencial,viento_fuerte,12,medio,bicicleta
ENV-000400,4.08,1.17,17.9,15.9,8.4,2.39,0,0,277.23,express,residencial,viento_fuerte,14,alto,bicicleta
ENV-000401,48.77,1.37,22.3,23.3,16.2,8.42,0,0,465.36,normal,rural,despejado,19,alto,camioneta
ENV-000402,22.71,2.58,32.0,22.6,20.5,14.83,0,0,424.72,express,rural,lluvia,13,alto,moto
ENV-000403,27.91,2.16,24.6,19.2,25.1,11.86,0,0,315.08,express,periferia,lluvia,7,medio,moto
ENV-000404,4.89,4.59,39.1,23.9,33.9,31.68,0,0,235.78,normal,centro,lluvia,16,medio,moto
ENV-000405,11.9,0.28,19.9,8.4,9.6,1.6,1,0,452.68,express,residencial,lluvia,15,bajo,moto
ENV-000406,4.78,1.65,27.5,19.1,12.5,6.57,1,0,366.84,normal,residencial,lluvia,13,alto,bicicleta
ENV-000407,3.82,1.41,31.9,22.2,12.0,8.5,0,0,370.49,normal,residencial,lluvia,13,alto,moto
ENV-000408,28.79,0.44,15.3,11.4,8.8,1.53,0,0,1132.95,express,rural,despejado,8,medio,moto
ENV-000409,5.99,0.56,18.8,17.5,12.2,4.01,0,0,205.51,normal,residencial,despejado,19,medio,bicicleta
ENV-000410,1.28,9.94,35.1,38.7,30.7,41.7,0,0,162.15,normal,centro,despejado,15,medio,moto
ENV-000411,5.16,1.47,23.2,13.7,22.9,7.28,0,0,282.99,mismo_dia,centro,despejado,13,medio,bicicleta
ENV-000412,5.14,2.92,38.2,21.4,22.1,18.07,0,0,277.17,express,residencial,despejado,17,bajo,bicicleta
ENV-000413,15.95,0.83,20.5,10.1,10.3,2.13,1,0,720.24,normal,periferia,despejado,12,alto,moto
ENV-000414,4.12,0.54,21.1,12.3,12.7,3.3,0,0,1851.25,normal,residencial,lluvia,12,alto,moto
ENV-000415,2.65,1.12,22.4,17.4,8.5,3.31,0,0,275.8,normal,centro,despejado,10,medio,bicicleta
ENV-000416,17.05,0.56,17.6,15.9,10.7,2.99,0,0,334.71,mismo_dia,periferia,despejado,19,alto,moto
ENV-000417,6.09,1.88,29.8,23.9,12.9,9.19,0,0,12110.2,express,residencial,despejado,18,alto,dron
ENV-000418,2.95,6.78,41.9,18.5,23.3,18.06,1,0,212.87,normal,centro,viento_fuerte,12,medio,bicicleta
ENV-000419,24.58,3.12,41.2,26.1,13.3,14.3,1,0,53.42,mismo_dia,periferia,despejado,18,bajo,moto
ENV-000420,3.14,70.24,92.3,77.7,55.7,399.46,0,0,3656.21,express,centro,despejado,19,alto,camioneta
ENV-000421,5.35,2.02,39.1,16.4,20.0,12.82,0,0,2030.65,normal,residencial,despejado,10,bajo,bicicleta
ENV-000422,12.35,23.84,64.6,30.9,32.8,65.47,1,0,489.81,normal,periferia,lluvia,6,medio,moto
ENV-000423,8.14,1.31,24.3,13.6,11.4,3.77,0,0,837.29,express,residencial,despejado,18,alto,dron
ENV-000424,6.06,2.34,36.4,27.5,14.2,14.21,0,0,378.65,normal,residencial,despejado,1,bajo,moto
ENV-000425,13.07,2.04,41.8,21.4,14.9,13.33,0,0,1451.68,normal,residencial,viento_fuerte,3,medio,moto
ENV-000426,13.12,1.13,15.9,13.9,10.7,2.36,0,0,660.3,express,periferia,viento_fuerte,18,medio,moto
ENV-000427,23.56,3.97,26.7,23.9,25.3,16.14,0,0,1917.23,normal,periferia,lluvia,17,medio,moto
ENV-000428,8.36,1.1,20.1,23.1,16.1,7.48,0,0,739.44,express,residencial,despejado,12,bajo,camioneta
ENV-000429,6.42,45.5,72.1,72.9,54.7,287.51,0,0,302.2,normal,residencial,lluvia,19,alto,camioneta
ENV-000430,10.97,1.88,32.5,17.2,24.0,13.42,0,0,406.11,normal,residencial,despejado,14,medio,moto
ENV-000431,1.58,5.6,43.7,33.9,16.9,25.04,0,0,196.44,normal,centro,despejado,19,alto,bicicleta
ENV-000432,4.55,8.76,45.0,30.8,12.7,17.6,0,0,1182.52,express,residencial,despejado,17,medio,moto
ENV-000433,4.53,8.2,41.1,32.8,20.0,26.96,0,0,182.54,express,residencial,despejado,15,bajo,moto
ENV-000434,10.76,1.99,22.7,15.6,14.6,5.17,1,0,2368.41,normal,periferia,lluvia,15,alto,moto
ENV-000435,12.88,7.67,43.9,39.6,22.0,38.25,0,0,50,express,periferia,viento_fuerte,7,medio,moto
ENV-000436,8.68,3.2,29.7,22.7,23.6,15.91,0,0,2880.4,normal,residencial,lluvia,17,bajo,moto
ENV-000437,1.9,2.01,29.0,15.6,23.2,10.5,0,0,2159.23,normal,centro,despejado,15,medio,bicicleta
ENV-000438,3.01,3.52,25.3,20.6,20.8,10.84,0,0,2438.86,express,centro,despejado,15,alto,bicicleta
ENV-000439,16.29,3.85,31.2,33.0,25.7,26.46,1,0,8585.77,normal,periferia,lluvia,18,alto,moto
ENV-000440,1.96,1.09,25.6,19.8,13.0,6.59,0,0,424.26,normal,centro,despejado,17,medio,bicicleta
ENV-000441,8.95,0.39,17.0,11.5,14.4,2.82,1,1,452.85,mismo_dia,residencial,despejado,18,alto,camioneta
ENV-000442,7.21,6.83,41.3,32.7,23.5,31.74,0,0,1824.7,normal,residencial,despejado,6,bajo,moto
ENV-000443,13.92,57.58,103.6,61.6,62.7,400.14,0,0,2423.39,normal,periferia,despejado,21,medio,camioneta
ENV-000444,28.72,9.56,71.5,31.8,31.4,71.39,0,0,759.57,mismo_dia,rural,despejado,10,bajo,moto
ENV-000445,0.63,1.52,30.3,21.6,12.4,8.12,0,0,1195.95,normal,centro,despejado,22,bajo,moto
ENV-000446,11.31,73.6,98.8,55.9,64.2,354.57,1,0,283.84,express,periferia,despejado,17,medio,camioneta
ENV-000447,27.21,1.38,20.2,13.8,20.1,5.6,0,0,1119.71,express,rural,despejado,15,medio,moto
ENV-000448,7.54,0.55,16.3,13.6,14.2,3.15,0,0,50,normal,residencial,despejado,10,medio,dron
ENV-000449,3.58,55.59,119.7,65.9,50.7,399.93,0,0,965.91,normal,centro,despejado,21,medio,camioneta
ENV-000450,21.55,2.87,33.2,21.2,21.0,14.78,0,0,1259.72,express,periferia,lluvia,14,alto,moto
ENV-000451,2.33,5.96,55.6,24.5,23.7,32.28,0,0,3997.71,express,centro,viento_fuerte,15,alto,bicicleta
ENV-000452,2.95,0.6,23.6,15.1,11.9,4.24,1,0,2721.52,mismo_dia,centro,viento_fuerte,15,medio,bicicleta
ENV-000453,3.18,0.58,19.0,11.2,6.7,1.43,0,0,972.3,normal,centro,despejado,17,medio,bicicleta
ENV-000454,38.79,4.31,26.8,15.9,18.4,7.84,1,0,826.61,normal,rural,despejado,17,medio,moto
ENV-000455,6.84,1.4,23.9,19.5,23.3,10.86,0,0,123.95,express,residencial,lluvia,10,bajo,moto
ENV-000456,2.65,55.77,86.4,45.9,40.3,159.82,0,0,836.92,express,centro,despejado,15,alto,camioneta
ENV-000457,6.06,2.48,16.4,15.0,16.8,4.13,0,0,5609.09,normal,residencial,despejado,16,bajo,bicicleta
ENV-000458,5.4,5.03,37.6,30.9,15.6,18.12,0,0,946.13,normal,periferia,lluvia,15,bajo,moto
ENV-000459,15.22,20.9,70.1,35.2,27.4,67.61,0,0,10236.8,express,periferia,lluvia,11,bajo,moto
ENV-000460,11.41,7.78,53.9,32.9,34.9,61.89,0,0,300.29,mismo_dia,periferia,lluvia,12,medio,moto
ENV-000461,3.55,3.81,31.5,25.0,29.7,23.39,0,0,821.2,express,residencial,lluvia,12,medio,moto
ENV-000462,8.75,1.01,27.4,20.5,10.7,6.01,0,0,4069.6,normal,residencial,despejado,9,alto,dron
ENV-000463,18.39,5.36,35.0,16.8,17.7,10.41,0,0,4032.83,normal,periferia,despejado,13,medio,moto
ENV-000464,8.54,0.86,22.0,14.0,10.1,3.11,0,0,391.4,normal,residencial,despejado,13,alto,dron
ENV-000465,3.19,0.28,17.5,10.7,10.7,2.0,0,0,2154.28,express,centro,despejado,13,bajo,bicicleta
ENV-000466,5.15,1.88,23.8,14.7,15.8,5.53,0,0,1127.8,mismo_dia,residencial,despejado,23,medio,moto
ENV-000467,8.91,13.64,43.8,26.5,20.7,24.03,1,0,9346.56,normal,residencial,viento_fuerte,12,alto,moto
ENV-000468,13.86,0.34,16.7,10.9,6.7,1.22,0,0,2596.48,express,periferia,lluvia,17,bajo,moto
ENV-000469,11.69,1.31,31.3,15.6,15.1,7.37,0,0,569.87,normal,residencial,despejado,18,alto,dron
ENV-000470,24.11,4.06,31.7,18.9,25.1,15.04,0,0,3921.11,mismo_dia,periferia,despejado,11,medio,moto
ENV-000471,4.38,3.74,41.5,26.4,11.7,12.82,0,0,367.31,normal,centro,despejado,13,alto,bicicleta
ENV-000472,11.92,2.16,29.5,26.2,16.8,12.98,0,0,2013.73,normal,residencial,lluvia,16,medio,moto
ENV-000473,6.54,0.45,23.6,12.9,8.5,2.59,0,0,431.97,mismo_dia,residencial,despejado,16,bajo,dron
ENV-000474,15.86,5.92,37.4,38.7,32.0,46.32,1,0,647.32,normal,periferia,viento_fuerte,14,alto,moto
ENV-000475,8.83,4.66,46.5,22.0,20.9,21.38,0,0,256.03,normal,residencial,despejado,10,bajo,moto
ENV-000476,3.56,79.11,63.1,42.7,46.5,125.29,0,0,125.13,normal,residencial,despejado,17,medio,camioneta
ENV-000477,20.38,5.29,53.9,35.3,15.4,29.3,0,0,62.63,express,periferia,despejado,17,bajo,moto
ENV-000478,25.23,0.74,21.5,11.5,7.3,1.8,1,0,618.27,express,periferia,lluvia,17,bajo,moto
ENV-000479,17.96,0.77,19.2,13.9,12.0,3.2,0,0,781.82,normal,periferia,despejado,13,medio,moto
ENV-000480,2.81,78.01,86.9,65.7,54.6,311.73,0,0,3456.61,express,residencial,despejado,18,alto,camioneta
ENV-000481,15.68,2.45,36.8,16.2,16.4,9.78,0,0,523.86,normal,periferia,despejado,10,alto,moto
ENV-000482,23.69,6.65,36.2,19.4,14.8,10.39,0,0,68.31,normal,periferia,despejado,18,medio,moto
ENV-000483,5.42,4.57,40.6,35.3,20.5,29.38,0,0,831.74,normal,residencial,despejado,8,bajo,bicicleta
ENV-000484,7.05,10.67,27.0,20.7,34.0,19.0,1,0,811.98,express,residencial,despejado,18,medio,moto
ENV-000485,3.76,2.06,36.9,20.1,17.2,12.76,0,1,468.69,mismo_dia,residencial,lluvia,5,alto,camioneta
ENV-000486,6.16,0.23,12.4,7.3,7.7,0.7,0,0,366.1,normal,residencial,despejado,22,medio,moto
ENV-000487,22.24,0.36,13.3,11.5,6.7,1.02,0,0,294.94,normal,periferia,despejado,12,bajo,moto
ENV-000488,20.81,1.16,25.0,16.1,13.1,5.27,0,0,314.29,mismo_dia,periferia,despejado,19,alto,moto
ENV-000489,9.58,3.82,26.5,17.4,20.5,9.45,0,0,2539.53,express,residencial,despejado,17,medio,camioneta
ENV-000490,29.76,2.72,36.9,23.6,23.0,20.03,0,0,2040.41,normal,rural,viento_fuerte,8,medio,moto
ENV-000491,49.07,1.83,33.5,27.2,13.0,11.85,0,0,114.41,express,rural,despejado,11,bajo,camioneta
ENV-000492,11.74,0.48,19.3,12.9,6.6,1.64,0,0,551.87,normal,residencial,viento_fuerte,11,alto,moto
ENV-000493,5.33,4.4,25.9,28.7,21.7,16.13,0,0,249.06,normal,residencial,despejado,20,bajo,bicicleta
ENV-000494,2.09,1.54,37.7,24.7,11.1,10.34,1,0,420.56,normal,centro,despejado,19,bajo,bicicleta
ENV-000495,12.91,2.8,37.8,18.5,23.4,16.36,0,0,1311.88,normal,residencial,despejado,7,alto,moto
ENV-000496,15.32,6.21,42.3,22.2,28.9,27.14,0,0,385.5,express,periferia,despejado,21,bajo,moto
ENV-000497,1.99,16.61,43.0,27.8,46.2,55.23,1,0,514.46,mismo_dia,centro,despejado,13,alto,moto
ENV-000498,9.1,0.55,16.0,12.2,11.0,2.15,0,0,1556.63,mismo_dia,residencial,despejado,14,alto,dron
ENV-000499,14.15,0.77,24.7,17.2,7.8,3.31,0,1,739.79,normal,periferia,despejado,8,alto,camioneta
ENV-000500,7.01,6.49,43.0,25.3,34.7,37.75,0,0,863.49,normal,residencial,despejado,21,medio,moto
ENV-000501,6.06,0.46,13.0,11.4,14.3,2.12,0,0,7692.91,mismo_dia,residencial,despejado,9,alto,dron
ENV-000502,10.12,5.39,45.6,23.8,17.6,19.1,0,0,1322.48,normal,residencial,despejado,8,medio,moto
ENV-000503,7.53,9.15,54.4,25.5,23.4,32.46,0,0,511.19,mismo_dia,residencial,despejado,18,medio,moto
ENV-000504,3.26,0.73,24.4,16.0,14.9,5.82,0,0,714.48,express,centro,despejado,8,alto,bicicleta
ENV-000505,5.71,4.5,37.1,31.8,21.7,25.6,0,0,728.48,normal,residencial,despejado,5,medio,moto
ENV-000506,3.06,10.18,39.9,29.9,43.2,51.54,0,0,1743.58,normal,residencial,lluvia,8,alto,moto
ENV-000507,0.82,1.71,17.3,13.7,20.1,4.76,1,0,893.17,normal,centro,despejado,13,medio,bicicleta
ENV-000508,14.29,1.72,36.5,25.8,14.2,13.37,0,0,2457.49,express,periferia,lluvia,8,medio,moto
ENV-000509,22.03,1.51,33.8,17.9,19.7,11.92,0,0,2129.35,express,periferia,lluvia,13,alto,moto
ENV-000510,1.08,0.8,19.0,16.3,18.6,5.76,0,0,3885.58,normal,centro,viento_fuerte,3,medio,moto
ENV-000511,15.46,2.74,39.1,21.3,15.6,12.99,1,0,1730.47,normal,periferia,despejado,21,medio,moto
ENV-000512,21.82,9.11,50.6,21.8,24.8,27.36,0,0,105.41,normal,periferia,despejado,11,medio,moto
ENV-000513,19.96,2.24,31.5,24.3,12.6,9.64,0,0,1950.48,normal,periferia,despejado,10,bajo,moto
ENV-000514,11.71,0.58,15.3,7.9,10.8,1.31,0,0,327.64,express,periferia,despejado,7,bajo,dron
ENV-000515,27.65,0.29,19.3,14.1,6.8,1.85,0,0,1426.99,express,rural,despejado,21,medio,moto
ENV-000516,3.14,2.58,26.9,21.9,17.3,10.19,0,0,5702.06,normal,residencial,despejado,20,alto,bicicleta
ENV-000517,14.17,0.78,14.1,13.1,8.8,1.63,0,0,1195.72,normal,residencial,despejado,15,bajo,dron
ENV-000518,2.07,6.09,40.4,25.5,36.8,37.91,0,0,494.24,mismo_dia,centro,despejado,13,medio,bicicleta
ENV-000519,4.32,1.92,41.3,17.8,17.6,12.94,0,0,114.26,express,centro,despejado,8,medio,bicicleta
ENV-000520,18.33,2.03,27.6,17.7,31.4,15.34,1,0,990.47,normal,periferia,viento_fuerte,7,medio,moto
ENV-000521,7.1,51.47,78.3,46.8,45.3,166.0,0,0,138.3,normal,residencial,despejado,18,medio,camioneta
ENV-000522,10.74,4.71,35.4,26.1,40.4,37.33,0,0,2494.97,express,residencial,despejado,15,alto,moto
ENV-000523,33.82,2.06,37.0,20.1,19.8,14.73,1,0,542.54,express,rural,lluvia,13,alto,moto
ENV-000524,11.79,1.81,37.9,22.5,13.6,11.6,0,0,259.35,express,residencial,viento_fuerte,14,alto,moto
ENV-000525,30.16,0.9,21.4,17.4,14.3,5.32,0,0,5889.94,normal,rural,despejado,16,bajo,moto
ENV-000526,3.09,0.17,13.6,9.4,9.0,1.15,0,0,464.27,normal,centro,despejado,16,alto,bicicleta
ENV-000527,5.27,3.08,25.5,16.2,16.4,6.77,0,0,140.6,normal,residencial,despejado,8,medio,bicicleta
ENV-000528,1.95,4.09,40.2,25.7,29.9,30.89,0,0,3795.04,normal,centro,despejado,3,medio,moto
ENV-000529,24.22,0.9,25.1,15.1,16.7,6.33,0,0,1589.35,express,periferia,despejado,18,alto,camioneta
ENV-000530,6.1,0.96,19.0,13.4,15.6,3.97,0,1,2617.51,express,residencial,despejado,9,alto,camioneta
ENV-000531,23.93,1.16,29.7,15.5,9.8,4.51,0,0,3778.11,express,periferia,despejado,8,alto,moto
ENV-000532,12.81,1.02,20.2,12.7,19.3,4.95,0,0,4387.87,mismo_dia,periferia,despejado,6,medio,dron
ENV-000533,10.78,2.05,22.4,16.4,26.7,9.81,1,0,4021.85,normal,periferia,despejado,5,bajo,moto
ENV-000534,9.94,1.35,25.2,20.9,10.6,5.58,0,0,6319.04,normal,residencial,despejado,20,medio,dron
ENV-000535,6.08,1.34,17.4,13.2,9.4,2.16,0,0,1241.72,normal,residencial,despejado,8,alto,bicicleta
ENV-000536,24.4,0.48,18.9,11.4,8.9,1.92,0,0,749.42,normal,periferia,viento_fuerte,14,medio,moto
ENV-000537,2.45,1.67,18.5,17.0,17.8,5.6,0,0,2368.79,normal,centro,viento_fuerte,7,alto,bicicleta
ENV-000538,2.7,2.45,28.7,25.0,23.5,16.86,1,0,2187.18,normal,residencial,despejado,9,alto,bicicleta
ENV-000539,45.98,0.78,29.5,15.4,12.5,5.68,0,0,1432.13,express,rural,lluvia,15,alto,camioneta
ENV-000540,21.03,4.02,43.6,33.9,18.6,27.49,0,0,131.57,normal,rural,lluvia,9,alto,moto
ENV-000541,14.86,0.65,18.1,7.8,7.8,1.1,0,0,1086.49,express,periferia,despejado,9,alto,dron
ENV-000542,2.88,8.98,41.5,32.7,52.5,71.25,0,0,2278.26,express,centro,despejado,7,alto,moto
ENV-000543,2.41,0.38,18.2,14.3,8.1,2.11,0,0,2140.7,normal,centro,despejado,10,bajo,bicicleta
ENV-000544,10.04,6.66,34.5,22.4,31.3,24.19,0,0,184.75,normal,residencial,despejado,8,bajo,moto
ENV-000545,7.75,0.78,12.4,8.8,12.3,1.34,0,0,221.46,express,residencial,despejado,6,bajo,dron
ENV-000546,8.82,66.99,98.2,69.5,58.6,399.94,0,0,382.51,express,residencial,lluvia,22,bajo,camioneta
ENV-000547,8.41,2.04,44.1,24.7,13.6,14.81,0,0,575.05,normal,residencial,despejado,15,alto,moto
ENV-000548,49.37,1.02,23.9,15.0,15.2,5.45,0,0,401.68,normal,rural,despejado,15,bajo,camioneta
ENV-000549,12.74,2.29,39.1,24.3,11.5,10.93,0,0,1274.95,normal,periferia,despejado,15,medio,dron
ENV-000550,3.7,4.55,46.1,21.5,19.3,19.13,0,0,970.34,normal,centro,viento_fuerte,8,bajo,moto
ENV-000551,13.59,6.88,44.5,32.4,23.0,33.16,1,0,3205.91,normal,periferia,despejado,17,bajo,moto
ENV-000552,6.85,2.52,42.7,23.9,17.4,17.76,0,0,1296.1,express,residencial,despejado,18,alto,bicicleta
ENV-000553,1.76,1.44,21.0,17.9,24.3,9.13,1,0,3072.7,normal,centro,despejado,12,bajo,bicicleta
ENV-000554,2.63,0.16,19.4,9.6,6.9,1.29,0,1,465.02,normal,residencial,despejado,13,alto,camioneta
ENV-000555,3.01,0.52,25.8,11.0,11.7,3.32,0,0,9225.18,normal,centro,despejado,16,alto,bicicleta
ENV-000556,16.69,1.67,28.3,18.6,8.0,4.21,1,0,1268.6,express,rural,despejado,9,medio,moto
ENV-000557,16.89,6.35,36.1,27.0,19.8,19.3,0,0,4195.88,express,periferia,despejado,11,medio,moto
ENV-000558,18.8,7.23,46.0,40.5,30.3,56.45,1,0,476.39,normal,periferia,despejado,9,medio,moto
ENV-000559,13.3,2.09,38.8,17.8,17.6,12.16,0,0,283.86,normal,residencial,despejado,11,bajo,moto
ENV-000560,10.55,1.76,32.2,22.5,16.0,11.59,0,0,330.85,normal,periferia,despejado,11,medio,dron
ENV-000561,16.07,0.64,25.9,11.5,14.3,4.26,0,0,11118.63,express,periferia,despejado,14,alto,moto
ENV-000562,20.33,1.18,23.4,15.7,8.8,3.23,0,0,223.15,express,periferia,despejado,12,medio,moto
ENV-000563,4.95,2.28,21.9,19.8,21.9,9.5,1,0,1141.05,normal,residencial,despejado,13,alto,bicicleta
ENV-000564,1.46,5.88,51.5,23.1,27.6,32.83,0,0,1840.05,normal,centro,despejado,16,medio,bicicleta
ENV-000565,2.36,2.5,23.0,15.7,22.8,8.23,1,0,196.74,express,residencial,despejado,17,medio,dron
ENV-000566,33.68,42.47,92.1,68.2,33.5,210.42,0,0,281.12,express,rural,despejado,7,alto,camioneta
ENV-000567,47.77,24.1,69.7,51.4,28.7,102.82,0,0,586.47,normal,rural,viento_fuerte,10,bajo,camioneta
ENV-000568,25.47,1.35,30.6,14.8,15.8,7.16,0,0,4417.02,express,periferia,lluvia,13,alto,moto
ENV-000569,10.63,3.9,39.6,28.3,19.6,21.97,0,0,515.72,normal,residencial,lluvia,6,medio,moto
ENV-000570,3.67,1.69,33.4,19.9,11.1,7.38,0,1,262.35,normal,centro,despejado,6,medio,camioneta
ENV-000571,6.84,0.19,15.8,8.3,6.9,0.9,0,1,2867.67,express,residencial,despejado,12,medio,camioneta
ENV-000572,9.92,7.6,30.0,18.8,24.5,13.82,0,1,720.33,normal,residencial,despejado,14,alto,camioneta
ENV-000573,16.12,0.81,31.3,19.4,9.8,5.95,0,0,963.24,mismo_dia,periferia,despejado,9,alto,moto
ENV-000574,8.59,2.22,29.3,19.9,22.2,12.94,0,0,15323.97,normal,residencial,despejado,2,alto,moto
ENV-000575,31.29,4.4,48.5,27.2,22.1,29.15,1,0,3324.09,normal,rural,despejado,14,medio,moto
ENV-000576,1.96,2.42,31.5,15.3,16.5,7.95,0,0,241.06,mismo_dia,centro,despejado,15,alto,bicicleta
ENV-000577,3.61,3.56,38.1,26.1,22.0,21.88,1,0,444.97,express,centro,despejado,19,medio,bicicleta
ENV-000578,12.79,4.43,32.9,15.3,13.7,6.9,0,0,542.44,express,residencial,despejado,3,medio,moto
ENV-000579,48.99,15.54,59.2,34.7,30.6,62.86,0,0,6641.27,express,rural,despejado,19,bajo,camioneta
ENV-000580,5.75,3.8,33.0,17.2,19.4,11.01,0,0,5247.15,normal,centro,despejado,9,medio,bicicleta
ENV-000581,3.57,0.88,33.1,21.4,9.4,6.66,0,0,2699.69,express,residencial,despejado,6,alto,bicicleta
ENV-000582,6.53,3.05,40.9,20.8,23.1,19.65,0,0,229.54,mismo_dia,residencial,despejado,9,alto,moto
ENV-000583,1.02,0.92,18.3,11.0,8.4,1.69,1,0,1259.38,express,centro,despejado,16,medio,bicicleta
ENV-000584,16.82,3.96,40.4,27.2,18.3,20.11,0,0,2494.48,normal,periferia,despejado,16,medio,moto
ENV-000585,13.21,1.0,22.7,15.5,7.7,2.71,0,0,5749.31,normal,residencial,despejado,10,bajo,dron
ENV-000586,13.23,4.46,36.2,23.6,15.3,13.07,0,0,319.61,express,periferia,despejado,11,bajo,moto
ENV-000587,3.86,1.41,23.4,9.9,11.9,2.76,0,0,325.02,normal,centro,despejado,13,alto,bicicleta
ENV-000588,2.67,77.55,83.7,49.9,85.6,357.52,0,0,806.97,express,residencial,lluvia,18,alto,camioneta
ENV-000589,7.97,0.81,22.5,16.6,15.4,5.75,0,0,1053.48,normal,residencial,despejado,17,alto,dron
ENV-000590,3.99,4.59,40.6,26.3,23.9,25.52,0,0,1697.43,normal,residencial,despejado,5,bajo,moto
ENV-000591,11.12,2.17,25.3,17.3,7.8,3.41,0,1,264.09,express,periferia,despejado,8,medio,camioneta
ENV-000592,2.03,77.67,92.7,56.8,76.0,400.17,0,0,404.4,normal,centro,despejado,11,medio,camioneta
ENV-000593,4.42,0.51,21.6,12.0,13.4,3.47,0,0,1003.11,express,residencial,lluvia,15,medio,moto
ENV-000594,32.1,2.51,35.0,26.4,17.1,15.8,0,0,177.88,normal,rural,lluvia,14,alto,moto
ENV-000595,3.32,0.97,19.1,16.0,18.6,5.68,0,0,708.65,normal,centro,despejado,19,medio,bicicleta
ENV-000596,25.72,2.41,29.1,18.8,13.3,7.28,0,0,1335.75,express,periferia,despejado,17,alto,moto
ENV-000597,7.46,0.67,21.8,18.3,9.3,3.71,0,0,2502.59,normal,residencial,despejado,17,bajo,dron
ENV-000598,6.72,1.94,35.0,22.0,17.9,13.78,0,0,833.71,mismo_dia,residencial,despejado,13,alto,moto
ENV-000599,0.88,1.17,27.8,13.7,18.3,6.97,0,0,476.59,normal,centro,viento_fuerte,7,medio,bicicleta
ENV-000600,5.3,1.44,22.0,12.3,10.7,2.9,0,0,2928.9,normal,residencial,despejado,13,medio,bicicleta
ENV-000601,6.19,9.13,40.3,34.7,20.9,29.23,0,0,442.1,normal,residencial,despejado,10,medio,moto
ENV-000602,1.8,1.38,22.4,18.5,22.2,9.2,0,0,1863.2,normal,centro,despejado,11,bajo,bicicleta
ENV-000603,2.05,0.4,15.2,7.4,7.3,0.82,0,0,894.24,express,residencial,lluvia,11,medio,moto
ENV-000604,11.67,0.1,13.1,8.1,6.7,0.71,0,0,63.47,normal,residencial,viento_fuerte,17,medio,moto
ENV-000605,12.94,0.84,13.2,13.0,11.1,1.9,0,1,265.76,express,periferia,lluvia,22,bajo,camioneta
ENV-000606,2.23,0.95,23.2,16.7,11.4,4.42,0,0,317.4,express,centro,despejado,12,medio,bicicleta
ENV-000607,2.48,5.49,36.7,28.2,40.7,42.12,0,0,113.2,mismo_dia,centro,despejado,18,alto,moto
ENV-000608,2.93,2.54,34.3,22.6,13.5,10.46,0,0,951.97,normal,centro,despejado,8,medio,bicicleta
ENV-000609,5.07,2.71,26.9,21.2,21.3,12.15,0,0,2339.4,normal,residencial,despejado,16,bajo,bicicleta
ENV-000610,12.86,7.54,52.6,25.0,20.5,26.96,0,0,786.56,normal,residencial,despejado,7,alto,moto
ENV-000611,17.31,2.49,23.4,19.1,14.2,6.35,0,0,106.75,express,periferia,despejado,14,alto,moto
ENV-000612,9.13,4.8,49.4,29.8,22.1,32.53,0,0,3348.95,mismo_dia,residencial,despejado,13,alto,moto
ENV-000613,0.74,0.96,18.2,13.7,7.8,1.94,0,0,6099.6,normal,centro,lluvia,10,bajo,moto
ENV-000614,4.33,10.6,46.7,45.7,39.4,84.09,1,0,2225.08,normal,centro,despejado,13,alto,moto
ENV-000615,3.82,0.7,20.4,12.5,13.6,3.47,0,0,288.0,normal,residencial,despejado,20,alto,bicicleta
ENV-000616,6.22,2.43,26.5,15.9,13.7,5.77,1,0,3831.11,normal,residencial,lluvia,2,medio,moto
ENV-000617,12.08,0.94,27.7,18.6,13.8,7.11,1,0,468.29,express,periferia,despejado,11,medio,dron
ENV-000618,3.17,3.03,34.6,21.3,17.6,12.97,0,0,243.7,mismo_dia,centro,despejado,7,alto,moto
ENV-000619,36.06,1.73,33.8,20.0,17.0,11.49,0,0,50,normal,rural,lluvia,14,alto,moto
ENV-000620,19.66,0.86,24.8,13.4,8.5,2.82,1,0,1671.05,normal,periferia,despejado,12,bajo,moto
ENV-000621,3.54,9.26,39.1,22.4,29.6,25.92,0,0,7869.75,normal,centro,lluvia,8,bajo,moto
ENV-000622,4.28,1.76,19.8,15.5,21.8,6.69,1,0,351.23,normal,residencial,viento_fuerte,7,alto,bicicleta
ENV-000623,3.7,0.28,18.7,11.1,6.9,1.43,0,0,254.37,express,centro,despejado,16,medio,bicicleta
ENV-000624,6.96,0.5,14.2,11.7,13.0,2.16,1,0,416.53,normal,residencial,despejado,15,alto,bicicleta
ENV-000625,3.13,0.91,16.2,13.7,7.5,1.66,0,0,2112.98,express,centro,despejado,18,medio,bicicleta
ENV-000626,7.12,0.55,16.2,9.2,6.1,0.91,0,1,938.51,normal,residencial,despejado,14,medio,camioneta
ENV-000627,53.99,10.0,27.2,25.9,27.0,19.02,0,0,354.95,express,rural,despejado,12,bajo,camioneta
ENV-000628,10.17,0.35,17.1,11.3,9.3,1.8,0,0,703.11,normal,residencial,despejado,17,medio,dron
ENV-000629,8.56,2.25,30.9,26.2,17.2,13.92,0,0,594.75,normal,residencial,despejado,12,medio,moto
ENV-000630,2.79,1.79,24.6,14.6,18.4,6.61,0,0,288.23,normal,centro,viento_fuerte,20,alto,bicicleta
ENV-000631,31.79,2.41,26.4,11.8,12.8,3.99,1,0,1129.22,express,rural,despejado,6,alto,moto
ENV-000632,7.11,9.92,54.0,49.4,27.6,73.63,0,0,526.46,mismo_dia,residencial,despejado,17,bajo,moto
ENV-000633,2.8,2.92,25.4,23.8,24.5,14.81,0,0,293.75,normal,centro,despejado,19,bajo,bicicleta
ENV-000634,11.71,3.18,31.5,24.1,21.2,16.09,0,0,327.1,express,residencial,despejado,14,alto,moto
ENV-000635,6.42,0.63,22.9,14.3,12.3,4.03,0,0,113.01,normal,residencial,despejado,12,bajo,bicicleta
ENV-000636,58.66,9.95,46.5,30.2,30.5,42.83,0,0,50,normal,rural,despejado,12,bajo,camioneta
ENV-000637,26.67,2.77,33.2,16.9,15.1,8.47,1,0,1851.34,normal,rural,despejado,12,bajo,moto
ENV-000638,1.62,4.54,45.4,33.7,23.1,35.34,0,0,64.26,express,centro,viento_fuerte,10,bajo,bicicleta
ENV-000639,3.01,1.28,32.5,22.4,10.8,7.86,1,0,336.09,normal,centro,lluvia,15,alto,bicicleta
ENV-000640,10.2,1.05,28.6,15.0,14.5,6.22,0,0,2730.4,express,residencial,despejado,10,bajo,dron
ENV-000641,9.53,1.56,38.2,19.8,12.9,9.76,0,0,2025.45,normal,residencial,despejado,19,medio,moto
ENV-000642,9.97,4.24,34.3,26.5,28.7,26.09,0,0,2019.09,mismo_dia,residencial,despejado,23,alto,moto
ENV-000643,14.92,2.05,36.9,17.3,13.7,8.75,0,0,112.35,express,periferia,lluvia,9,alto,moto
ENV-000644,41.01,2.65,41.8,22.6,14.0,13.23,0,0,1032.35,mismo_dia,rural,lluvia,9,alto,camioneta
ENV-000645,18.62,0.18,19.4,10.5,6.2,1.26,1,0,202.08,normal,periferia,despejado,21,medio,moto
ENV-000646,25.55,1.1,34.5,21.0,10.8,7.82,1,1,303.98,normal,rural,despejado,14,medio,camioneta
ENV-000647,4.17,5.79,34.0,26.3,14.8,13.23,1,0,423.08,normal,centro,viento_fuerte,8,medio,bicicleta
ENV-000648,29.97,1.49,22.4,24.7,20.1,11.12,0,0,2237.91,mismo_dia,rural,despejado,10,bajo,moto
ENV-000649,19.13,1.75,31.9,22.3,10.1,7.18,1,0,428.92,normal,periferia,despejado,9,alto,moto
ENV-000650,1.93,5.07,40.9,35.6,18.0,26.21,0,0,417.68,normal,centro,despejado,15,alto,bicicleta
ENV-000651,27.82,10.55,64.3,33.7,25.0,54.17,0,0,1997.68,normal,periferia,viento_fuerte,10,bajo,moto
ENV-000652,2.89,2.67,27.9,16.0,12.6,5.62,1,0,727.61,normal,centro,despejado,7,medio,bicicleta
ENV-000653,8.15,2.02,24.2,24.9,17.6,10.61,0,0,113.67,normal,periferia,despejado,13,bajo,dron
ENV-000654,11.21,1.34,28.0,21.3,10.5,6.26,0,0,2833.47,express,residencial,despejado,13,medio,dron
ENV-000655,10.04,2.96,37.3,16.8,20.2,12.66,0,0,1718.41,normal,residencial,despejado,11,alto,moto
ENV-000656,16.84,6.68,41.1,29.8,16.3,19.96,0,0,2458.83,express,periferia,despejado,13,alto,moto
ENV-000657,2.18,0.23,11.9,10.0,12.9,1.54,0,0,1203.13,mismo_dia,centro,despejado,8,alto,bicicleta
ENV-000658,3.04,8.57,51.5,37.7,28.1,54.56,0,0,890.61,normal,residencial,despejado,9,alto,moto
ENV-000659,2.91,1.44,18.5,20.6,13.9,5.3,0,1,2726.53,normal,residencial,despejado,8,alto,camioneta
ENV-000660,7.08,3.48,33.5,21.4,11.8,8.46,0,0,1272.3,express,residencial,viento_fuerte,12,bajo,moto
ENV-000661,4.55,5.82,35.9,40.2,31.2,45.03,1,0,69.57,mismo_dia,centro,viento_fuerte,17,medio,moto
ENV-000662,4.13,1.77,23.7,11.6,15.0,4.12,0,0,3227.86,express,centro,despejado,11,medio,bicicleta
ENV-000663,1.02,6.2,28.6,23.2,18.4,12.21,0,0,1069.88,normal,centro,despejado,7,medio,bicicleta
ENV-000664,0.77,2.18,27.9,17.1,18.4,8.78,0,0,1264.1,mismo_dia,centro,despejado,17,alto,bicicleta
ENV-000665,9.46,0.82,15.2,13.0,6.5,1.28,0,0,715.08,express,residencial,despejado,10,bajo,dron
ENV-000666,11.3,0.71,28.1,15.6,9.2,4.03,1,0,222.16,normal,residencial,lluvia,12,bajo,moto
ENV-000667,9.83,1.0,15.8,14.9,11.5,2.71,0,0,2699.17,express,residencial,despejado,17,bajo,dron
ENV-000668,3.94,4.27,30.2,23.9,37.7,27.21,0,0,1139.57,mismo_dia,residencial,despejado,16,bajo,bicicleta
ENV-000669,7.43,9.1,61.4,27.0,24.8,41.11,0,0,7760.77,mismo_dia,residencial,despejado,16,bajo,moto
ENV-000670,4.44,0.17,16.4,12.8,5.9,1.24,0,1,343.97,normal,residencial,despejado,7,alto,camioneta
ENV-000671,2.08,5.37,57.9,36.8,18.9,40.27,0,0,3410.73,express,centro,lluvia,6,alto,moto
ENV-000672,2.56,0.68,21.2,13.3,6.6,1.86,0,0,2388.39,mismo_dia,centro,despejado,13,alto,bicicleta
ENV-000673,10.12,0.71,17.7,20.1,14.1,5.02,0,0,6455.83,normal,residencial,despejado,14,alto,dron
ENV-000674,11.17,0.94,19.4,14.6,8.3,2.35,0,0,1841.14,normal,residencial,viento_fuerte,11,bajo,moto
ENV-000675,4.39,5.26,47.2,21.1,22.8,22.71,0,0,6143.2,normal,residencial,despejado,21,bajo,moto
ENV-000676,6.31,5.77,40.6,25.2,29.4,30.08,0,0,3010.67,normal,residencial,viento_fuerte,14,alto,bicicleta
ENV-000677,3.31,1.0,17.2,20.0,13.8,4.75,0,0,2663.92,normal,residencial,lluvia,9,alto,bicicleta
ENV-000678,7.55,1.05,30.4,16.7,13.0,6.6,0,0,315.5,normal,residencial,despejado,18,alto,moto
ENV-000679,4.13,1.4,23.0,12.8,16.5,4.86,0,0,72.35,express,residencial,despejado,20,bajo,bicicleta
ENV-000680,3.83,4.64,43.0,28.6,25.6,31.48,1,0,2436.86,normal,residencial,despejado,15,alto,bicicleta
ENV-000681,18.21,2.04,28.9,21.5,10.6,6.59,1,0,2601.33,normal,periferia,despejado,13,medio,moto
ENV-000682,0.5,14.3,42.6,34.9,36.8,54.71,0,0,9515.63,normal,centro,viento_fuerte,14,bajo,moto
ENV-000683,7.9,3.67,33.8,25.9,27.3,23.9,0,0,545.08,express,residencial,despejado,18,alto,camioneta
ENV-000684,8.0,14.01,52.6,36.4,54.2,103.77,0,0,6171.71,normal,residencial,despejado,16,medio,camioneta
ENV-000685,3.98,0.67,13.8,12.1,6.9,1.15,0,0,716.39,express,residencial,lluvia,14,alto,moto
ENV-000686,16.6,9.6,60.2,46.4,22.9,63.97,0,0,264.47,normal,periferia,despejado,17,medio,moto
ENV-000687,3.12,0.52,23.1,11.3,11.7,3.05,0,0,1687.18,normal,centro,despejado,18,alto,bicicleta
ENV-000688,22.58,3.98,25.7,21.4,13.5,7.42,1,0,225.97,normal,periferia,despejado,10,medio,moto
ENV-000689,2.44,6.01,36.1,24.2,27.5,24.02,0,0,133.05,normal,centro,despejado,13,medio,bicicleta
ENV-000690,13.61,1.69,23.6,24.8,19.5,11.41,1,0,1157.46,mismo_dia,residencial,despejado,18,bajo,dron
ENV-000691,6.73,1.84,33.4,17.8,23.8,14.15,0,0,648.76,express,residencial,despejado,12,alto,bicicleta
ENV-000692,11.73,0.55,19.0,12.5,13.1,3.11,0,0,513.53,normal,residencial,despejado,4,medio,camioneta
ENV-000693,33.84,0.46,17.5,11.4,11.8,2.35,0,0,9748.89,mismo_dia,rural,despejado,15,alto,moto
ENV-000694,8.81,1.79,32.8,16.6,18.5,10.07,0,0,1587.81,normal,residencial,despejado,16,bajo,dron
ENV-000695,37.66,2.4,37.1,19.4,13.5,9.72,0,0,1658.72,normal,rural,despejado,12,bajo,moto
ENV-000696,12.77,4.82,44.2,29.5,18.1,23.6,1,0,527.36,normal,periferia,viento_fuerte,14,medio,moto
ENV-000697,0.6,2.3,26.2,22.5,23.4,13.79,0,0,144.54,express,centro,despejado,5,bajo,moto
ENV-000698,3.13,3.81,37.1,22.2,29.2,24.05,0,0,3929.13,express,centro,despejado,7,alto,bicicleta
ENV-000699,12.34,1.42,20.9,14.8,14.7,4.55,0,0,2468.77,normal,residencial,lluvia,7,medio,moto
ENV-000700,2.13,1.64,30.9,21.8,11.6,7.81,0,1,2345.4,mismo_dia,residencial,despejado,11,medio,camioneta
ENV-000701,11.24,0.23,9.0,8.4,5.9,0.45,1,0,1094.27,normal,residencial,despejado,18,alto,dron
ENV-000702,1.54,1.1,20.8,11.1,15.0,3.46,0,0,1879.08,normal,centro,despejado,16,medio,bicicleta
ENV-000703,9.58,2.27,42.5,28.6,14.3,17.38,1,0,349.13,express,residencial,despejado,17,alto,moto
ENV-000704,9.71,4.4,30.3,18.9,27.6,15.81,0,0,188.26,normal,periferia,despejado,17,medio,moto
ENV-000705,9.99,3.38,34.2,23.1,27.5,21.73,0,0,1289.37,express,residencial,despejado,13,alto,moto
ENV-000706,35.74,3.1,50.7,21.0,21.7,23.1,0,0,1093.39,express,rural,despejado,18,alto,moto
ENV-000707,51.52,0.76,12.9,14.3,11.0,2.03,1,0,1339.45,mismo_dia,rural,despejado,8,medio,camioneta
ENV-000708,5.29,0.71,14.7,10.1,7.8,1.16,0,0,5457.8,normal,centro,despejado,13,alto,bicicleta
ENV-000709,4.95,1.33,26.6,14.3,9.4,3.58,0,0,183.58,normal,centro,despejado,17,bajo,bicicleta
ENV-000710,52.31,1.13,25.6,16.7,9.4,4.02,0,0,240.03,express,rural,lluvia,11,bajo,camioneta
ENV-000711,7.44,1.13,30.1,13.5,16.1,6.54,0,0,2017.39,normal,residencial,despejado,10,medio,dron
ENV-000712,3.77,1.02,15.5,10.6,11.7,1.92,1,0,4394.94,express,centro,despejado,7,alto,bicicleta
ENV-000713,3.98,0.49,19.5,11.1,13.9,3.01,0,0,254.95,normal,residencial,lluvia,6,bajo,bicicleta
ENV-000714,15.0,1.32,26.7,22.8,17.1,10.41,0,0,891.4,mismo_dia,periferia,despejado,7,medio,moto
ENV-000715,3.21,0.97,20.0,17.8,13.4,4.77,1,0,1728.72,express,centro,lluvia,20,alto,bicicleta
ENV-000716,2.94,7.45,58.3,43.3,21.6,54.53,0,0,825.94,mismo_dia,centro,viento_fuerte,8,alto,moto
ENV-000717,5.25,7.68,32.9,28.0,23.5,21.65,0,0,546.3,express,centro,lluvia,7,alto,moto
ENV-000718,8.13,2.3,36.7,19.3,23.9,16.93,0,0,708.13,normal,residencial,despejado,15,medio,moto
ENV-000719,4.5,0.75,25.2,12.8,9.0,2.9,0,0,232.62,normal,residencial,despejado,11,bajo,bicicleta
ENV-000720,4.29,36.09,88.5,49.8,37.6,165.71,1,0,1285.26,express,centro,despejado,14,alto,camioneta
ENV-000721,7.61,0.45,23.8,16.3,7.9,3.06,0,0,3215.5,normal,residencial,despejado,7,alto,dron
ENV-000722,22.9,0.64,16.9,13.8,11.2,2.61,1,0,276.9,express,periferia,despejado,6,medio,moto
ENV-000723,3.08,18.6,44.0,41.0,22.6,40.77,0,0,126.38,express,centro,lluvia,9,medio,moto
ENV-000724,2.94,0.78,26.4,18.8,7.9,3.92,0,0,180.58,normal,centro,despejado,12,medio,bicicleta
ENV-000725,13.01,2.37,34.1,26.2,12.3,10.99,0,0,522.3,normal,residencial,lluvia,14,alto,moto
ENV-000726,26.32,1.38,30.3,18.2,14.1,7.78,0,0,1046.84,normal,rural,despejado,3,bajo,moto
ENV-000727,29.27,1.12,34.0,14.4,15.8,7.74,0,0,1866.23,mismo_dia,rural,despejado,17,bajo,moto
ENV-000728,8.57,0.51,18.8,10.6,9.0,1.79,0,0,456.29,normal,residencial,despejado,16,bajo,dron
ENV-000729,5.95,1.6,34.3,16.4,18.0,10.13,0,0,3471.01,normal,residencial,despejado,17,bajo,bicicleta
ENV-000730,5.05,1.76,28.6,15.8,17.8,8.04,0,0,759.83,express,residencial,despejado,20,bajo,bicicleta
ENV-000731,15.92,2.26,29.4,18.0,18.2,9.63,0,0,594.02,express,periferia,despejado,19,alto,moto
ENV-000732,13.1,3.11,42.6,20.7,23.4,20.63,0,0,870.18,mismo_dia,residencial,lluvia,13,alto,moto
ENV-000733,4.85,0.5,23.6,16.3,9.4,3.62,0,0,236.97,normal,centro,despejado,14,alto,bicicleta
ENV-000734,11.38,0.95,30.2,16.2,10.9,5.33,0,0,14663.7,normal,residencial,despejado,7,bajo,dron
ENV-000735,10.0,1.94,32.1,18.3,10.8,6.34,0,0,2117.69,express,periferia,despejado,19,bajo,dron
ENV-000736,4.1,2.06,32.4,25.4,16.0,13.17,1,0,286.81,express,centro,despejado,17,medio,bicicleta
ENV-000737,2.85,2.95,37.6,18.7,15.2,10.69,1,0,5379.29,normal,centro,despejado,16,bajo,bicicleta
ENV-000738,3.16,3.22,52.3,32.9,14.7,25.29,0,0,179.4,mismo_dia,centro,lluvia,12,bajo,moto
ENV-000739,2.78,1.91,34.2,21.7,18.2,13.51,1,0,331.31,normal,centro,despejado,17,bajo,bicicleta
ENV-000740,4.75,1.62,41.3,16.8,18.3,12.7,1,0,600.94,mismo_dia,residencial,despejado,16,medio,bicicleta
ENV-000741,2.76,0.37,23.7,14.2,8.2,2.76,1,0,1696.37,express,residencial,despejado,16,bajo,bicicleta
ENV-000742,6.66,1.31,26.1,13.5,17.7,6.24,0,0,318.9,express,residencial,despejado,13,alto,dron
ENV-000743,26.49,0.85,13.4,10.8,15.2,2.2,0,0,1834.66,normal,rural,despejado,15,medio,moto
ENV-000744,4.31,2.6,34.2,17.2,20.5,12.06,0,0,673.89,express,residencial,despejado,15,medio,bicicleta
ENV-000745,1.58,2.75,24.6,25.2,18.7,11.59,0,0,1308.33,normal,centro,despejado,6,bajo,bicicleta
ENV-000746,4.05,2.31,32.4,15.6,20.6,10.41,0,0,650.67,normal,residencial,lluvia,7,medio,moto
ENV-000747,18.16,4.5,52.3,34.6,18.6,33.66,1,0,757.99,normal,periferia,despejado,17,alto,moto
ENV-000748,3.27,40.54,72.0,52.8,30.9,117.47,0,0,1024.03,express,centro,lluvia,8,alto,camioneta
ENV-000749,4.72,0.52,24.0,10.8,13.6,3.53,0,0,425.78,normal,centro,despejado,21,bajo,moto
ENV-000750,6.29,0.78,21.0,14.8,12.6,3.92,0,0,191.08,mismo_dia,residencial,viento_fuerte,12,alto,bicicleta
ENV-000751,2.12,0.65,13.9,11.2,7.4,1.15,0,0,166.97,express,centro,despejado,17,alto,bicicleta
ENV-000752,1.9,1.62,25.7,11.5,14.8,4.37,0,0,385.34,express,centro,despejado,6,bajo,bicicleta
ENV-000753,5.02,0.9,28.3,13.2,13.4,5.01,0,0,1069.16,express,centro,lluvia,13,alto,moto
ENV-000754,16.44,1.15,22.3,14.2,6.7,2.12,0,0,2538.72,express,periferia,despejado,21,medio,moto
ENV-000755,4.21,41.78,63.4,48.2,49.3,150.65,0,0,233.98,express,centro,lluvia,4,bajo,camioneta
ENV-000756,19.08,0.48,23.4,14.7,10.5,3.61,0,0,908.64,normal,periferia,despejado,14,alto,moto
ENV-000757,5.7,37.68,49.2,49.6,39.1,95.42,0,0,2754.46,mismo_dia,centro,despejado,21,medio,camioneta
ENV-000758,4.44,45.59,45.1,41.4,40.3,75.25,1,0,1477.54,mismo_dia,residencial,despejado,13,alto,camioneta
ENV-000759,6.07,1.23,25.4,17.6,8.1,3.62,0,0,3228.0,normal,residencial,despejado,20,alto,bicicleta
ENV-000760,17.67,4.38,26.3,21.6,19.0,10.79,0,0,1439.89,normal,periferia,viento_fuerte,12,bajo,moto
ENV-000761,4.24,2.9,48.0,26.3,18.4,23.23,0,0,5979.27,express,residencial,despejado,18,medio,bicicleta
ENV-000762,1.94,4.33,33.0,26.5,17.3,15.13,1,0,2297.29,normal,centro,lluvia,11,bajo,bicicleta
ENV-000763,3.53,0.63,20.0,10.2,15.2,3.1,0,0,2631.66,mismo_dia,centro,lluvia,15,medio,moto
ENV-000764,4.2,0.78,22.5,10.9,10.5,2.58,0,0,2318.01,normal,centro,viento_fuerte,19,medio,bicicleta
ENV-000765,10.32,0.76,20.9,20.8,13.2,5.74,1,0,2769.96,normal,residencial,despejado,13,medio,dron
ENV-000766,8.01,0.42,14.6,10.8,5.7,0.9,0,0,272.78,normal,residencial,despejado,15,alto,dron
ENV-000767,19.24,0.35,15.8,16.1,10.9,2.77,0,0,292.94,normal,periferia,despejado,16,alto,moto
ENV-000768,8.55,1.4,30.2,15.2,21.8,10.01,0,0,2392.57,normal,residencial,viento_fuerte,15,alto,moto
ENV-000769,5.95,3.08,48.3,24.6,18.2,21.62,1,0,16230.07,mismo_dia,residencial,lluvia,17,alto,moto
ENV-000770,23.4,14.96,67.0,50.8,26.4,89.86,0,0,2374.69,express,periferia,despejado,14,medio,moto
ENV-000771,5.47,0.54,27.0,13.0,11.6,4.07,0,0,2360.52,normal,residencial,despejado,14,bajo,bicicleta
ENV-000772,23.88,0.53,22.4,10.4,10.8,2.52,0,0,572.03,mismo_dia,rural,despejado,14,alto,moto
ENV-000773,28.06,1.56,20.0,14.3,13.2,3.78,0,0,184.98,express,periferia,despejado,3,bajo,moto
ENV-000774,1.75,2.02,23.9,15.1,25.1,9.06,0,0,17497.65,mismo_dia,centro,despejado,14,medio,bicicleta
ENV-000775,4.13,0.72,23.5,16.2,14.8,5.63,0,0,12964.52,express,centro,despejado,7,alto,bicicleta
ENV-000776,9.71,1.06,17.2,13.5,7.6,1.76,0,0,3239.83,mismo_dia,residencial,despejado,17,bajo,dron
ENV-000777,5.18,2.11,20.8,16.1,16.9,5.66,0,0,5615.8,normal,residencial,despejado,18,alto,bicicleta
ENV-000778,2.49,0.61,17.2,16.7,11.2,3.22,1,0,7223.4,normal,residencial,despejado,8,bajo,dron
ENV-000779,24.36,1.31,32.8,24.8,11.7,9.52,1,0,576.89,normal,periferia,lluvia,10,bajo,moto
ENV-000780,20.05,3.34,37.5,31.3,22.5,26.41,1,0,877.32,mismo_dia,periferia,despejado,9,alto,moto
ENV-000781,6.22,2.28,38.5,21.8,21.4,17.96,1,0,820.82,normal,residencial,despejado,17,medio,bicicleta
ENV-000782,5.08,2.43,43.3,27.3,13.4,15.84,0,1,250.76,normal,centro,despejado,20,alto,camioneta
ENV-000783,3.99,4.44,35.6,37.3,26.2,34.79,0,0,2302.62,normal,centro,despejado,9,medio,bicicleta
ENV-000784,14.31,1.76,26.4,22.2,15.1,8.85,1,0,8840.89,normal,periferia,lluvia,14,alto,moto
ENV-000785,1.96,0.74,17.8,10.7,13.6,2.59,0,0,1561.79,mismo_dia,centro,despejado,19,medio,bicicleta
ENV-000786,12.74,3.59,36.0,22.5,33.2,26.89,0,0,508.4,normal,periferia,despejado,19,alto,moto
ENV-000787,3.45,1.39,26.1,12.7,13.6,4.51,0,0,853.08,mismo_dia,centro,despejado,14,medio,bicicleta
ENV-000788,8.9,4.25,51.9,31.6,19.6,32.14,0,0,778.96,express,residencial,lluvia,17,alto,moto
ENV-000789,2.98,6.07,44.0,41.2,25.9,46.95,0,0,1154.95,normal,residencial,viento_fuerte,10,medio,moto
ENV-000790,3.04,1.31,34.8,21.9,11.3,8.61,1,0,293.5,express,centro,despejado,6,medio,bicicleta
ENV-000791,18.01,1.1,22.6,15.4,10.6,3.69,0,0,2725.93,normal,periferia,despejado,17,medio,moto
ENV-000792,18.03,33.9,64.7,30.2,34.5,67.41,0,0,273.93,normal,periferia,despejado,9,medio,camioneta
ENV-000793,25.09,0.53,22.6,13.9,6.9,2.17,0,0,600.23,normal,rural,viento_fuerte,18,bajo,moto
ENV-000794,18.48,4.39,26.6,30.8,22.3,18.27,1,0,314.51,normal,periferia,despejado,15,medio,moto
ENV-000795,6.41,1.03,22.7,11.0,14.0,3.5,1,0,407.88,normal,residencial,viento_fuerte,10,bajo,bicicleta
ENV-000796,9.12,0.96,30.2,17.6,11.9,6.33,0,0,1949.54,normal,periferia,lluvia,11,bajo,moto
ENV-000797,13.37,40.33,73.2,65.9,39.7,191.51,1,0,408.65,express,residencial,despejado,13,alto,camioneta
ENV-000798,5.57,4.83,34.7,30.0,15.8,16.45,0,0,456.35,normal,residencial,despejado,13,medio,bicicleta
ENV-000799,21.9,1.27,19.6,13.9,25.5,6.95,1,0,259.42,express,rural,lluvia,12,alto,moto
ENV-000800,2.04,2.04,30.7,20.9,12.9,8.28,0,0,359.8,normal,centro,lluvia,3,bajo,moto
ENV-000801,3.75,1.88,24.7,22.0,14.5,7.88,0,0,751.01,express,centro,despejado,16,medio,bicicleta
ENV-000802,9.53,2.28,24.7,21.6,26.4,14.08,1,0,55342.15,mismo_dia,residencial,despejado,8,bajo,moto
ENV-000803,4.31,0.27,20.7,13.9,7.3,2.1,0,0,1184.88,normal,residencial,despejado,9,bajo,bicicleta
ENV-000804,29.64,2.39,32.4,20.1,12.3,8.01,0,0,3036.36,normal,rural,despejado,12,bajo,moto
ENV-000805,21.25,9.75,43.0,43.1,36.0,66.72,0,1,436.61,normal,periferia,lluvia,7,alto,camioneta
ENV-000806,5.16,14.63,31.4,36.7,26.8,30.88,1,0,117.55,normal,residencial,lluvia,17,bajo,moto
ENV-000807,1.67,2.56,42.6,28.6,13.7,16.69,0,1,183.08,express,centro,despejado,10,alto,camioneta
ENV-000808,3.78,0.69,14.2,10.1,19.4,2.78,0,0,3335.11,mismo_dia,residencial,despejado,7,bajo,dron
ENV-000809,15.53,30.72,71.4,59.6,45.3,192.77,0,0,659.35,normal,periferia,viento_fuerte,15,medio,camioneta
ENV-000810,6.29,3.19,37.4,16.3,20.7,12.62,0,0,4636.81,normal,residencial,despejado,20,medio,bicicleta
ENV-000811,21.62,7.49,33.8,27.9,19.5,18.39,0,0,1680.38,mismo_dia,periferia,viento_fuerte,12,bajo,moto
ENV-000812,3.03,1.48,38.1,17.0,16.7,10.82,0,0,248.89,express,centro,despejado,5,bajo,moto
ENV-000813,49.04,2.75,40.6,32.2,15.7,20.52,0,0,2799.28,normal,rural,lluvia,14,medio,camioneta
ENV-000814,4.95,0.84,18.5,17.4,12.9,4.15,0,1,2526.23,normal,centro,viento_fuerte,7,alto,camioneta
ENV-000815,3.91,13.13,72.1,44.6,29.2,93.9,0,0,791.7,express,centro,despejado,9,medio,camioneta
ENV-000816,25.06,5.69,53.8,25.8,32.0,44.42,0,0,756.64,express,periferia,lluvia,8,medio,moto
ENV-000817,54.74,79.26,96.5,77.1,41.6,309.51,0,0,668.89,normal,rural,despejado,7,alto,camioneta
ENV-000818,9.6,8.79,30.7,22.1,29.6,20.08,0,0,655.83,normal,residencial,despejado,6,bajo,moto
ENV-000819,25.19,7.16,35.7,27.0,40.0,38.56,1,0,318.25,mismo_dia,rural,despejado,13,medio,camioneta
ENV-000820,13.3,5.36,35.4,16.2,18.7,10.72,0,0,1969.34,normal,periferia,despejado,13,bajo,moto
ENV-000821,3.92,1.11,20.8,9.8,11.0,2.24,0,0,564.18,express,centro,despejado,19,alto,bicicleta
ENV-000822,7.34,2.47,31.1,18.4,23.0,13.16,0,0,3524.42,express,residencial,despejado,20,alto,moto
ENV-000823,4.56,1.53,35.0,19.3,16.1,10.88,0,0,732.4,normal,centro,viento_fuerte,12,bajo,bicicleta
ENV-000824,1.68,5.04,43.3,32.1,19.9,27.66,0,0,606.69,normal,centro,despejado,16,alto,bicicleta
ENV-000825,4.3,33.55,96.9,58.9,43.4,247.7,0,0,5582.7,mismo_dia,residencial,despejado,21,bajo,camioneta
ENV-000826,2.41,2.71,24.7,23.1,14.6,8.33,0,0,300.54,express,centro,despejado,13,medio,bicicleta
ENV-000827,4.6,0.73,17.1,16.0,10.8,2.95,0,0,1358.94,express,centro,despejado,11,bajo,bicicleta
ENV-000828,2.34,35.74,52.0,52.6,33.0,90.26,0,0,4509.8,express,centro,viento_fuerte,17,medio,camioneta
ENV-000829,50.71,1.13,32.6,13.3,14.5,6.29,0,0,2479.13,normal,rural,despejado,10,medio,camioneta
ENV-000830,5.41,1.15,23.4,16.3,23.6,9.0,1,0,579.11,express,residencial,despejado,17,bajo,moto
ENV-000831,3.94,2.01,23.1,14.0,24.5,7.92,0,0,794.66,normal,centro,despejado,12,medio,bicicleta
ENV-000832,41.22,1.89,24.9,26.5,17.7,11.68,0,0,622.99,normal,rural,lluvia,6,medio,camioneta
ENV-000833,6.71,0.35,16.2,12.5,8.0,1.62,1,0,935.77,express,residencial,despejado,14,medio,dron
ENV-000834,0.97,5.81,55.3,39.1,17.4,37.62,0,0,369.52,normal,centro,despejado,19,alto,bicicleta
ENV-000835,21.8,0.2,12.2,8.0,9.9,0.97,0,0,1361.39,normal,rural,despejado,10,medio,moto
ENV-000836,4.72,1.47,36.8,20.1,13.0,9.62,0,0,3768.68,normal,residencial,despejado,12,bajo,dron
ENV-000837,9.9,0.52,13.4,10.2,6.7,0.92,0,1,1370.92,express,residencial,despejado,16,bajo,camioneta
ENV-000838,45.06,22.4,59.3,49.1,46.8,136.26,0,0,355.87,normal,rural,despejado,22,medio,camioneta
ENV-000839,7.36,2.02,40.0,25.9,12.3,12.74,0,0,226.75,mismo_dia,residencial,despejado,1,bajo,moto
ENV-000840,23.03,0.34,15.4,10.0,11.5,1.77,0,0,1459.42,normal,periferia,despejado,0,bajo,moto
ENV-000841,4.11,0.69,21.0,13.1,12.6,3.47,1,0,618.2,express,residencial,despejado,14,alto,dron
ENV-000842,6.47,0.34,19.0,10.8,6.7,1.37,0,0,105.7,express,residencial,despejado,21,alto,camioneta
ENV-000843,2.75,6.2,43.9,32.3,28.0,39.7,0,0,861.35,express,centro,despejado,7,alto,bicicleta
ENV-000844,3.8,1.87,27.8,13.3,12.3,4.55,0,1,1901.41,mismo_dia,centro,despejado,13,alto,camioneta
ENV-000845,6.34,4.3,29.5,19.2,13.8,7.82,0,0,134.64,normal,residencial,lluvia,4,medio,moto
ENV-000846,2.05,1.54,16.9,9.7,14.9,2.44,0,0,344.39,mismo_dia,centro,despejado,8,alto,bicicleta
ENV-000847,3.31,0.45,17.3,12.6,6.8,1.48,1,0,1912.54,normal,centro,despejado,5,bajo,bicicleta
ENV-000848,7.95,0.77,20.7,12.9,13.9,3.71,1,1,942.48,express,residencial,despejado,19,alto,camioneta
ENV-000849,4.3,1.26,24.4,17.9,11.1,4.85,0,0,2440.26,express,residencial,despejado,17,bajo,bicicleta
ENV-000850,20.22,2.0,22.2,15.0,14.8,4.93,0,0,147.2,normal,periferia,despejado,11,bajo,moto
ENV-000851,3.4,4.4,52.9,32.9,17.3,30.11,0,0,1402.54,normal,centro,lluvia,15,alto,bicicleta
ENV-000852,2.8,0.46,13.9,8.4,7.3,0.85,0,0,1874.78,normal,centro,despejado,22,medio,moto
ENV-000853,4.52,6.89,42.8,25.2,35.9,38.72,1,0,2785.95,normal,residencial,despejado,19,alto,bicicleta
ENV-000854,1.46,0.59,16.4,10.1,8.8,1.46,0,0,7416.11,express,centro,despejado,15,medio,bicicleta
ENV-000855,22.6,0.88,25.8,14.5,10.4,3.89,0,0,307.72,express,periferia,lluvia,17,medio,moto
ENV-000856,8.93,0.58,16.4,16.7,10.2,2.79,0,0,317.05,express,residencial,despejado,10,bajo,dron
ENV-000857,11.06,1.81,28.0,28.0,16.8,13.17,0,0,993.95,mismo_dia,residencial,viento_fuerte,18,alto,moto
ENV-000858,4.87,16.56,69.9,35.1,25.7,63.05,0,0,1237.92,normal,residencial,viento_fuerte,16,bajo,moto
ENV-000859,14.28,1.08,31.3,14.5,16.9,7.67,0,0,733.46,normal,residencial,despejado,11,medio,dron
ENV-000860,34.02,12.86,51.4,33.0,32.3,54.79,1,0,515.9,express,rural,viento_fuerte,20,alto,moto
ENV-000861,10.18,1.92,26.5,14.7,8.2,3.19,0,0,2674.75,express,residencial,despejado,16,bajo,dron
ENV-000862,5.76,5.36,57.5,25.4,24.8,36.22,0,0,251.55,normal,centro,lluvia,18,medio,bicicleta
ENV-000863,17.48,2.76,27.4,16.0,25.8,11.31,0,0,410.48,normal,periferia,lluvia,8,medio,moto
ENV-000864,9.73,6.14,40.9,32.0,25.7,33.64,0,0,518.29,normal,residencial,lluvia,8,medio,moto
ENV-000865,4.84,0.79,17.6,17.8,11.6,3.63,0,0,383.86,normal,centro,despejado,9,bajo,bicicleta
ENV-000866,7.77,1.34,24.9,13.8,18.3,6.29,0,0,6625.91,normal,residencial,despejado,8,alto,dron
ENV-000867,3.94,1.85,33.3,19.0,17.1,10.82,0,0,1855.22,normal,centro,lluvia,10,bajo,moto
ENV-000868,1.09,1.68,37.2,24.5,10.5,9.57,0,0,1384.51,express,centro,despejado,2,bajo,moto
ENV-000869,11.31,3.23,21.9,14.2,24.8,7.71,0,0,1142.26,normal,residencial,despejado,22,bajo,moto
ENV-000870,1.37,1.01,28.2,17.4,8.1,3.97,0,0,620.82,normal,centro,despejado,8,alto,bicicleta
ENV-000871,19.52,1.29,27.5,18.1,11.5,5.72,0,0,1094.04,normal,periferia,despejado,19,medio,moto
ENV-000872,12.65,1.6,37.3,21.0,13.5,10.57,0,0,2013.83,normal,periferia,lluvia,15,alto,moto
ENV-000873,5.82,6.22,47.6,33.7,16.1,25.83,0,0,1886.85,mismo_dia,residencial,despejado,14,alto,bicicleta
ENV-000874,4.93,5.76,43.1,28.2,24.0,29.17,0,0,895.07,normal,residencial,despejado,15,bajo,bicicleta
ENV-000875,15.97,1.87,24.0,13.6,9.4,3.07,1,0,910.76,normal,periferia,despejado,11,bajo,moto
ENV-000876,4.67,4.77,35.5,26.2,13.8,12.84,0,0,1511.18,normal,residencial,viento_fuerte,17,alto,bicicleta
ENV-000877,7.62,0.31,16.1,10.4,11.1,1.86,0,0,155.52,normal,residencial,despejado,12,medio,dron
ENV-000878,3.04,0.79,16.7,12.9,12.0,2.59,0,0,1815.0,normal,centro,despejado,15,alto,bicicleta
ENV-000879,1.99,0.68,23.5,16.7,9.3,3.65,0,0,2345.88,mismo_dia,centro,viento_fuerte,5,bajo,moto
ENV-000880,4.51,1.26,15.4,12.6,16.3,3.16,0,0,3250.75,normal,centro,lluvia,6,bajo,moto
ENV-000881,10.59,28.12,90.9,41.6,55.0,207.98,0,0,1273.28,normal,residencial,despejado,21,medio,camioneta
ENV-000882,5.5,2.54,27.2,29.7,20.8,16.8,1,0,126.84,normal,residencial,despejado,13,alto,bicicleta
ENV-000883,6.5,1.45,21.2,13.0,16.6,4.57,0,0,462.41,express,residencial,viento_fuerte,10,medio,bicicleta
ENV-000884,13.45,26.36,92.6,51.7,43.7,209.21,0,0,454.6,mismo_dia,residencial,lluvia,12,alto,camioneta
ENV-000885,13.9,1.77,25.9,15.8,8.9,3.64,1,0,1229.53,normal,periferia,despejado,10,medio,dron
ENV-000886,13.78,0.62,16.4,8.9,11.1,1.62,1,0,912.2,express,residencial,despejado,11,medio,dron
ENV-000887,0.97,0.73,15.3,12.9,8.3,1.64,0,1,115.65,express,centro,viento_fuerte,16,alto,camioneta
ENV-000888,37.02,1.2,30.6,12.9,15.2,6.0,0,0,483.99,express,rural,lluvia,10,medio,moto
ENV-000889,4.43,2.08,22.9,18.2,27.2,11.34,0,0,671.31,normal,centro,despejado,11,alto,bicicleta
ENV-000890,1.97,16.95,81.6,50.0,30.9,126.07,0,0,1447.87,express,residencial,despejado,10,medio,camioneta
ENV-000891,1.17,39.89,66.9,60.8,44.1,179.38,1,0,704.75,normal,centro,despejado,11,alto,camioneta
ENV-000892,2.09,1.27,32.4,16.4,13.6,7.23,0,0,50,normal,centro,despejado,10,medio,bicicleta
ENV-000893,13.65,1.64,25.2,16.9,19.1,8.13,0,0,986.07,normal,periferia,despejado,21,alto,moto
ENV-000894,1.89,42.87,61.4,33.9,49.5,103.03,0,0,1157.83,normal,centro,despejado,2,medio,camioneta
ENV-000895,9.58,1.45,20.8,15.7,11.8,3.85,1,0,242.66,normal,residencial,despejado,13,alto,dron
ENV-000896,3.01,0.55,19.0,13.7,9.8,2.55,1,0,556.96,normal,centro,lluvia,0,medio,moto
ENV-000897,16.93,4.84,41.1,26.9,14.7,16.25,0,0,1435.53,mismo_dia,periferia,despejado,21,bajo,moto
ENV-000898,3.73,18.77,79.8,61.7,28.5,140.32,0,0,227.47,mismo_dia,centro,despejado,12,bajo,camioneta
ENV-000899,3.26,1.84,24.5,24.4,23.2,13.87,0,0,238.9,normal,residencial,despejado,13,alto,bicicleta
ENV-000900,2.1,1.77,34.3,22.9,16.7,13.12,0,0,354.39,normal,centro,despejado,19,medio,bicicleta
ENV-000901,6.35,5.41,35.4,18.0,24.4,15.55,0,0,1690.0,normal,residencial,despejado,7,medio,bicicleta
ENV-000902,5.87,7.91,58.4,32.5,28.8,54.66,0,0,674.2,normal,residencial,despejado,17,medio,moto
ENV-000903,3.98,1.06,17.1,17.4,13.0,3.87,1,0,573.49,express,residencial,despejado,6,bajo,bicicleta
ENV-000904,18.19,0.99,28.9,20.0,8.7,5.03,1,0,434.84,normal,periferia,lluvia,16,medio,moto
ENV-000905,12.4,0.89,25.0,12.3,12.8,3.94,0,0,1677.82,normal,residencial,lluvia,6,medio,moto
ENV-000906,1.18,3.62,48.8,33.4,15.2,24.77,0,0,587.03,mismo_dia,centro,despejado,16,medio,bicicleta
ENV-000907,9.07,3.46,43.8,23.9,23.2,24.29,0,0,2637.11,express,residencial,despejado,20,alto,moto
ENV-000908,11.26,26.5,60.3,43.1,37.3,96.94,0,0,235.04,normal,residencial,despejado,17,medio,camioneta
ENV-000909,1.15,5.56,53.6,25.6,24.2,33.21,0,0,450.58,normal,centro,despejado,15,medio,bicicleta
ENV-000910,4.76,73.31,112.4,66.5,53.5,399.89,0,0,1670.43,normal,centro,despejado,15,alto,camioneta
ENV-000911,10.3,0.79,24.0,12.2,13.1,3.84,0,0,380.42,normal,residencial,despejado,6,alto,dron
ENV-000912,5.4,2.71,42.3,23.5,20.0,19.88,0,0,569.33,express,residencial,despejado,5,medio,camioneta
ENV-000913,10.09,0.84,28.0,14.0,14.5,5.68,0,0,1322.11,mismo_dia,residencial,despejado,7,alto,camioneta
ENV-000914,15.31,7.36,28.8,27.8,22.2,17.77,1,0,158.39,normal,periferia,despejado,15,alto,moto
ENV-000915,8.41,3.63,40.9,28.4,14.2,16.49,0,0,1105.66,normal,residencial,lluvia,17,alto,moto
ENV-000916,11.53,1.52,26.8,16.8,23.2,10.45,0,0,1582.61,normal,periferia,despejado,16,medio,dron
ENV-000917,3.8,0.63,11.6,11.6,9.9,1.33,1,1,503.91,express,residencial,despejado,19,alto,camioneta
ENV-000918,8.96,10.86,42.0,27.0,21.1,23.93,0,0,815.18,express,residencial,lluvia,7,medio,moto
ENV-000919,6.43,2.09,26.5,25.0,15.8,10.47,0,0,3471.83,express,residencial,despejado,19,alto,bicicleta
ENV-000920,4.39,5.24,52.2,26.8,27.0,37.77,0,0,341.9,express,centro,despejado,9,alto,bicicleta
ENV-000921,3.8,76.43,105.0,53.2,71.6,399.96,0,0,403.17,mismo_dia,residencial,despejado,13,alto,camioneta
ENV-000922,3.46,1.35,27.8,21.8,12.7,7.7,0,0,1729.69,normal,residencial,despejado,8,medio,bicicleta
ENV-000923,4.81,0.39,19.1,10.8,10.1,2.08,0,0,221.79,normal,residencial,viento_fuerte,7,alto,moto
ENV-000924,10.93,2.64,34.4,18.1,12.4,7.72,0,0,11152.48,express,residencial,despejado,13,alto,moto
ENV-000925,4.65,0.62,18.3,15.7,14.6,4.19,0,0,1967.22,express,residencial,despejado,15,alto,bicicleta
ENV-000926,12.73,0.41,17.0,8.7,6.2,0.92,0,0,570.38,normal,residencial,despejado,13,alto,dron
ENV-000927,11.29,5.15,36.8,19.5,27.1,19.45,1,0,111.9,normal,periferia,despejado,9,bajo,moto
ENV-000928,25.72,1.64,22.5,13.8,12.0,3.73,0,0,442.1,normal,rural,lluvia,19,bajo,moto
ENV-000929,5.73,10.84,51.3,48.3,28.2,69.87,0,0,793.16,normal,residencial,viento_fuerte,21,bajo,moto
ENV-000930,7.42,4.71,37.5,34.7,26.0,33.83,0,0,410.48,normal,residencial,despejado,9,medio,moto
ENV-000931,15.36,2.56,38.9,27.8,15.5,16.76,0,0,561.25,normal,periferia,despejado,15,medio,moto
ENV-000932,2.63,0.42,19.4,12.1,6.0,1.41,0,0,4266.5,normal,centro,viento_fuerte,17,medio,bicicleta
ENV-000933,5.79,0.25,13.0,5.2,5.7,0.39,0,0,2007.72,normal,residencial,despejado,8,alto,bicicleta
ENV-000934,1.57,2.39,34.0,20.4,24.6,17.06,0,0,591.67,express,centro,despejado,12,bajo,bicicleta
ENV-000935,43.7,3.36,24.4,23.7,20.9,12.09,0,0,278.4,normal,rural,lluvia,20,medio,camioneta
ENV-000936,6.15,1.1,32.2,22.1,12.0,8.54,0,0,454.12,mismo_dia,residencial,despejado,17,medio,dron
ENV-000937,5.8,1.43,25.9,17.3,11.7,5.24,0,0,644.28,express,residencial,viento_fuerte,8,alto,bicicleta
ENV-000938,8.32,42.16,87.1,58.2,56.5,286.41,1,0,269.97,normal,residencial,lluvia,18,medio,camioneta
ENV-000939,0.83,2.27,28.1,26.8,17.1,12.88,1,1,1162.78,mismo_dia,centro,despejado,11,alto,camioneta
ENV-000940,3.95,4.89,25.3,21.2,23.3,12.5,1,0,184.9,normal,residencial,despejado,16,bajo,bicicleta
ENV-000941,1.55,2.91,37.4,26.6,15.7,15.62,0,0,216.2,normal,centro,despejado,11,bajo,bicicleta
ENV-000942,3.84,3.79,29.3,23.1,15.9,10.76,1,0,879.72,normal,centro,despejado,16,bajo,bicicleta
ENV-000943,2.18,0.45,17.0,10.8,12.5,2.3,1,0,8776.13,normal,centro,lluvia,4,medio,moto
ENV-000944,1.93,2.51,31.5,16.4,22.7,11.73,0,0,3831.08,normal,residencial,despejado,3,bajo,moto
ENV-000945,3.36,14.14,70.1,36.5,30.7,78.55,0,0,577.79,express,residencial,despejado,9,medio,moto
ENV-000946,4.11,2.55,24.1,20.3,12.4,6.07,0,1,561.12,normal,residencial,despejado,20,alto,camioneta
ENV-000947,42.28,1.61,23.2,15.7,15.1,5.5,0,0,1192.37,normal,rural,lluvia,13,medio,camioneta
ENV-000948,3.1,3.34,35.4,20.9,33.9,25.08,0,0,5706.57,mismo_dia,centro,despejado,9,medio,bicicleta
ENV-000949,20.24,10.27,46.7,43.8,38.4,78.55,0,0,1982.57,normal,periferia,despejado,13,bajo,moto
ENV-000950,31.91,69.64,86.3,63.9,46.4,255.88,0,0,748.89,express,rural,despejado,17,medio,camioneta
ENV-000951,4.24,7.33,51.7,34.7,25.7,46.11,0,0,767.21,express,centro,viento_fuerte,7,alto,moto
ENV-000952,5.92,10.98,42.5,28.9,19.4,23.83,0,0,1938.91,mismo_dia,residencial,lluvia,9,alto,moto
ENV-000953,15.74,1.97,25.8,20.3,22.3,11.68,0,0,1313.31,normal,periferia,despejado,18,alto,moto
ENV-000954,5.78,4.1,41.2,30.3,17.7,22.1,0,0,1029.81,mismo_dia,residencial,lluvia,7,alto,moto
ENV-000955,51.78,1.96,30.3,19.3,9.0,5.26,0,1,1560.01,express,rural,despejado,22,medio,camioneta
ENV-000956,2.41,2.39,34.4,22.5,20.2,15.63,0,1,1442.7,normal,centro,lluvia,15,medio,camioneta
ENV-000957,19.01,17.37,70.0,46.3,19.5,63.2,1,0,4839.46,mismo_dia,periferia,despejado,12,medio,moto
ENV-000958,8.29,10.55,49.6,46.2,32.0,73.33,1,0,127.9,express,residencial,despejado,12,alto,moto
ENV-000959,3.99,1.7,24.9,24.0,20.9,12.49,0,0,240.61,express,centro,despejado,13,alto,bicicleta
ENV-000960,4.15,4.63,46.7,25.1,19.0,22.27,0,1,293.51,express,centro,despejado,6,alto,camioneta
ENV-000961,12.16,1.02,18.5,14.0,14.8,3.83,1,0,1642.69,express,residencial,lluvia,14,bajo,moto
ENV-000962,3.68,3.83,26.8,18.1,23.5,11.4,0,0,2430.9,normal,centro,despejado,11,alto,bicicleta
ENV-000963,2.2,0.39,16.2,15.0,8.4,2.04,0,0,324.42,mismo_dia,residencial,lluvia,18,alto,moto
ENV-000964,3.76,1.46,26.1,22.3,12.0,6.98,0,0,562.53,express,centro,despejado,22,medio,moto
ENV-000965,4.2,2.44,46.4,24.5,16.5,18.76,0,0,284.93,normal,centro,lluvia,10,bajo,moto
ENV-000966,37.36,1.59,24.4,15.9,6.6,2.56,0,0,420.33,express,rural,despejado,10,alto,moto
ENV-000967,16.29,1.19,16.4,12.2,20.4,4.08,0,0,668.54,normal,periferia,lluvia,6,alto,moto
ENV-000968,7.51,43.12,68.8,38.1,59.2,155.18,1,0,594.85,express,residencial,despejado,18,bajo,camioneta
ENV-000969,10.68,3.87,42.9,19.3,22.9,18.96,1,0,1531.22,normal,periferia,despejado,9,medio,moto
ENV-000970,4.21,1.67,33.0,22.7,10.2,7.64,1,0,395.32,normal,residencial,despejado,12,bajo,bicicleta
ENV-000971,10.13,1.94,24.0,16.6,19.2,7.65,0,0,2623.4,normal,residencial,despejado,9,medio,dron
ENV-000972,4.32,1.39,21.2,13.6,21.2,6.11,0,0,88.33,express,centro,despejado,10,bajo,bicicleta
ENV-000973,2.03,3.17,37.7,24.8,10.5,9.82,0,0,19543.41,express,centro,despejado,19,medio,bicicleta
ENV-000974,6.41,4.49,45.4,31.9,16.1,23.32,1,0,815.78,normal,residencial,viento_fuerte,23,bajo,bicicleta
ENV-000975,8.51,1.71,29.1,20.9,11.5,6.99,0,1,591.51,normal,residencial,viento_fuerte,11,alto,camioneta
ENV-000976,1.73,1.87,29.6,26.4,16.9,13.21,0,0,888.9,normal,centro,despejado,16,medio,bicicleta
ENV-000977,2.15,0.51,12.1,13.7,10.3,1.71,0,0,760.29,normal,centro,despejado,19,medio,bicicleta
ENV-000978,22.36,0.54,15.6,15.1,9.0,2.12,0,0,1955.41,normal,rural,despejado,12,bajo,moto
ENV-000979,9.08,0.44,25.8,11.0,10.8,3.07,1,0,233.49,mismo_dia,periferia,despejado,12,medio,dron
ENV-000980,3.5,0.35,15.2,12.5,7.2,1.37,0,0,387.88,normal,centro,despejado,22,medio,moto
ENV-000981,1.12,0.44,15.3,11.2,5.4,0.93,0,0,139.33,normal,centro,despejado,15,alto,bicicleta
ENV-000982,3.06,2.58,21.0,12.5,18.3,4.8,1,0,407.91,express,centro,despejado,15,alto,bicicleta
ENV-000983,4.07,4.57,33.6,32.3,23.8,25.83,0,0,941.08,normal,centro,lluvia,18,alto,bicicleta
ENV-000984,9.47,1.55,16.1,18.6,13.0,3.89,0,0,787.52,express,residencial,despejado,15,alto,dron
ENV-000985,8.89,3.19,22.5,14.5,15.7,5.12,0,0,615.88,normal,residencial,despejado,3,medio,moto
ENV-000986,13.11,1.24,22.7,14.6,22.4,7.42,0,0,217.14,normal,residencial,viento_fuerte,11,medio,moto
ENV-000987,12.71,3.24,40.8,22.1,14.3,12.89,0,0,3110.04,normal,residencial,despejado,14,alto,moto
ENV-000988,12.49,0.9,21.6,19.8,13.4,5.73,0,0,1084.38,mismo_dia,residencial,viento_fuerte,16,alto,moto
ENV-000989,12.48,2.34,36.5,25.3,12.5,11.54,1,0,355.77,express,periferia,despejado,10,medio,dron
ENV-000990,1.84,2.05,26.9,25.4,15.0,10.25,0,0,1169.49,normal,centro,despejado,12,alto,bicicleta
ENV-000991,5.86,0.91,29.6,17.9,12.9,6.83,0,0,3875.03,mismo_dia,residencial,viento_fuerte,14,alto,moto
ENV-000992,3.14,0.52,20.3,17.2,9.8,3.42,0,0,430.8,normal,centro,lluvia,15,alto,moto
ENV-000993,2.89,0.74,16.2,12.1,9.8,1.92,0,0,1397.21,normal,centro,despejado,14,alto,bicicleta
ENV-000994,16.14,3.21,27.7,20.8,20.9,12.04,1,0,1218.8,mismo_dia,periferia,viento_fuerte,2,bajo,moto
ENV-000995,13.09,15.05,52.1,38.9,28.0,56.75,0,1,16918.02,express,periferia,despejado,16,medio,camioneta
ENV-000996,1.74,6.68,44.2,26.5,26.3,30.81,0,0,1079.08,normal,centro,despejado,11,bajo,bicicleta
ENV-000997,1.83,13.17,52.6,35.3,18.8,34.91,0,0,643.0,normal,centro,despejado,13,alto,moto
ENV-000998,13.57,1.81,25.0,18.5,14.4,6.66,0,0,7677.19,normal,residencial,viento_fuerte,21,medio,moto
ENV-000999,4.97,1.27,30.1,16.8,16.3,8.24,0,0,768.3,mismo_dia,centro,despejado,15,alto,bicicleta
ENV-001000,4.83,13.08,37.2,39.9,33.2,49.28,0,0,2668.54,normal,residencial,despejado,17,medio,moto
ENV-001001,1.68,13.4,57.3,36.0,36.7,75.7,0,0,535.12,normal,centro,viento_fuerte,12,bajo,moto
ENV-001002,14.18,0.79,15.2,8.8,10.2,1.36,1,0,2340.67,normal,residencial,despejado,18,medio,dron
ENV-001003,2.85,0.59,17.5,13.3,7.7,1.79,0,0,269.53,mismo_dia,centro,despejado,14,alto,bicicleta
ENV-001004,3.95,6.13,26.5,23.0,19.9,12.13,0,0,1211.61,mismo_dia,centro,viento_fuerte,19,medio,moto
ENV-001005,26.79,2.94,33.8,25.2,13.3,11.33,0,0,3533.83,mismo_dia,rural,despejado,14,medio,moto
ENV-001006,14.26,3.68,34.8,19.6,17.3,11.8,0,0,2980.74,express,periferia,despejado,8,medio,moto
ENV-001007,6.06,0.61,22.0,9.6,9.6,2.03,0,0,2844.5,normal,residencial,viento_fuerte,7,alto,bicicleta
ENV-001008,32.58,0.94,16.2,9.5,12.4,1.91,0,0,388.65,normal,rural,despejado,3,bajo,moto
ENV-001009,4.61,54.38,112.7,69.4,51.2,400.45,0,0,1762.25,normal,centro,despejado,7,alto,camioneta
ENV-001010,2.9,1.65,25.0,19.8,11.5,5.69,0,0,6241.83,express,centro,despejado,9,medio,bicicleta
ENV-001011,43.62,6.72,30.0,30.1,22.2,20.05,0,0,4357.08,normal,rural,despejado,23,medio,camioneta
ENV-001012,2.24,3.19,26.1,26.8,18.6,13.01,1,0,441.4,express,centro,despejado,21,bajo,bicicleta
ENV-001013,5.52,2.51,29.7,25.0,14.1,10.47,0,0,579.38,express,residencial,despejado,10,bajo,bicicleta
ENV-001014,2.24,4.4,28.6,23.0,34.7,22.83,0,0,722.72,express,centro,despejado,18,alto,bicicleta
ENV-001015,7.35,3.36,27.3,20.5,21.6,12.09,0,0,417.12,normal,residencial,despejado,9,alto,moto
ENV-001016,10.51,3.14,25.1,16.7,22.8,9.56,0,0,197.27,normal,residencial,viento_fuerte,14,alto,moto
ENV-001017,14.9,7.23,50.5,43.5,26.1,57.34,1,0,402.73,mismo_dia,periferia,lluvia,18,medio,moto
ENV-001018,3.67,1.75,25.4,20.2,22.6,11.6,0,0,3713.48,express,centro,despejado,14,medio,bicicleta
ENV-001019,11.85,3.76,24.6,20.1,22.2,10.98,0,0,639.15,express,residencial,despejado,14,bajo,moto
ENV-001020,20.1,2.75,44.4,33.0,14.4,21.1,0,0,2211.57,mismo_dia,periferia,despejado,7,alto,moto
ENV-001021,28.37,6.95,45.9,30.9,38.7,54.89,0,0,394.14,normal,rural,lluvia,20,medio,moto
ENV-001022,2.85,1.1,24.6,14.6,20.2,7.26,0,0,511.12,normal,centro,lluvia,21,medio,moto
ENV-001023,8.2,1.15,20.0,14.9,6.8,2.03,1,0,26120.26,mismo_dia,residencial,viento_fuerte,8,medio,moto
ENV-001024,3.93,3.54,34.8,19.7,13.6,9.32,0,0,81.82,normal,centro,despejado,15,medio,bicicleta
ENV-001025,3.4,4.23,42.9,17.9,18.9,14.51,1,0,354.91,mismo_dia,centro,despejado,10,bajo,bicicleta
ENV-001026,2.86,0.92,22.0,13.5,23.5,6.98,0,0,1313.51,normal,centro,despejado,21,medio,moto
ENV-001027,3.33,5.03,30.4,20.4,36.4,22.57,0,0,769.08,express,centro,despejado,7,alto,bicicleta
ENV-001028,2.05,0.74,15.8,16.2,10.8,2.76,0,0,527.19,normal,centro,despejado,11,alto,bicicleta
ENV-001029,10.76,0.32,19.1,10.2,11.4,2.22,0,0,1297.39,express,residencial,viento_fuerte,7,alto,moto
ENV-001030,12.51,0.81,18.0,16.6,10.1,3.02,0,0,743.78,normal,periferia,lluvia,13,medio,moto
ENV-001031,4.77,2.64,38.7,27.0,11.5,12.02,0,1,747.93,normal,centro,lluvia,15,alto,camioneta
ENV-001032,2.48,3.33,50.6,32.9,13.8,22.97,0,0,183.35,express,centro,despejado,16,bajo,bicicleta
ENV-001033,3.94,0.28,13.1,9.1,6.0,0.72,0,0,597.78,express,residencial,lluvia,18,alto,bicicleta
ENV-001034,2.22,32.17,56.6,40.2,76.8,174.74,0,0,508.28,normal,centro,despejado,21,bajo,camioneta
ENV-001035,3.25,3.33,43.9,29.3,16.1,20.71,0,0,395.1,mismo_dia,centro,despejado,12,bajo,bicicleta
ENV-001036,4.91,0.24,17.9,8.6,7.4,1.14,0,0,1927.64,normal,residencial,despejado,20,medio,bicicleta
ENV-001037,1.92,74.95,74.2,74.9,55.2,306.78,0,0,3124.54,mismo_dia,centro,despejado,10,medio,camioneta
ENV-001038,3.27,1.19,17.1,16.2,14.9,4.13,1,0,899.74,mismo_dia,centro,lluvia,11,bajo,moto
ENV-001039,5.17,1.85,33.1,18.1,14.6,8.75,0,0,200.28,express,residencial,viento_fuerte,21,alto,moto
ENV-001040,6.0,1.69,22.4,12.8,9.2,2.64,0,0,1528.85,normal,residencial,despejado,20,medio,bicicleta
ENV-001041,7.88,74.99,98.3,55.1,73.8,399.73,1,0,896.3,normal,periferia,despejado,5,bajo,camioneta
ENV-001042,33.67,1.17,33.3,22.3,9.4,6.98,1,0,452.62,express,rural,lluvia,5,bajo,moto
ENV-001043,23.92,6.21,44.6,28.6,27.3,34.82,0,0,67.38,express,rural,viento_fuerte,10,bajo,moto
ENV-001044,2.63,1.54,18.7,13.4,10.7,2.68,1,0,233.6,normal,centro,despejado,16,bajo,bicicleta
ENV-001045,4.79,0.42,14.7,12.7,8.4,1.57,0,0,359.38,normal,residencial,despejado,9,alto,bicicleta
ENV-001046,29.34,2.1,22.3,17.8,9.2,3.65,0,0,264.87,normal,rural,despejado,18,alto,moto
ENV-001047,5.47,3.36,21.8,22.5,20.3,9.96,0,0,1231.83,normal,residencial,lluvia,16,bajo,moto
ENV-001048,1.54,1.37,37.9,16.0,15.9,9.64,0,0,1689.77,normal,residencial,despejado,11,medio,bicicleta
ENV-001049,2.84,0.7,15.3,11.7,6.7,1.2,0,0,2216.54,normal,centro,despejado,12,bajo,bicicleta
ENV-001050,12.17,1.49,23.9,10.8,11.4,2.94,0,0,981.35,normal,periferia,despejado,13,alto,camioneta
ENV-001051,21.32,4.21,40.3,31.8,23.1,29.6,0,0,1295.61,normal,periferia,viento_fuerte,14,alto,moto
ENV-001052,5.63,1.49,23.4,21.2,18.2,9.03,1,0,180.84,normal,residencial,lluvia,12,medio,bicicleta
ENV-001053,1.39,0.12,10.1,8.6,4.5,0.39,0,0,2397.38,normal,centro,despejado,8,medio,bicicleta
ENV-001054,1.91,0.47,16.2,17.1,13.0,3.6,0,0,445.03,express,centro,despejado,2,bajo,moto
ENV-001055,6.31,1.21,20.8,12.4,18.8,4.85,0,0,2787.5,express,residencial,despejado,12,alto,dron
ENV-001056,5.93,1.18,30.9,17.4,15.5,8.33,0,0,3995.11,normal,periferia,viento_fuerte,19,alto,bicicleta
ENV-001057,5.23,5.65,31.5,27.4,21.7,18.73,0,0,3243.26,normal,centro,despejado,13,alto,moto
ENV-001058,8.76,0.46,18.0,13.7,14.7,3.63,0,0,207.19,normal,residencial,despejado,7,alto,dron
ENV-001059,26.49,9.48,49.8,35.2,31.3,54.87,0,0,446.37,normal,periferia,lluvia,7,alto,moto
ENV-001060,15.22,4.55,51.0,25.9,18.9,24.97,0,0,1648.78,normal,periferia,despejado,9,medio,moto
ENV-001061,10.48,2.25,37.9,20.1,22.7,17.29,0,0,628.98,normal,residencial,despejado,10,medio,moto
ENV-001062,4.63,0.31,17.0,9.2,11.1,1.74,1,0,859.38,normal,residencial,lluvia,7,medio,bicicleta
ENV-001063,15.44,1.15,21.4,16.3,7.7,2.69,0,0,2922.77,normal,periferia,despejado,12,medio,moto
ENV-001064,3.6,0.99,18.6,14.7,6.9,1.89,1,0,95.85,express,centro,despejado,9,bajo,bicicleta
ENV-001065,2.99,0.87,25.5,20.5,11.0,5.75,0,0,430.91,normal,centro,despejado,15,alto,bicicleta
ENV-001066,3.42,4.2,42.2,28.1,21.5,25.5,1,0,226.06,normal,centro,despejado,19,alto,bicicleta
ENV-001067,2.69,2.51,22.9,16.5,25.4,9.6,0,0,250.23,mismo_dia,centro,viento_fuerte,16,bajo,moto
ENV-001068,8.04,1.85,40.1,24.8,11.6,11.54,0,0,447.97,express,residencial,despejado,8,alto,dron
ENV-001069,4.19,8.64,36.1,29.4,34.9,37.04,1,0,3042.05,normal,residencial,viento_fuerte,14,alto,moto
ENV-001070,12.79,1.06,30.6,19.0,13.3,7.73,0,0,412.62,normal,residencial,despejado,8,medio,dron
ENV-001071,4.31,0.68,19.7,12.2,15.9,3.82,0,0,256.22,normal,residencial,despejado,16,bajo,camioneta
ENV-001072,4.98,0.96,22.0,11.1,9.6,2.34,0,0,583.99,express,residencial,despejado,23,bajo,moto
ENV-001073,1.8,0.51,16.4,11.1,20.9,3.8,0,1,1368.26,express,residencial,despejado,7,medio,camioneta
ENV-001074,6.35,2.13,21.3,13.6,25.2,7.3,0,0,1333.0,normal,residencial,lluvia,18,alto,moto
ENV-001075,10.45,1.75,23.3,15.2,17.1,6.06,0,0,50,express,residencial,despejado,6,medio,dron
ENV-001076,4.53,2.35,25.1,25.4,15.2,9.69,0,1,2968.91,mismo_dia,residencial,lluvia,10,medio,camioneta
ENV-001077,21.61,11.49,55.4,41.9,19.3,44.8,0,0,479.71,normal,periferia,despejado,17,medio,moto
ENV-001078,5.77,0.21,13.8,5.4,6.1,0.45,0,0,195.04,express,residencial,despejado,14,alto,bicicleta
ENV-001079,2.62,16.0,69.4,30.9,39.6,84.92,0,0,280.87,express,centro,despejado,22,bajo,moto
ENV-001080,49.26,0.73,21.6,14.5,11.0,3.45,0,0,7016.44,express,rural,despejado,11,medio,camioneta
ENV-001081,8.78,74.56,110.5,68.2,51.4,387.36,0,0,6810.04,express,residencial,lluvia,13,medio,camioneta
ENV-001082,2.45,0.75,23.3,12.6,10.2,2.99,0,0,1255.85,normal,centro,lluvia,15,medio,moto
ENV-001083,19.74,4.62,42.6,37.2,22.7,35.97,0,0,950.87,normal,periferia,viento_fuerte,12,medio,moto
ENV-001084,21.94,0.4,22.6,11.5,9.2,2.39,0,0,608.48,normal,periferia,lluvia,3,medio,moto
ENV-001085,2.72,4.25,26.3,23.1,17.7,10.75,0,0,165.25,normal,residencial,viento_fuerte,16,medio,bicicleta
ENV-001086,13.8,0.82,23.4,11.0,8.9,2.29,0,0,308.38,normal,residencial,despejado,20,medio,dron
ENV-001087,3.63,9.13,47.5,21.6,27.1,27.8,0,0,540.12,mismo_dia,centro,despejado,11,bajo,moto
ENV-001088,11.87,3.26,32.8,30.2,23.3,23.08,0,1,61.35,normal,residencial,despejado,6,medio,camioneta
ENV-001089,26.41,0.31,16.1,11.3,9.9,1.8,0,0,554.01,normal,rural,despejado,15,alto,moto
ENV-001090,16.5,0.48,17.9,12.7,6.3,1.43,0,0,1145.5,normal,periferia,despejado,6,medio,moto
ENV-001091,2.63,0.87,23.2,14.2,9.5,3.13,0,0,628.14,express,centro,despejado,12,bajo,bicicleta
ENV-001092,3.5,2.34,35.8,18.1,26.1,16.91,0,0,533.61,normal,centro,lluvia,14,alto,bicicleta
ENV-001093,7.92,1.87,42.6,17.6,17.8,13.35,0,0,285.8,normal,residencial,despejado,19,alto,moto
ENV-001094,0.85,2.1,31.3,17.8,13.9,7.74,1,0,1276.85,mismo_dia,centro,viento_fuerte,13,alto,bicicleta
ENV-001095,24.73,0.98,19.2,16.2,18.8,5.85,1,0,1851.48,normal,rural,despejado,2,medio,moto
ENV-001096,2.65,8.59,37.6,24.9,30.7,28.74,0,0,713.79,mismo_dia,centro,despejado,21,medio,moto
ENV-001097,15.7,1.55,30.2,16.3,18.3,9.01,0,0,2060.4,mismo_dia,periferia,despejado,17,medio,moto
ENV-001098,14.68,4.35,41.3,19.4,19.0,15.22,0,0,193.84,normal,periferia,despejado,8,alto,moto
ENV-001099,57.53,22.87,66.1,49.5,28.5,93.25,1,0,50,express,rural,despejado,15,medio,camioneta
ENV-001100,6.19,0.78,11.6,13.0,9.0,1.36,1,0,1523.11,normal,residencial,despejado,17,medio,bicicleta
ENV-001101,5.11,2.34,45.1,21.0,17.5,16.57,0,0,2545.52,express,centro,despejado,16,alto,bicicleta
ENV-001102,4.85,0.36,12.9,11.6,10.1,1.51,1,0,372.86,normal,centro,despejado,20,alto,bicicleta
ENV-001103,7.94,1.72,26.5,21.1,10.5,5.87,0,0,619.36,normal,residencial,despejado,21,bajo,moto
ENV-001104,10.84,3.02,35.3,30.9,15.8,17.23,0,0,1001.6,express,residencial,viento_fuerte,13,alto,moto
ENV-001105,11.27,39.7,68.6,55.5,56.4,214.73,0,0,570.79,express,residencial,despejado,15,bajo,camioneta
ENV-001106,3.56,0.27,10.3,7.9,6.4,0.52,0,0,519.47,normal,centro,lluvia,11,medio,moto
ENV-001107,4.44,4.66,43.1,22.3,24.2,23.26,0,0,876.28,normal,centro,despejado,10,alto,bicicleta
ENV-001108,13.51,0.89,21.7,16.9,14.8,5.43,0,0,558.35,normal,periferia,despejado,3,medio,moto
ENV-001109,16.12,3.56,51.0,36.4,15.3,28.4,1,0,7089.37,normal,periferia,despejado,12,bajo,moto
ENV-001110,25.26,0.92,21.3,14.8,13.5,4.26,0,0,1006.88,mismo_dia,periferia,lluvia,14,alto,moto
ENV-001111,1.74,4.26,47.6,31.0,16.2,23.9,0,0,2117.01,mismo_dia,centro,despejado,22,medio,moto
ENV-001112,1.5,7.14,36.7,28.3,16.0,16.62,1,0,1387.84,normal,centro,despejado,18,alto,bicicleta
ENV-001113,5.48,1.83,24.7,25.7,20.3,12.89,0,0,672.7,express,residencial,viento_fuerte,12,medio,bicicleta
ENV-001114,1.72,2.24,38.7,20.5,14.0,11.11,0,0,41359.62,express,centro,despejado,1,medio,moto
ENV-001115,4.91,71.57,85.2,63.3,41.0,221.12,0,0,456.72,normal,centro,despejado,9,alto,camioneta
ENV-001116,4.04,0.28,13.7,7.7,9.6,1.01,0,0,492.11,express,centro,despejado,15,alto,bicicleta
ENV-001117,2.27,0.6,17.6,8.3,9.7,1.42,0,0,497.3,normal,centro,despejado,7,alto,bicicleta
ENV-001118,25.78,1.54,33.1,23.5,14.2,11.05,0,0,488.24,express,rural,despejado,7,alto,moto
ENV-001119,5.54,69.35,108.7,50.6,48.6,267.31,0,0,2169.78,mismo_dia,residencial,despejado,20,alto,camioneta
ENV-001120,9.4,3.06,36.9,18.4,23.5,15.96,0,0,22594.43,normal,periferia,despejado,3,alto,moto
ENV-001121,3.95,1.89,33.6,19.9,15.3,10.23,0,0,785.21,normal,centro,lluvia,8,alto,moto
ENV-001122,4.34,2.97,40.3,25.4,16.5,16.89,0,0,1691.32,express,residencial,despejado,16,bajo,bicicleta
ENV-001123,27.86,5.63,27.1,25.4,15.1,10.39,0,0,2053.53,normal,rural,despejado,19,alto,moto
ENV-001124,1.64,7.04,55.0,23.0,23.9,30.23,0,0,1802.67,express,centro,despejado,19,alto,bicicleta
ENV-001125,9.11,8.94,56.9,24.3,28.2,38.99,0,0,279.24,mismo_dia,residencial,despejado,8,alto,moto
ENV-001126,27.69,2.83,37.8,20.4,17.3,13.34,0,0,931.83,normal,periferia,despejado,18,alto,moto
ENV-001127,4.64,0.69,15.6,15.3,15.6,3.72,0,0,1801.04,normal,residencial,viento_fuerte,8,alto,bicicleta
ENV-001128,1.86,0.81,18.8,17.0,13.1,4.19,0,0,5861.26,normal,centro,despejado,8,alto,bicicleta
ENV-001129,3.78,1.65,31.2,18.0,10.8,6.07,0,0,1614.88,express,centro,despejado,13,bajo,bicicleta
ENV-001130,2.4,31.89,53.7,50.3,46.6,125.87,0,0,1442.99,mismo_dia,centro,viento_fuerte,11,medio,camioneta
ENV-001131,56.69,0.77,13.4,12.0,8.0,1.29,0,0,1219.17,express,rural,despejado,10,medio,camioneta
ENV-001132,25.39,1.2,32.1,21.6,12.8,8.88,0,0,2225.83,normal,rural,despejado,15,alto,moto
ENV-001133,3.85,0.88,29.6,20.4,9.8,5.92,0,0,1462.49,normal,centro,lluvia,17,alto,bicicleta
ENV-001134,4.53,0.68,20.4,11.8,11.3,2.72,0,0,1809.41,normal,residencial,despejado,18,alto,bicicleta
ENV-001135,8.44,5.65,39.6,28.5,15.1,17.04,0,0,4538.53,normal,residencial,despejado,16,medio,moto
ENV-001136,8.19,1.68,22.7,18.3,25.4,10.55,0,0,250.01,mismo_dia,residencial,lluvia,23,alto,moto
ENV-001137,8.56,26.9,78.5,52.6,37.7,155.67,1,0,401.16,mismo_dia,residencial,despejado,15,bajo,camioneta
ENV-001138,2.83,1.89,39.1,20.1,17.5,13.75,0,0,206.39,normal,centro,viento_fuerte,20,alto,bicicleta
ENV-001139,3.78,1.28,31.6,23.8,11.5,8.65,0,0,782.69,normal,centro,despejado,18,alto,bicicleta
ENV-001140,2.25,0.26,19.9,11.7,7.4,1.72,0,0,172.97,normal,centro,lluvia,8,medio,moto
ENV-001141,10.28,6.84,35.4,22.0,13.8,10.75,0,0,2672.59,normal,residencial,lluvia,22,bajo,moto
ENV-001142,7.77,4.79,41.9,29.4,18.6,22.91,0,0,443.17,express,periferia,despejado,16,bajo,moto
ENV-001143,5.35,2.07,30.7,19.8,15.0,9.12,0,1,148.24,express,residencial,despejado,14,bajo,camioneta
ENV-001144,3.67,5.77,45.9,32.6,29.6,44.29,0,1,172.77,normal,centro,despejado,9,alto,camioneta
ENV-001145,6.88,2.36,31.4,27.3,17.0,14.57,0,0,399.79,normal,residencial,despejado,9,alto,bicicleta
ENV-001146,21.76,1.99,28.4,14.6,17.7,7.34,0,0,260.87,normal,periferia,lluvia,9,medio,moto
ENV-001147,15.96,1.07,22.4,20.8,18.0,8.39,1,0,590.51,express,periferia,despejado,19,alto,moto
ENV-001148,6.16,3.33,42.7,20.6,23.7,20.85,0,0,1479.46,normal,residencial,despejado,13,alto,bicicleta
ENV-001149,7.48,2.34,37.8,20.4,13.6,10.49,0,0,201.98,normal,residencial,despejado,20,alto,dron
ENV-001150,2.24,0.56,19.5,15.3,10.8,3.22,0,0,663.38,normal,centro,despejado,5,medio,moto
ENV-001151,14.14,1.0,27.7,14.8,10.1,4.14,0,0,376.47,express,periferia,despejado,9,alto,dron
ENV-001152,7.13,0.25,20.4,13.6,5.7,1.58,0,0,483.51,express,residencial,despejado,11,bajo,dron
ENV-001153,1.35,2.58,30.6,27.6,14.9,12.58,0,0,619.09,express,centro,lluvia,3,bajo,moto
ENV-001154,6.48,68.97,109.0,69.8,52.5,399.43,0,0,2010.89,express,residencial,despejado,20,medio,camioneta
ENV-001155,43.48,11.46,71.7,45.1,23.0,74.37,0,0,1240.33,normal,rural,despejado,17,alto,camioneta
ENV-001156,3.49,4.8,40.8,37.1,24.8,37.54,0,0,282.39,normal,residencial,despejado,11,medio,bicicleta
ENV-001157,1.99,1.1,16.5,13.2,19.2,4.18,0,0,2948.7,normal,centro,despejado,12,bajo,bicicleta
ENV-001158,3.66,0.83,18.5,19.2,16.0,5.68,0,0,187.68,express,centro,lluvia,16,medio,moto
ENV-001159,14.6,1.66,21.2,18.2,12.6,4.86,0,0,670.17,normal,periferia,viento_fuerte,17,bajo,moto
ENV-001160,6.15,7.45,55.6,26.1,28.1,40.78,0,1,571.35,normal,residencial,lluvia,20,alto,camioneta
ENV-001161,9.89,1.88,32.7,17.0,19.1,10.62,0,0,1001.9,mismo_dia,residencial,despejado,18,alto,dron
ENV-001162,12.32,1.78,32.8,21.0,19.6,13.5,0,0,147.58,normal,residencial,viento_fuerte,14,medio,moto
ENV-001163,14.35,0.68,18.0,12.1,18.5,4.03,1,0,10603.27,express,residencial,lluvia,12,medio,moto
ENV-001164,11.71,67.28,95.1,64.5,32.2,197.51,0,0,3278.01,normal,residencial,despejado,11,bajo,camioneta
ENV-001165,2.11,29.8,61.8,43.2,21.4,57.13,1,0,107.23,express,centro,lluvia,17,bajo,camioneta
ENV-001166,12.73,0.79,23.8,10.2,12.3,2.99,0,0,804.23,normal,periferia,viento_fuerte,16,medio,moto
ENV-001167,2.01,1.15,28.7,15.9,14.6,6.66,0,0,650.1,normal,centro,lluvia,11,alto,moto
ENV-001168,53.43,2.24,31.0,17.9,9.3,5.16,0,1,442.42,normal,rural,despejado,11,medio,camioneta
ENV-001169,3.96,1.37,39.0,22.5,11.6,10.18,0,0,12503.94,express,residencial,despejado,13,bajo,bicicleta
ENV-001170,5.84,0.3,16.0,11.5,11.5,2.12,0,0,542.26,express,residencial,viento_fuerte,6,bajo,bicicleta
ENV-001171,10.34,2.9,29.7,14.4,15.7,6.71,0,0,424.98,express,residencial,viento_fuerte,15,alto,moto
ENV-001172,46.33,12.97,63.0,30.4,31.4,60.14,1,0,580.92,normal,rural,despejado,19,bajo,camioneta
ENV-001173,3.4,4.19,46.5,24.9,15.1,17.48,0,0,465.72,mismo_dia,centro,lluvia,15,alto,moto
ENV-001174,15.66,1.27,22.8,12.1,12.5,3.45,0,0,2619.36,normal,periferia,viento_fuerte,7,alto,moto
ENV-001175,6.52,4.3,49.4,23.6,18.4,21.45,0,0,104.15,normal,residencial,despejado,16,medio,bicicleta
ENV-001176,6.87,3.93,30.1,12.9,15.5,6.02,0,0,3498.01,mismo_dia,residencial,despejado,11,bajo,moto
ENV-001177,12.04,1.48,13.8,9.8,18.4,2.49,0,0,1104.68,express,periferia,lluvia,9,alto,moto
ENV-001178,3.53,2.32,27.3,21.4,21.6,12.62,0,0,407.33,normal,centro,despejado,20,alto,camioneta
ENV-001179,27.44,1.78,31.1,15.7,22.7,11.08,0,0,1974.33,normal,rural,viento_fuerte,2,bajo,moto
ENV-001180,3.95,2.09,30.3,23.9,14.4,10.43,0,0,1030.52,normal,residencial,despejado,17,bajo,bicicleta
ENV-001181,2.3,0.96,22.5,16.8,19.0,7.18,0,0,151.35,normal,centro,lluvia,18,medio,moto
ENV-001182,3.74,53.55,81.8,61.6,66.1,333.07,1,0,479.14,normal,centro,viento_fuerte,15,alto,camioneta
ENV-001183,24.35,4.24,37.3,27.9,24.4,25.39,0,0,564.47,express,periferia,despejado,13,alto,moto
ENV-001184,12.74,3.74,49.1,23.2,21.7,24.72,0,0,423.58,normal,residencial,viento_fuerte,15,bajo,moto
ENV-001185,3.44,2.14,31.8,27.0,16.8,14.42,0,1,1712.11,normal,residencial,viento_fuerte,18,alto,camioneta
ENV-001186,6.72,0.1,10.6,5.8,8.5,0.52,1,0,1171.32,normal,residencial,despejado,8,medio,bicicleta
ENV-001187,4.66,1.96,20.8,17.0,12.5,4.42,0,0,8410.24,mismo_dia,residencial,despejado,7,alto,dron
ENV-001188,8.55,9.13,57.6,46.4,27.0,72.16,0,0,621.61,normal,residencial,despejado,20,alto,moto
ENV-001189,12.6,1.38,21.4,17.5,14.8,5.54,1,0,2195.64,normal,periferia,despejado,9,alto,dron
ENV-001190,18.58,2.64,29.8,17.2,15.3,7.84,0,0,6076.02,normal,periferia,despejado,3,bajo,moto
ENV-001191,9.25,75.13,75.4,59.7,88.8,399.72,0,0,50,express,residencial,lluvia,9,alto,camioneta
ENV-001192,2.86,1.73,23.7,15.2,16.3,5.87,0,0,545.04,normal,centro,despejado,12,medio,bicicleta
ENV-001193,12.88,0.68,17.6,8.1,8.6,1.23,0,0,698.14,normal,periferia,despejado,19,medio,dron
ENV-001194,15.37,4.48,46.4,24.3,25.6,28.86,1,0,871.95,express,periferia,despejado,4,medio,moto
ENV-001195,3.55,0.88,20.4,16.2,12.0,3.97,0,0,331.99,normal,residencial,despejado,13,medio,bicicleta
ENV-001196,2.52,22.15,53.8,44.8,41.0,98.82,0,0,50,normal,centro,despejado,15,alto,camioneta
ENV-001197,7.13,3.34,33.3,19.5,15.9,10.32,0,0,1685.95,express,residencial,lluvia,22,bajo,moto
ENV-001198,5.7,3.49,36.9,17.9,22.5,14.86,0,0,6467.84,express,centro,despejado,17,bajo,bicicleta
ENV-001199,0.49,1.5,19.3,16.6,10.6,3.4,0,0,364.79,mismo_dia,centro,despejado,18,alto,moto
ENV-001200,6.14,2.11,33.9,26.9,13.9,12.68,0,0,227.9,normal,residencial,lluvia,6,alto,moto
ENV-001201,5.03,1.58,17.7,16.5,13.7,4.0,0,0,246.76,mismo_dia,residencial,despejado,17,alto,dron
ENV-001202,4.85,1.24,25.8,17.4,19.0,8.53,1,0,309.11,express,centro,despejado,17,bajo,bicicleta
ENV-001203,32.2,1.33,32.4,16.1,15.4,8.03,1,0,1472.54,normal,rural,despejado,19,alto,moto
ENV-001204,3.52,2.06,28.0,21.1,11.7,6.91,1,0,25123.44,mismo_dia,centro,despejado,13,alto,moto
ENV-001205,4.02,1.25,22.5,17.8,21.8,8.73,1,0,665.18,express,residencial,lluvia,14,medio,bicicleta
ENV-001206,25.42,1.13,30.6,14.7,18.6,8.37,0,0,408.71,mismo_dia,periferia,lluvia,11,alto,moto
ENV-001207,24.58,1.71,33.8,24.5,14.1,11.68,0,1,438.09,normal,periferia,despejado,10,medio,camioneta
ENV-001208,3.56,0.94,16.1,18.2,12.8,3.75,1,0,5784.19,normal,centro,despejado,16,bajo,bicicleta
ENV-001209,2.1,62.49,114.2,75.8,43.0,372.22,0,1,4630.31,express,centro,despejado,20,alto,camioneta
ENV-001210,5.0,4.56,41.3,27.6,12.5,14.25,0,0,1324.18,normal,centro,lluvia,18,alto,bicicleta
ENV-001211,2.73,1.5,27.1,16.0,22.8,9.89,0,0,1048.91,normal,centro,despejado,16,bajo,bicicleta
ENV-001212,2.23,1.24,18.5,17.7,10.5,3.44,0,1,1040.61,normal,centro,lluvia,15,alto,camioneta
ENV-001213,10.48,3.86,44.1,33.4,17.1,25.19,0,0,141.7,normal,residencial,lluvia,7,medio,moto
ENV-001214,53.08,4.16,41.9,29.2,13.6,16.64,0,0,2771.21,normal,rural,despejado,16,bajo,camioneta
ENV-001215,6.85,0.52,15.9,9.4,11.0,1.64,1,0,662.49,express,residencial,lluvia,9,medio,bicicleta
ENV-001216,5.02,4.86,43.6,34.7,16.2,24.51,0,0,225.4,express,residencial,lluvia,20,alto,moto
ENV-001217,41.38,2.91,38.2,22.8,12.6,10.97,0,0,1025.57,express,rural,despejado,18,medio,camioneta
ENV-001218,44.68,76.53,68.0,52.3,33.2,118.07,0,0,133.7,normal,rural,despejado,17,bajo,camioneta
ENV-001219,8.09,2.8,22.0,18.7,21.2,8.72,1,0,96.5,mismo_dia,periferia,despejado,12,bajo,moto
ENV-001220,6.29,3.28,29.8,19.2,35.6,20.37,0,0,5544.2,normal,residencial,despejado,21,alto,bicicleta
ENV-001221,1.96,1.16,23.0,13.6,19.7,6.16,0,0,984.16,mismo_dia,centro,lluvia,19,medio,bicicleta
ENV-001222,3.75,63.24,101.7,62.0,34.9,220.06,0,1,537.04,normal,residencial,despejado,6,medio,camioneta
ENV-001223,18.96,2.88,35.4,20.8,20.5,15.09,0,0,170.22,express,periferia,lluvia,12,alto,moto
ENV-001224,1.85,17.17,50.0,37.1,19.4,35.99,0,0,536.9,normal,centro,viento_fuerte,11,medio,moto
ENV-001225,17.09,3.0,32.0,19.9,14.7,9.36,0,0,917.85,normal,periferia,despejado,9,alto,moto
ENV-001226,12.04,0.39,18.8,12.7,12.5,2.98,0,0,2534.69,normal,residencial,viento_fuerte,14,medio,moto
ENV-001227,9.24,0.63,16.8,12.5,21.4,4.49,0,0,2614.9,normal,residencial,despejado,22,alto,moto
ENV-001228,43.87,2.16,30.2,15.7,21.4,10.15,1,0,235.29,express,rural,lluvia,10,medio,camioneta
ENV-001229,12.79,4.31,31.3,16.7,18.4,9.62,0,0,289.78,mismo_dia,residencial,lluvia,5,alto,moto
ENV-001230,3.69,0.24,16.0,8.4,8.8,1.18,0,0,788.79,mismo_dia,residencial,despejado,14,alto,dron
ENV-001231,7.67,0.74,28.3,17.0,10.0,4.81,0,0,228.16,normal,residencial,despejado,6,bajo,dron
ENV-001232,3.25,2.22,31.7,20.0,23.0,14.58,0,0,1058.06,normal,centro,despejado,18,medio,bicicleta
ENV-001233,1.92,3.64,29.8,20.5,17.5,10.69,1,0,2150.96,express,centro,despejado,12,alto,bicicleta
ENV-001234,4.66,0.5,13.5,13.1,8.1,1.43,0,1,4851.08,normal,centro,despejado,6,medio,camioneta
ENV-001235,8.26,0.5,16.3,10.1,8.5,1.4,0,1,851.78,normal,residencial,despejado,11,medio,camioneta
ENV-001236,2.15,6.5,31.7,23.1,28.4,20.8,0,0,844.77,normal,centro,despejado,14,medio,bicicleta
ENV-001237,13.08,2.55,28.1,19.7,33.5,18.54,1,0,438.2,mismo_dia,residencial,lluvia,16,bajo,moto
ENV-001238,16.52,0.86,28.5,17.6,10.5,5.27,0,0,692.48,express,rural,despejado,16,bajo,moto
ENV-001239,2.84,1.0,21.3,16.4,8.9,3.11,0,0,570.54,normal,residencial,despejado,6,bajo,bicicleta
ENV-001240,5.17,5.89,30.6,22.6,31.4,21.71,0,1,5299.92,express,residencial,viento_fuerte,8,medio,camioneta
ENV-001241,6.81,0.65,19.9,12.6,16.3,4.09,1,0,1156.6,express,residencial,despejado,7,alto,dron
ENV-001242,5.42,0.92,19.3,15.1,19.2,5.6,0,0,1670.93,mismo_dia,residencial,despejado,5,bajo,moto
ENV-001243,3.33,1.28,21.3,22.4,15.3,7.3,0,0,213.84,mismo_dia,centro,despejado,10,medio,bicicleta
ENV-001244,3.6,1.19,28.2,17.2,10.0,4.85,0,0,2033.52,normal,centro,despejado,23,bajo,moto
ENV-001245,38.87,1.93,37.9,27.9,13.4,14.17,0,0,790.5,normal,rural,despejado,10,alto,moto
ENV-001246,7.02,7.32,66.2,28.8,27.3,52.05,1,0,657.46,normal,periferia,lluvia,17,medio,moto
ENV-001247,12.15,3.1,43.0,20.5,20.3,17.89,0,0,2297.86,express,periferia,despejado,20,alto,moto
ENV-001248,3.33,1.48,34.2,22.5,13.2,10.16,0,0,387.41,normal,residencial,despejado,14,alto,bicicleta
ENV-001249,7.97,0.9,20.4,18.0,9.7,3.56,0,1,340.71,normal,residencial,lluvia,7,bajo,camioneta
ENV-001250,4.03,7.99,45.2,26.4,36.8,43.91,0,0,152.69,normal,centro,despejado,12,medio,moto
ENV-001251,12.42,1.86,19.7,12.7,18.1,4.53,0,0,153.64,normal,periferia,lluvia,19,alto,moto
ENV-001252,9.35,6.9,42.6,23.9,24.1,24.54,0,0,807.64,normal,residencial,lluvia,18,alto,moto
ENV-001253,3.95,1.46,19.2,12.9,23.2,5.75,1,0,262.12,normal,centro,despejado,5,bajo,bicicleta
ENV-001254,2.98,1.13,14.1,10.5,12.5,1.85,0,0,200.61,normal,centro,despejado,13,medio,bicicleta
ENV-001255,2.8,5.26,39.2,32.8,22.0,28.29,0,0,1544.1,normal,residencial,lluvia,23,bajo,moto
ENV-001256,24.22,0.79,18.3,13.4,18.6,4.56,0,0,3491.04,normal,periferia,despejado,14,alto,moto
ENV-001257,3.64,3.41,44.3,18.4,20.9,17.04,0,0,1299.92,express,centro,despejado,21,medio,moto
ENV-001258,2.33,1.32,18.2,11.8,18.7,4.02,0,0,413.2,normal,centro,despejado,14,medio,bicicleta
ENV-001259,13.86,9.31,46.1,44.4,26.8,54.86,0,0,1110.49,normal,periferia,viento_fuerte,18,alto,moto
ENV-001260,20.17,22.32,81.4,37.2,48.5,146.86,0,0,1824.33,normal,periferia,despejado,10,medio,camioneta
ENV-001261,35.72,0.58,18.4,15.1,16.1,4.47,0,0,2011.1,normal,rural,despejado,17,bajo,moto
ENV-001262,8.41,4.52,36.9,22.7,12.8,10.72,0,0,6041.69,express,residencial,despejado,17,medio,moto
ENV-001263,15.75,0.72,19.0,11.0,17.8,3.72,0,0,124.75,express,periferia,despejado,18,medio,moto
ENV-001264,7.81,1.91,31.7,17.1,11.5,6.23,0,0,1364.68,mismo_dia,residencial,lluvia,8,alto,moto
ENV-001265,3.74,14.4,32.1,25.7,29.3,24.17,0,0,2023.25,mismo_dia,residencial,despejado,13,medio,moto
ENV-001266,8.51,1.72,34.2,16.5,12.7,7.17,0,0,246.32,express,residencial,despejado,17,medio,dron
ENV-001267,1.4,5.09,26.8,28.8,23.2,17.91,0,0,574.06,normal,centro,despejado,7,medio,bicicleta
ENV-001268,7.74,3.01,24.8,22.5,15.5,8.65,1,0,718.64,normal,residencial,lluvia,10,bajo,moto
ENV-001269,7.28,0.82,27.0,15.8,8.3,3.54,0,0,3882.99,express,residencial,despejado,11,bajo,dron
ENV-001270,5.31,2.41,26.1,27.8,21.3,15.45,0,0,2052.67,normal,centro,despejado,15,alto,bicicleta
ENV-001271,4.08,0.69,27.0,12.8,10.7,3.7,0,0,1325.34,normal,centro,lluvia,9,medio,moto
ENV-001272,13.8,2.03,24.0,15.7,23.8,8.97,0,0,53.24,normal,periferia,despejado,16,bajo,dron
ENV-001273,10.15,3.76,29.7,16.8,13.3,6.64,1,0,999.05,mismo_dia,residencial,despejado,15,bajo,moto
ENV-001274,7.75,10.06,43.9,43.1,32.8,62.06,0,0,1166.74,normal,residencial,viento_fuerte,19,alto,moto
ENV-001275,9.31,4.68,22.5,14.2,26.0,8.31,0,0,1547.09,mismo_dia,residencial,despejado,12,bajo,moto
ENV-001276,30.89,54.07,76.7,43.0,45.3,149.4,0,0,366.95,normal,rural,lluvia,15,alto,camioneta
ENV-001277,1.29,0.15,15.4,9.2,6.9,0.98,0,0,877.55,express,centro,despejado,20,medio,bicicleta
ENV-001278,5.71,3.4,23.4,22.1,15.5,8.02,0,0,714.96,normal,centro,despejado,18,alto,bicicleta
ENV-001279,12.87,1.43,25.9,24.9,14.8,9.54,0,0,784.02,express,periferia,despejado,20,bajo,dron
ENV-001280,1.98,1.11,23.8,20.0,10.3,4.9,0,0,197.47,mismo_dia,centro,despejado,7,alto,bicicleta
ENV-001281,3.0,0.7,28.0,15.5,12.3,5.34,0,0,2554.37,express,centro,lluvia,9,bajo,moto
ENV-001282,33.28,0.18,14.2,9.7,6.1,0.84,0,0,448.55,express,rural,despejado,12,medio,moto
ENV-001283,5.31,22.36,58.0,43.6,49.4,124.92,0,0,249.37,express,residencial,despejado,18,alto,camioneta
ENV-001284,40.98,0.93,18.3,14.7,16.5,4.44,1,0,306.48,mismo_dia,rural,despejado,13,medio,camioneta
ENV-001285,9.76,5.26,41.6,26.3,22.5,24.62,0,0,2451.49,express,residencial,despejado,15,alto,moto
ENV-001286,9.03,4.92,24.5,17.9,18.6,8.16,0,0,1347.74,mismo_dia,residencial,despejado,18,alto,moto
ENV-001287,4.62,1.25,22.4,12.7,20.7,5.89,0,0,320.47,express,centro,lluvia,10,alto,moto
ENV-001288,6.78,6.26,38.3,19.5,22.0,16.43,0,0,287.69,express,residencial,despejado,16,medio,bicicleta
ENV-001289,9.89,10.94,51.0,29.7,16.0,24.24,0,0,4136.78,mismo_dia,residencial,despejado,11,bajo,moto
ENV-001290,6.06,1.65,30.8,12.5,13.4,5.16,0,0,1847.89,normal,residencial,despejado,11,bajo,bicicleta
ENV-001291,2.33,1.56,25.6,25.0,17.8,11.39,0,0,1188.41,normal,centro,despejado,12,medio,bicicleta
ENV-001292,2.9,6.12,27.0,19.7,35.4,18.83,0,0,608.43,normal,centro,despejado,20,alto,bicicleta
ENV-001293,8.9,0.71,17.5,13.4,18.6,4.36,0,0,1256.22,normal,residencial,lluvia,11,bajo,moto
ENV-001294,7.86,7.03,37.9,28.3,21.1,22.63,0,0,117.89,mismo_dia,residencial,despejado,15,alto,moto
ENV-001295,13.69,4.22,53.2,30.5,20.6,33.43,0,0,201.72,express,residencial,despejado,6,medio,moto
ENV-001296,0.99,0.57,14.2,13.7,7.7,1.5,1,0,453.19,express,centro,despejado,9,alto,bicicleta
ENV-001297,12.59,23.22,59.8,53.9,33.9,109.27,1,0,353.81,normal,residencial,despejado,17,medio,camioneta
ENV-001298,25.13,10.84,63.6,39.9,30.9,78.41,0,0,114.09,express,periferia,despejado,8,medio,moto
ENV-001299,5.85,1.34,26.6,25.2,15.0,10.05,0,0,1965.44,express,residencial,despejado,8,medio,bicicleta
ENV-001300,11.98,4.39,49.2,28.1,24.8,34.29,0,0,9880.94,normal,periferia,despejado,8,medio,moto
ENV-001301,3.47,0.88,31.1,14.0,15.5,6.75,0,0,420.17,express,centro,despejado,17,bajo,bicicleta
ENV-001302,19.9,6.82,31.3,30.0,22.9,21.5,1,0,521.86,normal,periferia,despejado,20,bajo,moto
ENV-001303,4.87,1.59,14.7,10.3,18.7,2.83,1,0,6484.94,normal,residencial,despejado,12,medio,bicicleta
ENV-001304,4.85,1.11,32.9,19.2,10.1,6.38,0,0,205.82,express,residencial,despejado,18,alto,bicicleta
ENV-001305,6.16,7.41,51.1,22.1,27.2,30.72,0,0,1719.85,normal,residencial,despejado,17,medio,bicicleta
ENV-001306,6.86,0.89,17.5,14.9,15.2,3.96,0,0,524.71,express,residencial,despejado,12,bajo,dron
ENV-001307,18.44,0.41,14.0,9.2,5.5,0.71,0,0,320.33,normal,periferia,despejado,20,medio,moto
ENV-001308,14.42,1.76,24.6,16.4,15.2,6.13,0,0,6251.62,express,periferia,despejado,15,alto,dron
ENV-001309,8.16,1.9,31.4,15.2,15.9,7.59,0,0,315.55,mismo_dia,residencial,lluvia,18,alto,moto
ENV-001310,3.85,1.14,27.1,18.1,16.7,8.19,0,0,1385.68,normal,centro,despejado,5,bajo,moto
ENV-001311,1.99,7.89,37.6,41.5,28.0,43.69,0,0,519.0,express,centro,despejado,15,medio,moto
ENV-001312,3.16,1.96,29.7,29.4,17.5,15.28,0,0,263.66,normal,residencial,despejado,14,bajo,bicicleta
ENV-001313,9.47,2.43,19.1,15.2,21.7,6.3,0,1,96.67,express,residencial,lluvia,14,alto,camioneta
ENV-001314,3.48,4.2,31.8,27.9,30.2,26.79,0,0,309.35,normal,centro,despejado,19,alto,bicicleta
ENV-001315,8.03,4.57,26.7,18.6,14.4,7.15,0,1,154.48,express,residencial,despejado,8,bajo,camioneta
ENV-001316,2.04,0.47,16.6,13.4,13.6,3.03,0,0,593.19,express,centro,despejado,8,medio,bicicleta
ENV-001317,3.78,4.05,31.5,16.8,18.2,9.63,0,0,235.94,express,residencial,despejado,7,medio,bicicleta
ENV-001318,9.12,1.23,20.2,16.7,24.2,8.16,0,0,812.38,express,periferia,despejado,10,medio,dron
ENV-001319,27.83,6.9,46.2,28.9,23.0,30.71,1,1,3869.58,normal,rural,despejado,20,medio,camioneta
ENV-001320,3.24,1.14,20.0,13.2,8.3,2.19,0,0,494.92,mismo_dia,residencial,lluvia,18,alto,moto
ENV-001321,1.1,2.59,32.1,24.2,11.4,8.86,1,0,2858.25,mismo_dia,centro,despejado,14,alto,bicicleta
ENV-001322,1.62,1.64,32.1,27.2,14.2,12.4,0,0,930.97,mismo_dia,centro,viento_fuerte,17,bajo,bicicleta
ENV-001323,38.11,0.95,23.4,13.9,15.1,4.91,0,0,5845.33,normal,rural,despejado,16,bajo,moto
ENV-001324,6.26,12.51,46.1,34.1,27.9,43.86,0,0,170.82,express,residencial,despejado,9,alto,moto
ENV-001325,5.25,2.54,23.7,14.5,16.0,5.5,0,0,347.69,normal,centro,despejado,17,bajo,bicicleta
ENV-001326,2.04,8.36,68.9,31.5,27.9,60.55,1,0,50,normal,centro,viento_fuerte,19,alto,moto
ENV-001327,14.11,2.55,32.5,25.2,23.1,18.92,0,0,3469.71,mismo_dia,periferia,despejado,15,alto,moto
ENV-001328,13.88,0.67,14.9,13.5,7.6,1.53,0,0,4448.11,mismo_dia,periferia,despejado,6,medio,dron
ENV-001329,2.45,2.41,46.7,22.8,17.8,18.95,0,0,1053.42,normal,centro,lluvia,17,alto,bicicleta
ENV-001330,20.89,1.42,26.1,14.0,21.6,7.89,0,0,1426.01,normal,periferia,despejado,6,medio,moto
ENV-001331,34.64,0.58,16.8,10.6,6.5,1.16,0,0,3297.0,express,rural,lluvia,10,bajo,moto
ENV-001332,0.7,4.06,41.5,26.5,22.4,24.63,0,0,2922.05,express,centro,lluvia,16,bajo,moto
ENV-001333,7.8,38.86,77.5,62.6,36.9,179.02,0,0,187.96,express,residencial,despejado,15,alto,camioneta
ENV-001334,1.1,8.38,26.6,21.1,24.8,13.92,0,0,17196.26,normal,centro,despejado,14,alto,moto
ENV-001335,3.98,0.81,28.9,16.1,10.0,4.65,0,0,199.52,express,residencial,despejado,19,medio,bicicleta
ENV-001336,11.33,0.11,13.4,7.8,4.8,0.5,0,0,524.98,mismo_dia,residencial,viento_fuerte,17,medio,moto
ENV-001337,22.25,3.04,24.4,20.9,15.7,8.01,0,0,1328.97,express,periferia,despejado,18,alto,moto
ENV-001338,9.47,1.06,25.9,16.2,15.9,6.67,1,0,2014.32,normal,residencial,lluvia,18,alto,moto
ENV-001339,2.24,0.43,17.7,11.7,9.8,2.03,0,0,2168.86,normal,residencial,despejado,13,alto,bicicleta
ENV-001340,3.05,1.35,23.7,20.3,16.1,7.75,1,1,1047.61,normal,residencial,viento_fuerte,19,bajo,camioneta
ENV-001341,33.98,8.76,46.6,27.9,30.2,39.26,0,0,502.12,mismo_dia,rural,despejado,12,medio,moto
ENV-001342,1.06,0.95,23.1,13.5,8.7,2.71,0,0,269.26,normal,centro,viento_fuerte,16,bajo,bicicleta
ENV-001343,1.4,1.02,17.8,19.2,12.9,4.41,0,0,361.2,mismo_dia,centro,despejado,22,alto,moto
ENV-001344,3.66,1.07,27.2,13.1,13.3,4.74,0,0,1007.6,express,centro,lluvia,14,alto,moto
ENV-001345,4.14,1.22,23.8,10.1,12.3,2.96,1,0,1750.16,normal,centro,despejado,9,alto,bicicleta
ENV-001346,13.12,2.98,38.7,28.3,12.7,13.91,0,0,1509.07,mismo_dia,periferia,despejado,19,alto,moto
ENV-001347,2.71,15.34,47.9,37.1,34.5,61.31,0,0,861.88,mismo_dia,centro,lluvia,18,alto,moto
ENV-001348,31.69,0.63,22.1,12.6,10.4,2.9,0,0,419.99,normal,rural,despejado,12,bajo,moto
ENV-001349,13.58,1.04,14.3,11.4,12.7,2.07,1,0,543.7,normal,residencial,lluvia,11,medio,moto
ENV-001350,4.69,0.42,12.9,10.9,9.6,1.35,0,0,1826.3,normal,residencial,despejado,18,medio,bicicleta
ENV-001351,22.52,4.95,43.7,18.6,22.9,18.61,1,0,645.39,express,periferia,despejado,17,bajo,moto
ENV-001352,5.26,71.31,65.7,45.7,60.1,180.45,1,0,50,normal,centro,lluvia,7,alto,camioneta
ENV-001353,16.33,1.0,26.8,17.4,13.1,6.11,0,0,137.3,express,periferia,despejado,22,alto,moto
ENV-001354,6.43,1.03,24.7,17.0,13.5,5.67,0,0,839.2,normal,residencial,viento_fuerte,15,medio,bicicleta
ENV-001355,3.22,6.79,30.9,22.4,24.6,17.03,0,0,4073.81,normal,centro,lluvia,18,alto,moto
ENV-001356,4.22,7.19,36.6,34.4,27.1,34.12,0,0,490.39,normal,centro,despejado,21,bajo,moto
ENV-001357,25.86,0.42,14.0,13.4,8.2,1.54,0,0,50,express,rural,despejado,15,bajo,moto
ENV-001358,4.42,2.23,23.5,24.7,21.4,12.42,0,0,2178.88,express,centro,lluvia,19,bajo,moto
ENV-001359,24.43,1.29,23.9,13.5,17.9,5.78,0,0,787.59,mismo_dia,periferia,despejado,17,medio,moto
ENV-001360,0.66,2.79,41.8,21.6,14.3,12.91,0,0,412.47,mismo_dia,centro,despejado,20,medio,bicicleta
ENV-001361,4.29,1.48,22.8,16.1,14.3,5.25,0,0,1648.18,normal,centro,viento_fuerte,14,bajo,bicicleta
ENV-001362,13.5,0.44,17.5,9.6,6.9,1.16,0,0,1927.38,normal,periferia,despejado,10,alto,dron
ENV-001363,3.02,73.34,58.6,47.9,45.1,126.59,0,0,2156.62,normal,centro,lluvia,10,bajo,camioneta
ENV-001364,5.67,1.98,19.6,11.9,20.6,4.8,0,0,1661.94,express,residencial,despejado,10,alto,bicicleta
ENV-001365,13.28,6.59,34.9,24.3,13.5,11.45,0,0,4133.28,normal,periferia,viento_fuerte,7,alto,moto
ENV-001366,29.82,3.66,30.0,23.8,23.4,16.71,1,0,829.82,normal,rural,lluvia,10,medio,moto
ENV-001367,0.52,10.81,41.6,30.8,42.8,54.84,0,0,117.87,normal,centro,despejado,19,bajo,moto
ENV-001368,4.72,8.86,47.5,34.3,36.6,59.63,0,0,609.55,normal,centro,lluvia,15,alto,moto
ENV-001369,29.13,1.89,30.2,16.6,14.6,7.32,1,0,95.46,express,rural,viento_fuerte,9,medio,moto
ENV-001370,21.36,4.44,45.9,29.3,14.3,19.23,0,0,2091.69,normal,periferia,despejado,14,medio,moto
ENV-001371,3.03,1.45,26.4,24.8,14.2,9.3,0,0,534.89,normal,centro,despejado,6,alto,bicicleta
ENV-001372,4.3,26.94,89.0,53.1,43.3,204.63,0,0,710.17,express,centro,lluvia,13,bajo,camioneta
ENV-001373,15.49,0.8,19.0,13.5,8.9,2.28,0,0,203.69,express,periferia,lluvia,10,medio,moto
ENV-001374,40.18,1.5,24.9,22.1,16.2,8.91,0,0,4966.42,normal,rural,lluvia,19,medio,camioneta
ENV-001375,2.45,74.27,64.2,53.7,54.5,187.89,0,0,444.82,normal,centro,despejado,10,bajo,camioneta
ENV-001376,20.85,45.07,90.4,66.0,53.1,316.82,0,0,276.06,normal,periferia,despejado,11,alto,camioneta
ENV-001377,3.31,1.61,21.0,18.3,10.6,4.07,0,0,485.92,normal,residencial,lluvia,13,bajo,moto
ENV-001378,4.96,6.5,35.3,26.4,28.2,26.28,1,0,2174.51,normal,residencial,despejado,8,alto,bicicleta
ENV-001379,17.8,2.1,36.3,18.4,12.5,8.35,1,0,2510.7,express,periferia,despejado,5,medio,moto
ENV-001380,23.68,7.83,50.6,29.7,29.0,43.58,0,0,3511.86,normal,periferia,despejado,22,alto,moto
ENV-001381,9.96,0.42,14.6,7.4,10.3,1.11,0,0,19919.49,normal,residencial,despejado,9,alto,dron
ENV-001382,11.11,15.7,60.5,29.7,29.7,53.37,0,0,935.4,express,periferia,despejado,0,medio,moto
ENV-001383,3.12,4.68,37.8,20.2,18.3,13.97,0,0,1274.37,normal,centro,lluvia,20,bajo,moto
ENV-001384,24.73,2.98,33.0,20.7,24.8,16.94,0,0,429.53,normal,periferia,viento_fuerte,14,medio,moto
ENV-001385,10.11,9.28,38.2,35.0,32.8,43.85,1,0,778.63,express,residencial,despejado,18,medio,moto
ENV-001386,7.54,1.19,31.8,23.8,11.4,8.63,0,0,656.0,express,periferia,despejado,13,medio,dron
ENV-001387,0.43,2.77,31.9,14.6,14.9,6.94,0,1,367.96,normal,centro,despejado,13,alto,camioneta
ENV-001388,4.68,0.88,18.0,8.8,10.2,1.62,1,0,198.82,normal,centro,despejado,8,alto,bicicleta
ENV-001389,7.86,19.08,49.2,38.5,17.8,33.72,0,0,127.56,normal,residencial,despejado,8,alto,moto
ENV-001390,10.72,65.65,76.0,87.8,59.9,399.7,0,0,156.88,express,residencial,viento_fuerte,12,bajo,camioneta
ENV-001391,2.21,6.45,57.4,27.1,30.6,47.6,1,0,1856.76,mismo_dia,residencial,despejado,5,alto,moto
ENV-001392,15.14,12.51,37.7,27.9,25.6,26.93,0,0,604.77,express,periferia,despejado,9,medio,moto
ENV-001393,17.04,8.08,58.6,26.5,25.0,38.82,1,0,100.33,normal,periferia,despejado,14,alto,moto
ENV-001394,6.38,0.99,20.1,21.9,17.5,7.7,0,0,143.4,normal,residencial,despejado,12,medio,bicicleta
ENV-001395,11.21,3.03,30.5,31.6,20.8,20.05,0,0,4199.9,mismo_dia,periferia,despejado,17,bajo,moto
ENV-001396,3.62,7.18,59.4,34.4,18.1,36.98,0,0,168.53,express,centro,despejado,16,alto,bicicleta
ENV-001397,1.9,23.68,72.0,66.2,37.3,177.79,0,0,9228.46,normal,centro,despejado,6,bajo,camioneta
ENV-001398,41.32,1.75,24.0,27.1,20.8,13.53,0,0,1304.74,normal,rural,despejado,17,bajo,camioneta
ENV-001399,13.26,1.22,32.4,15.1,12.0,5.87,1,0,3075.0,normal,periferia,despejado,13,medio,dron
ENV-001400,27.98,57.43,87.0,83.4,55.1,399.79,1,0,623.23,normal,rural,despejado,8,alto,camioneta
ENV-001401,27.0,0.78,25.3,16.6,14.1,5.92,1,0,1882.01,normal,periferia,despejado,6,medio,moto
ENV-001402,10.4,0.62,21.8,15.0,15.1,4.94,0,0,441.33,normal,periferia,lluvia,13,medio,moto
ENV-001403,8.38,1.19,18.9,12.3,12.7,2.95,1,0,3199.82,mismo_dia,residencial,despejado,3,bajo,moto
ENV-001404,4.33,0.89,26.0,16.4,12.2,5.2,0,0,248.26,normal,centro,despejado,16,bajo,bicicleta
ENV-001405,42.74,60.59,90.3,38.0,37.3,127.99,0,0,1333.92,normal,rural,lluvia,13,medio,camioneta
ENV-001406,38.47,8.07,58.4,27.7,23.4,37.85,1,0,3999.64,normal,rural,lluvia,16,medio,moto
ENV-001407,4.16,2.98,40.0,18.4,16.0,11.78,0,0,3648.75,express,centro,viento_fuerte,21,medio,moto
ENV-001408,4.64,1.0,28.9,16.0,13.3,6.15,0,0,1956.65,normal,centro,despejado,13,medio,bicicleta
ENV-001409,12.54,1.27,31.3,13.8,13.9,6.0,0,0,1128.14,normal,periferia,despejado,12,bajo,dron
ENV-001410,7.25,4.45,51.5,35.8,17.6,32.45,0,0,776.48,mismo_dia,residencial,despejado,3,alto,moto
ENV-001411,3.68,4.28,40.4,17.0,19.3,13.26,0,0,103.09,normal,centro,despejado,9,medio,bicicleta
ENV-001412,25.58,0.94,17.8,13.2,19.9,4.68,1,0,4225.6,mismo_dia,periferia,viento_fuerte,11,alto,moto
ENV-001413,10.42,0.55,18.4,9.4,6.4,1.11,0,0,304.34,normal,periferia,despejado,14,medio,dron
ENV-001414,11.38,14.56,60.8,36.3,28.4,62.68,1,0,304.53,express,periferia,lluvia,12,medio,moto
ENV-001415,11.16,25.1,69.1,47.1,39.0,126.93,0,0,1624.94,normal,periferia,despejado,15,medio,camioneta
ENV-001416,2.61,2.74,42.7,26.8,19.1,21.86,1,0,880.11,normal,centro,lluvia,19,medio,bicicleta
ENV-001417,6.86,3.41,43.9,33.4,17.1,25.07,0,0,165.86,normal,periferia,despejado,17,bajo,bicicleta
ENV-001418,3.36,4.45,35.4,30.9,21.8,23.85,0,0,1700.26,normal,residencial,viento_fuerte,12,bajo,bicicleta
ENV-001419,24.02,3.35,37.4,30.0,23.0,25.81,0,0,612.97,normal,rural,viento_fuerte,7,medio,moto
ENV-001420,2.68,3.06,29.4,22.6,30.6,20.33,0,0,391.11,normal,centro,despejado,13,alto,bicicleta
ENV-001421,1.74,2.83,44.3,21.5,17.9,17.05,0,0,1082.88,normal,residencial,despejado,15,alto,bicicleta
ENV-001422,8.74,4.64,36.8,25.3,32.0,29.79,0,0,686.44,express,periferia,lluvia,12,bajo,moto
ENV-001423,6.54,10.45,42.5,19.4,21.5,17.73,1,0,4308.79,express,residencial,despejado,15,alto,moto
ENV-001424,29.33,1.37,34.2,22.4,12.1,9.27,1,0,4270.92,express,rural,lluvia,9,medio,moto
ENV-001425,1.09,2.1,37.0,25.1,12.1,11.24,0,0,91.3,express,centro,despejado,9,alto,bicicleta
ENV-001426,9.49,0.3,17.7,9.3,6.7,1.1,0,0,1309.21,mismo_dia,residencial,despejado,23,bajo,moto
ENV-001427,21.92,0.36,22.5,13.8,7.5,2.33,0,0,64.5,normal,periferia,despejado,13,alto,moto
ENV-001428,3.07,0.53,21.2,14.3,9.6,2.91,0,0,1706.86,normal,centro,despejado,7,medio,bicicleta
ENV-001429,7.39,0.47,10.9,9.9,8.8,0.95,0,0,89.01,express,residencial,lluvia,6,bajo,moto
ENV-001430,2.91,18.29,59.2,55.9,40.6,134.36,0,0,1065.94,normal,centro,viento_fuerte,8,medio,camioneta
ENV-001431,6.33,0.58,20.1,10.5,9.6,2.03,1,0,2362.07,express,residencial,viento_fuerte,10,bajo,bicicleta
ENV-001432,21.42,10.92,37.4,24.2,44.6,40.37,0,0,757.37,mismo_dia,periferia,despejado,13,medio,moto
ENV-001433,13.04,1.14,21.4,13.2,13.9,3.93,1,0,2073.29,express,periferia,viento_fuerte,14,alto,moto
ENV-001434,8.22,1.18,22.6,14.4,20.4,6.64,0,0,552.1,normal,residencial,viento_fuerte,12,medio,moto
ENV-001435,3.53,1.82,25.1,19.6,14.9,7.33,0,0,824.67,express,residencial,viento_fuerte,15,alto,bicicleta
ENV-001436,2.55,1.25,21.8,13.2,13.6,3.91,1,0,846.39,normal,centro,lluvia,12,bajo,camioneta
ENV-001437,16.3,0.91,25.6,12.1,15.7,4.86,0,0,284.47,normal,periferia,despejado,6,medio,moto
ENV-001438,15.32,1.0,33.9,21.3,10.4,7.51,0,0,89.11,express,periferia,despejado,17,bajo,moto
ENV-001439,2.45,49.41,92.3,62.4,40.2,231.53,1,0,752.82,mismo_dia,centro,despejado,13,alto,camioneta
ENV-001440,14.54,2.02,19.7,22.2,17.0,7.43,0,0,1022.81,express,periferia,viento_fuerte,6,medio,camioneta
ENV-001441,4.18,1.3,19.1,13.2,8.2,2.07,1,0,327.41,express,residencial,viento_fuerte,17,bajo,bicicleta
ENV-001442,8.52,3.05,38.2,26.3,14.3,14.37,0,0,328.77,normal,residencial,despejado,16,medio,moto
ENV-001443,3.12,0.66,17.3,9.1,13.1,2.06,0,0,214.37,express,centro,lluvia,20,alto,moto
ENV-001444,10.33,2.11,34.2,21.0,15.0,10.77,0,0,199.03,normal,residencial,despejado,21,bajo,moto
ENV-001445,4.65,0.3,16.3,10.4,6.3,1.07,0,0,105.93,express,centro,despejado,19,alto,camioneta
ENV-001446,20.64,1.33,22.1,15.1,26.5,8.84,0,0,224.71,normal,periferia,despejado,12,alto,moto
ENV-001447,2.07,1.55,27.9,21.8,18.3,11.13,0,0,740.12,mismo_dia,centro,despejado,4,medio,moto
ENV-001448,2.67,4.52,37.8,27.0,22.9,23.37,0,0,2118.04,normal,residencial,despejado,19,medio,bicicleta
ENV-001449,10.34,5.75,22.2,15.4,29.0,9.91,0,0,5039.83,express,residencial,lluvia,11,medio,moto
ENV-001450,7.03,9.48,36.6,25.1,23.3,21.4,0,1,4048.5,normal,residencial,despejado,13,alto,camioneta
ENV-001451,2.56,4.47,29.0,21.4,15.9,9.87,0,0,7203.27,mismo_dia,centro,lluvia,12,bajo,moto
ENV-001452,6.75,0.27,13.1,11.1,12.4,1.8,0,0,457.67,normal,residencial,despejado,19,medio,bicicleta
ENV-001453,7.83,1.56,30.6,23.9,12.6,9.21,0,0,287.35,express,residencial,despejado,18,alto,dron
ENV-001454,8.87,2.73,38.2,26.1,11.9,11.86,0,0,377.12,normal,residencial,despejado,0,bajo,moto
ENV-001455,5.86,2.44,44.8,26.8,15.4,18.49,0,0,4244.42,normal,residencial,viento_fuerte,17,alto,bicicleta
ENV-001456,3.34,0.7,18.7,8.9,9.1,1.51,0,0,198.27,express,centro,despejado,12,bajo,bicicleta
ENV-001457,19.97,0.49,17.4,12.8,7.2,1.6,0,0,1896.97,normal,periferia,lluvia,8,alto,moto
ENV-001458,7.64,1.87,23.7,22.1,13.3,6.97,1,0,822.57,normal,periferia,despejado,14,alto,dron
ENV-001459,17.49,0.66,18.7,14.7,13.9,3.82,0,0,4673.08,normal,periferia,despejado,19,medio,moto
ENV-001460,4.64,4.32,46.4,32.2,22.2,33.17,0,0,1124.76,mismo_dia,centro,lluvia,8,alto,moto
ENV-001461,7.98,0.39,12.8,14.9,10.1,1.93,0,0,50,normal,residencial,despejado,13,medio,dron
ENV-001462,5.45,61.15,112.7,69.8,34.6,272.18,1,0,168.22,express,centro,despejado,14,medio,camioneta
ENV-001463,8.35,21.29,51.4,38.4,59.4,117.24,0,0,2495.45,normal,residencial,despejado,9,medio,camioneta
ENV-001464,10.68,15.47,60.7,33.2,26.3,53.0,0,0,541.08,normal,residencial,despejado,9,bajo,moto
ENV-001465,12.28,1.03,16.1,17.7,14.0,3.99,0,1,3736.6,normal,periferia,despejado,10,bajo,camioneta
ENV-001466,28.13,0.19,12.2,8.3,7.5,0.76,0,1,9417.39,mismo_dia,periferia,viento_fuerte,2,bajo,camioneta
ENV-001467,21.22,0.61,20.3,11.4,8.7,2.01,0,0,678.85,normal,rural,lluvia,20,medio,moto
ENV-001468,7.84,5.01,46.0,28.5,16.7,21.89,0,0,414.36,normal,residencial,despejado,8,alto,moto
ENV-001469,9.27,37.69,53.2,52.6,34.9,97.66,0,0,593.3,normal,residencial,despejado,12,bajo,camioneta
ENV-001470,6.21,4.55,44.0,31.6,16.1,22.39,1,0,927.27,normal,residencial,despejado,13,alto,bicicleta
ENV-001471,47.8,1.79,25.5,16.1,25.5,10.47,0,0,5554.19,express,rural,despejado,17,alto,camioneta
ENV-001472,4.5,0.34,15.1,9.3,11.0,1.54,0,0,1273.18,express,centro,despejado,19,medio,bicicleta
ENV-001473,1.92,5.3,44.8,29.0,14.5,18.84,0,0,176.54,normal,residencial,despejado,16,medio,bicicleta
ENV-001474,25.12,2.11,26.6,23.1,26.4,16.22,0,0,577.77,normal,rural,despejado,23,bajo,moto
ENV-001475,5.68,3.68,26.1,26.4,17.0,11.71,0,0,409.27,express,residencial,despejado,7,alto,bicicleta
ENV-001476,2.52,1.22,34.0,18.8,11.3,7.22,0,0,12603.13,normal,centro,despejado,18,bajo,bicicleta
ENV-001477,7.01,3.47,41.3,27.2,17.7,19.88,0,0,412.53,normal,residencial,viento_fuerte,9,alto,moto
ENV-001478,6.81,4.83,43.2,31.4,19.7,26.72,0,0,1320.56,express,residencial,despejado,9,bajo,bicicleta
ENV-001479,17.35,6.66,35.0,24.0,13.7,11.51,0,0,745.92,mismo_dia,periferia,despejado,19,alto,moto
ENV-001480,3.84,1.43,31.5,22.1,10.5,7.31,1,0,795.9,express,residencial,lluvia,9,alto,bicicleta
ENV-001481,1.71,1.98,26.7,20.1,13.1,7.03,0,0,504.06,express,centro,despejado,19,medio,bicicleta
ENV-001482,1.06,1.02,30.3,15.6,12.5,5.91,0,1,1893.29,express,centro,lluvia,21,alto,camioneta
ENV-001483,6.71,0.57,19.7,15.3,10.6,3.19,1,0,72.75,express,residencial,despejado,19,medio,dron
ENV-001484,9.66,3.12,34.4,15.8,16.4,8.91,1,0,99.31,mismo_dia,residencial,lluvia,9,medio,moto
ENV-001485,2.84,0.53,18.8,8.1,8.0,1.22,1,0,670.96,express,centro,despejado,18,alto,bicicleta
ENV-001486,5.37,2.17,33.0,25.2,17.3,14.39,0,0,396.0,normal,residencial,viento_fuerte,14,medio,bicicleta
ENV-001487,2.79,6.82,49.6,30.2,28.8,43.14,0,0,167.72,express,centro,viento_fuerte,18,medio,moto
ENV-001488,12.17,1.82,30.4,18.6,13.4,7.58,0,0,434.33,express,periferia,despejado,15,alto,dron
ENV-001489,1.44,3.02,25.7,22.6,24.4,14.17,0,0,876.86,normal,centro,despejado,17,bajo,bicicleta
ENV-001490,5.3,1.65,24.1,11.2,14.5,3.91,0,0,1069.78,normal,residencial,despejado,16,bajo,bicicleta
ENV-001491,6.56,0.35,23.6,12.1,8.3,2.37,0,0,51.74,normal,periferia,viento_fuerte,18,alto,bicicleta
ENV-001492,5.06,0.97,21.1,18.2,9.2,3.53,1,0,3565.36,express,centro,despejado,1,medio,bicicleta
ENV-001493,6.85,1.0,18.3,18.1,10.6,3.51,1,0,241.66,normal,residencial,despejado,1,alto,bicicleta
ENV-001494,16.95,1.04,20.7,11.5,15.6,3.71,0,0,72.41,normal,periferia,lluvia,8,bajo,moto
ENV-001495,4.88,3.78,42.8,26.0,19.0,21.14,0,0,1716.33,normal,centro,viento_fuerte,18,alto,bicicleta
ENV-001496,2.12,1.61,32.4,26.6,14.3,12.32,1,0,255.98,express,centro,lluvia,8,alto,bicicleta
ENV-001497,36.93,4.87,55.4,23.2,23.3,29.95,0,0,1368.66,mismo_dia,rural,lluvia,18,alto,moto
ENV-001498,7.51,1.9,29.9,21.8,11.9,7.76,0,0,722.53,normal,residencial,lluvia,12,bajo,moto
ENV-001499,6.69,2.86,21.5,16.5,18.4,6.53,0,0,1035.66,normal,residencial,despejado,11,bajo,bicicleta
ENV-001500,11.82,3.22,40.8,30.3,20.5,25.34,0,0,1697.52,normal,periferia,lluvia,18,alto,moto
ENV-001501,5.4,3.47,35.4,22.3,22.0,17.37,0,0,937.59,express,residencial,lluvia,11,alto,moto
ENV-001502,3.52,1.41,17.7,12.2,10.2,2.2,0,0,240.17,normal,centro,despejado,16,bajo,bicicleta
ENV-001503,2.47,2.43,38.8,22.0,16.1,13.74,1,0,2575.62,mismo_dia,centro,despejado,19,medio,bicicleta
ENV-001504,18.61,1.31,31.7,16.0,20.5,10.4,0,0,743.76,express,periferia,despejado,7,medio,moto
ENV-001505,2.78,0.24,19.1,11.4,7.0,1.52,0,0,2658.24,mismo_dia,residencial,despejado,8,alto,bicicleta
ENV-001506,7.62,0.67,16.5,14.1,15.5,3.61,0,0,50,express,residencial,despejado,11,bajo,moto
ENV-001507,9.04,2.15,29.6,15.4,14.5,6.61,0,0,241.64,express,residencial,despejado,15,alto,dron
ENV-001508,2.57,0.18,15.5,10.5,6.2,1.01,0,0,609.6,express,centro,despejado,9,alto,bicicleta
ENV-001509,7.0,1.06,31.4,14.6,14.1,6.46,0,0,2088.67,express,residencial,despejado,11,medio,bicicleta
ENV-001510,12.82,1.27,28.4,19.5,17.2,9.53,0,0,532.45,normal,periferia,despejado,20,medio,dron
ENV-001511,21.27,6.69,61.8,36.1,18.4,41.05,0,0,668.02,normal,periferia,despejado,10,bajo,moto
ENV-001512,10.1,11.56,38.7,40.1,31.2,48.42,0,0,128.49,normal,residencial,lluvia,14,alto,moto
ENV-001513,2.69,1.9,35.9,25.5,10.6,9.7,1,0,2173.7,normal,residencial,viento_fuerte,4,bajo,moto
ENV-001514,27.23,1.91,19.1,17.5,10.4,3.48,1,0,266.01,normal,periferia,despejado,18,medio,moto
ENV-001515,1.4,1.99,29.3,23.2,19.5,13.26,0,0,6724.84,express,centro,lluvia,17,bajo,moto
ENV-001516,3.63,6.16,57.9,38.6,20.7,46.26,0,0,574.96,normal,centro,despejado,13,alto,moto
ENV-001517,5.49,1.41,23.3,21.5,13.4,6.71,0,0,704.84,normal,residencial,despejado,20,alto,bicicleta
ENV-001518,1.99,4.1,26.6,13.5,19.3,6.93,0,0,2037.94,normal,centro,lluvia,16,alto,moto
ENV-001519,2.52,3.72,35.7,32.6,20.6,23.97,0,0,308.71,mismo_dia,centro,lluvia,9,bajo,moto
ENV-001520,7.65,4.06,33.8,23.5,27.2,21.6,0,0,1310.03,normal,residencial,despejado,12,alto,moto
ENV-001521,4.19,7.38,63.4,29.2,28.0,51.84,0,0,326.52,normal,residencial,despejado,5,medio,moto
ENV-001522,11.02,2.25,29.2,28.5,19.4,16.14,0,0,827.71,normal,residencial,despejado,6,medio,moto
ENV-001523,2.56,1.85,36.9,23.8,16.3,14.31,0,0,1333.45,normal,centro,despejado,19,alto,bicicleta
ENV-001524,4.01,2.42,37.0,19.1,26.4,18.66,0,0,745.2,express,centro,despejado,10,alto,bicicleta
ENV-001525,2.85,8.88,70.8,35.3,27.3,68.23,0,1,335.85,normal,residencial,despejado,13,alto,camioneta
ENV-001526,2.87,0.75,14.2,14.7,11.4,2.38,0,0,166.68,normal,centro,lluvia,14,alto,moto
ENV-001527,5.18,3.81,35.2,27.8,14.2,13.9,1,0,2641.03,normal,centro,despejado,9,alto,bicicleta
ENV-001528,5.33,1.77,38.6,18.5,17.1,12.21,0,0,256.16,normal,centro,despejado,8,alto,bicicleta
ENV-001529,39.9,4.45,42.8,23.5,18.7,18.81,0,0,582.08,express,rural,viento_fuerte,17,medio,moto
ENV-001530,2.09,3.99,32.0,29.1,27.7,25.79,1,0,1530.69,normal,centro,despejado,0,bajo,bicicleta
ENV-001531,15.25,2.04,27.4,14.7,21.6,8.7,1,0,1014.69,mismo_dia,periferia,despejado,8,alto,moto
ENV-001532,3.43,3.37,20.1,19.1,21.0,8.06,0,0,243.42,mismo_dia,centro,despejado,15,alto,bicicleta
ENV-001533,9.86,2.77,28.2,16.4,15.2,7.03,0,0,391.37,express,residencial,despejado,19,medio,moto
ENV-001534,7.27,5.49,44.0,36.6,25.4,40.9,0,0,397.28,mismo_dia,residencial,despejado,9,alto,moto
ENV-001535,2.42,4.14,34.3,19.8,11.3,7.67,0,0,1010.33,normal,residencial,lluvia,14,alto,moto
ENV-001536,2.26,1.02,21.3,19.1,14.1,5.74,0,0,178.35,normal,residencial,viento_fuerte,8,bajo,bicicleta
ENV-001537,9.05,58.96,91.2,52.8,67.5,325.04,0,0,193.14,normal,residencial,viento_fuerte,13,alto,camioneta
ENV-001538,5.86,0.81,23.1,13.8,16.8,5.36,0,0,4437.63,express,residencial,despejado,8,alto,bicicleta
ENV-001539,13.82,4.13,28.7,26.1,22.2,16.63,0,0,582.54,normal,residencial,despejado,9,alto,moto
ENV-001540,9.61,0.91,23.1,10.9,14.0,3.53,0,0,5992.07,normal,residencial,lluvia,16,bajo,moto
ENV-001541,17.14,1.34,20.9,15.1,26.2,8.27,0,0,2070.79,normal,periferia,lluvia,19,alto,camioneta
ENV-001542,33.28,0.71,19.9,16.0,17.3,5.51,0,0,114.94,express,rural,lluvia,11,medio,moto
ENV-001543,2.05,1.77,27.2,25.4,17.0,11.74,0,0,509.21,normal,centro,lluvia,15,alto,moto
ENV-001544,7.62,10.77,47.8,37.8,28.3,51.13,0,0,16228.35,normal,residencial,lluvia,14,alto,moto
ENV-001545,7.12,2.84,31.9,28.1,19.2,17.21,0,0,235.06,normal,periferia,viento_fuerte,9,alto,moto
ENV-001546,3.23,1.71,37.0,18.1,17.0,11.38,0,0,2838.75,mismo_dia,centro,despejado,17,bajo,bicicleta
ENV-001547,1.5,1.04,20.9,23.3,16.6,8.08,0,1,1394.92,express,centro,despejado,17,bajo,camioneta
ENV-001548,6.1,1.1,15.9,17.3,12.9,3.55,1,0,359.66,express,residencial,despejado,16,medio,dron
ENV-001549,1.66,3.71,26.4,27.9,17.7,13.04,0,0,1042.89,express,centro,despejado,13,medio,camioneta
ENV-001550,2.57,0.59,27.9,11.9,11.4,3.78,0,0,857.9,normal,centro,despejado,10,bajo,bicicleta
ENV-001551,18.11,7.13,39.3,20.4,24.7,19.8,0,0,3204.83,normal,periferia,despejado,13,medio,moto
ENV-001552,11.77,3.04,34.6,18.3,12.3,7.79,0,0,521.61,normal,residencial,viento_fuerte,17,medio,moto
ENV-001553,6.13,19.4,67.3,52.4,39.0,137.53,0,0,190.75,normal,residencial,despejado,8,alto,camioneta
ENV-001554,1.47,1.08,31.2,20.1,9.9,6.21,1,0,439.54,normal,centro,despejado,8,alto,bicicleta
ENV-001555,11.26,3.56,22.7,24.5,17.7,9.84,0,0,89.32,normal,periferia,despejado,8,medio,moto
ENV-001556,14.07,1.16,27.3,13.3,18.7,6.79,0,0,576.85,express,periferia,despejado,14,alto,dron
ENV-001557,43.39,0.45,22.6,11.8,7.4,1.97,0,0,154.75,express,rural,lluvia,14,medio,camioneta
ENV-001558,2.05,7.91,42.8,32.9,22.0,30.98,0,0,3189.61,normal,centro,despejado,12,bajo,bicicleta
ENV-001559,12.27,67.01,98.8,77.5,52.3,400.46,0,0,3225.48,express,periferia,lluvia,7,alto,camioneta
ENV-001560,2.89,49.44,94.2,69.7,37.1,243.59,0,0,542.79,normal,centro,despejado,8,medio,camioneta
ENV-001561,3.01,1.3,30.1,17.9,13.7,7.38,0,0,664.0,mismo_dia,residencial,despejado,12,bajo,dron
ENV-001562,7.16,1.66,28.0,16.5,17.2,7.95,0,0,392.83,mismo_dia,residencial,despejado,9,medio,dron
ENV-001563,12.5,2.54,32.1,20.1,8.9,5.74,0,0,1132.78,normal,periferia,despejado,18,medio,moto
ENV-001564,7.94,3.1,29.7,23.2,19.0,13.09,0,0,624.92,mismo_dia,residencial,despejado,16,bajo,moto
ENV-001565,2.27,1.8,24.6,19.8,15.9,7.74,0,0,10713.97,normal,residencial,despejado,6,bajo,bicicleta
ENV-001566,14.73,8.05,58.3,38.0,17.8,39.43,0,0,1327.89,normal,periferia,despejado,10,bajo,moto
ENV-001567,19.8,1.77,33.0,22.2,12.9,9.45,1,0,221.06,express,periferia,despejado,8,alto,moto
ENV-001568,10.52,1.11,12.6,14.1,10.9,1.94,0,0,331.36,mismo_dia,residencial,despejado,18,medio,dron
ENV-001569,3.46,3.44,25.7,19.5,33.6,16.84,0,0,2317.8,normal,centro,despejado,15,medio,bicicleta
ENV-001570,11.38,1.03,16.5,15.8,12.4,3.23,0,0,69.34,normal,residencial,despejado,14,alto,dron
ENV-001571,11.11,2.32,29.3,17.7,12.1,6.28,0,0,143.97,express,periferia,despejado,17,medio,dron
ENV-001572,6.39,1.6,17.2,11.4,16.7,3.27,0,0,508.33,mismo_dia,residencial,despejado,20,alto,dron
ENV-001573,7.77,1.12,26.1,19.0,11.3,5.6,1,0,150.29,express,residencial,lluvia,6,bajo,moto
ENV-001574,4.3,0.1,9.6,7.6,4.1,0.3,0,0,1428.48,normal,residencial,despejado,8,medio,bicicleta
ENV-001575,2.59,4.23,44.3,21.8,27.0,26.07,0,0,490.09,normal,residencial,lluvia,8,alto,moto
ENV-001576,29.96,54.88,71.0,54.1,78.4,301.14,0,0,6280.43,mismo_dia,rural,lluvia,8,alto,camioneta
ENV-001577,5.89,2.44,41.6,19.0,23.9,18.89,1,0,106.19,normal,periferia,lluvia,17,bajo,bicicleta
ENV-001578,11.99,2.98,29.4,24.0,31.7,22.37,0,0,445.46,normal,periferia,lluvia,13,medio,moto
ENV-001579,7.85,3.07,34.0,16.8,12.3,7.03,1,0,1228.36,normal,residencial,despejado,16,bajo,moto
ENV-001580,1.25,0.73,19.7,15.6,17.0,5.22,1,0,627.26,normal,centro,despejado,14,alto,bicicleta
ENV-001581,4.22,3.92,37.5,22.2,32.6,27.14,0,0,7881.77,normal,centro,despejado,20,medio,bicicleta
ENV-001582,3.42,1.53,21.2,14.2,21.0,6.32,0,0,601.28,normal,centro,lluvia,21,bajo,moto
ENV-001583,4.31,1.92,30.2,24.1,18.4,13.39,0,1,1753.66,mismo_dia,centro,viento_fuerte,12,bajo,camioneta
ENV-001584,2.93,0.75,15.3,12.1,15.5,2.87,0,0,374.07,express,centro,viento_fuerte,13,alto,bicicleta
ENV-001585,2.76,1.44,28.5,19.9,13.8,7.83,0,0,644.15,express,centro,despejado,12,bajo,bicicleta
ENV-001586,7.33,8.03,58.1,27.9,28.0,45.39,0,0,1932.28,normal,residencial,despejado,8,bajo,moto
ENV-001587,50.94,0.69,19.8,18.1,10.2,3.66,0,0,446.67,mismo_dia,rural,despejado,21,bajo,camioneta
ENV-001588,3.52,3.09,34.6,20.9,32.5,23.5,0,0,592.64,normal,residencial,despejado,13,medio,bicicleta
ENV-001589,1.76,54.56,60.5,50.7,61.3,188.03,0,0,1148.72,normal,centro,despejado,16,bajo,camioneta
ENV-001590,17.55,0.5,25.3,13.0,8.7,2.86,0,0,433.31,normal,periferia,viento_fuerte,7,alto,moto
ENV-001591,3.4,0.66,14.9,11.6,6.1,1.05,1,0,104.99,normal,centro,despejado,13,medio,bicicleta
ENV-001592,3.76,2.51,31.9,20.9,10.2,6.8,0,0,137.54,normal,centro,despejado,17,alto,bicicleta
ENV-001593,6.27,2.83,29.9,19.3,35.0,20.2,1,0,50,express,residencial,viento_fuerte,1,bajo,moto
ENV-001594,14.04,3.18,27.5,21.6,24.2,14.37,0,0,781.34,express,periferia,despejado,17,bajo,moto
ENV-001595,3.42,0.45,21.9,10.1,10.0,2.21,0,0,78.34,normal,centro,viento_fuerte,14,alto,bicicleta
ENV-001596,14.94,1.04,14.5,9.1,14.2,1.87,1,0,2820.05,express,periferia,lluvia,23,bajo,moto
ENV-001597,2.88,9.97,40.1,38.7,22.6,35.07,0,0,506.37,express,centro,despejado,20,alto,camioneta
ENV-001598,14.23,1.36,33.4,21.5,9.3,6.68,1,0,275.86,normal,residencial,lluvia,17,bajo,moto
ENV-001599,9.52,1.0,15.1,10.4,17.6,2.76,1,0,66.25,express,residencial,lluvia,12,bajo,moto
ENV-001600,13.18,8.04,41.6,27.1,16.8,18.94,1,0,535.33,express,residencial,despejado,18,alto,moto
ENV-001601,3.23,4.52,27.2,16.5,16.0,7.18,0,0,281.6,normal,residencial,despejado,23,bajo,moto
ENV-001602,36.14,21.18,69.9,41.4,41.8,120.96,0,0,573.27,normal,rural,viento_fuerte,14,medio,camioneta
ENV-001603,3.4,9.59,63.9,32.5,30.5,63.34,0,1,1334.76,normal,centro,viento_fuerte,6,medio,camioneta
ENV-001604,47.8,1.65,27.2,17.5,15.3,7.28,0,0,1783.41,normal,rural,lluvia,9,alto,camioneta
ENV-001605,4.38,4.54,38.7,26.4,18.5,18.9,0,0,1034.89,normal,centro,lluvia,12,medio,bicicleta
ENV-001606,6.65,5.7,35.6,28.3,13.6,13.7,0,0,326.71,normal,residencial,despejado,13,alto,bicicleta
ENV-001607,14.26,3.82,42.6,23.6,13.9,13.97,0,0,4356.29,normal,periferia,lluvia,20,alto,moto
ENV-001608,1.64,2.07,21.4,18.7,18.5,7.4,0,0,50,express,centro,despejado,17,bajo,bicicleta
ENV-001609,5.68,1.13,31.9,18.7,9.7,5.79,0,0,147.21,normal,residencial,despejado,15,alto,bicicleta
ENV-001610,4.4,12.39,34.5,28.9,34.3,34.2,0,0,498.47,express,centro,despejado,2,medio,moto
ENV-001611,13.9,1.6,24.0,13.2,15.3,4.85,0,0,378.19,normal,periferia,lluvia,15,alto,moto
ENV-001612,2.5,1.1,17.7,17.0,13.4,4.03,0,0,16149.34,normal,centro,despejado,7,alto,bicicleta
ENV-001613,13.5,2.43,18.7,14.6,15.7,4.29,0,0,347.53,normal,periferia,despejado,17,alto,dron
ENV-001614,12.59,5.08,46.7,33.0,19.0,29.28,0,0,425.88,normal,residencial,despejado,16,bajo,moto
ENV-001615,3.5,1.16,28.8,14.0,14.8,5.97,0,0,328.36,normal,centro,lluvia,18,alto,moto
ENV-001616,4.64,0.94,20.9,15.2,9.0,2.86,1,0,357.2,normal,centro,despejado,19,medio,bicicleta
ENV-001617,11.52,1.22,25.6,12.8,11.6,3.8,0,1,358.59,express,residencial,despejado,14,alto,camioneta
ENV-001618,11.27,4.04,45.0,23.9,26.1,28.07,0,0,1410.58,express,residencial,despejado,10,alto,moto
ENV-001619,16.15,4.23,33.3,21.4,39.4,28.08,0,0,3108.06,normal,periferia,despejado,8,alto,moto
ENV-001620,43.89,1.31,25.6,14.2,20.8,7.56,1,0,871.1,normal,rural,despejado,14,bajo,camioneta
ENV-001621,5.45,2.23,23.6,17.0,30.1,12.08,1,0,271.69,mismo_dia,residencial,lluvia,8,medio,moto
ENV-001622,23.13,1.67,36.5,23.4,12.2,10.42,0,0,922.38,normal,rural,despejado,8,medio,moto
ENV-001623,9.15,0.8,32.8,20.9,8.9,6.1,0,0,64.59,normal,residencial,despejado,15,alto,dron
ENV-001624,3.29,6.22,45.4,29.1,12.3,16.25,0,0,4205.19,normal,residencial,lluvia,7,medio,moto
ENV-001625,10.42,9.82,57.9,36.8,35.9,76.49,0,1,2030.75,normal,residencial,lluvia,6,medio,camioneta
ENV-001626,42.56,1.49,18.6,18.6,17.7,6.12,0,0,2226.4,express,rural,despejado,12,bajo,camioneta
ENV-001627,3.77,0.19,7.7,6.5,8.7,0.44,0,0,1462.64,express,centro,viento_fuerte,16,bajo,bicicleta
ENV-001628,17.78,3.3,24.2,20.5,26.8,13.3,0,0,1692.95,normal,periferia,despejado,11,medio,moto
ENV-001629,7.88,2.81,34.0,26.1,15.9,14.11,1,0,2357.86,normal,residencial,lluvia,14,alto,moto
ENV-001630,7.76,2.13,37.6,17.2,22.0,14.23,0,0,184.6,express,residencial,despejado,12,bajo,moto
ENV-001631,3.02,2.68,38.4,24.8,10.5,10.0,0,0,603.94,normal,centro,despejado,5,bajo,moto
ENV-001632,8.19,0.42,20.3,10.1,11.3,2.32,0,0,101.23,express,residencial,lluvia,8,alto,moto
ENV-001633,6.89,1.91,26.1,17.6,15.6,7.17,1,0,1560.04,express,residencial,despejado,7,alto,dron
ENV-001634,14.17,3.06,22.8,19.3,12.2,5.37,0,0,341.3,mismo_dia,periferia,despejado,8,alto,moto
ENV-001635,4.61,4.41,34.5,17.3,23.3,13.91,1,0,583.86,express,centro,lluvia,12,medio,moto
ENV-001636,9.43,3.87,41.0,26.3,16.1,17.36,0,0,1513.1,express,residencial,despejado,17,alto,moto
ENV-001637,4.16,3.05,23.6,12.3,17.5,5.08,0,0,377.55,express,centro,lluvia,3,bajo,moto
ENV-001638,21.45,1.47,33.3,22.5,9.0,6.74,0,0,1595.25,mismo_dia,periferia,lluvia,21,medio,moto
ENV-001639,2.19,1.46,19.2,18.5,19.9,7.07,0,0,590.08,normal,residencial,despejado,7,alto,bicicleta
ENV-001640,6.5,3.61,39.4,20.2,15.4,12.26,0,0,1187.21,normal,residencial,despejado,15,medio,bicicleta
ENV-001641,3.19,1.14,22.6,17.7,16.7,6.68,0,1,1823.05,mismo_dia,centro,despejado,18,bajo,camioneta
ENV-001642,6.11,3.21,22.7,21.0,12.6,6.01,0,0,1708.1,express,residencial,despejado,8,alto,bicicleta
ENV-001643,14.84,3.28,43.2,24.5,19.2,20.32,1,0,943.9,mismo_dia,periferia,despejado,15,alto,moto
ENV-001644,34.31,0.86,22.4,10.7,12.3,2.95,1,0,1556.2,express,rural,despejado,12,bajo,moto
ENV-001645,26.05,0.25,16.0,10.7,7.6,1.3,1,0,753.27,normal,rural,viento_fuerte,11,medio,moto
ENV-001646,3.93,1.28,22.9,18.7,20.9,8.95,0,0,642.13,normal,centro,despejado,15,alto,bicicleta
ENV-001647,6.25,68.33,103.3,70.4,40.9,297.44,0,0,833.54,normal,periferia,despejado,21,bajo,camioneta
ENV-001648,10.99,1.24,33.5,19.8,12.8,8.49,0,0,1996.79,normal,residencial,lluvia,7,alto,moto
ENV-001649,3.82,2.82,41.1,30.5,16.3,20.43,0,0,248.8,mismo_dia,centro,despejado,13,alto,bicicleta
ENV-001650,5.82,5.68,31.2,19.2,20.2,12.1,1,0,1115.93,express,residencial,lluvia,14,alto,bicicleta
ENV-001651,1.63,1.84,21.6,14.0,14.2,4.29,1,0,946.14,normal,centro,viento_fuerte,12,bajo,moto
ENV-001652,1.06,0.64,19.5,14.3,11.7,3.26,0,0,1908.64,normal,residencial,lluvia,13,medio,moto
ENV-001653,3.02,1.12,20.7,20.0,16.0,6.62,0,0,1407.43,normal,centro,lluvia,15,medio,moto
ENV-001654,5.3,2.44,29.2,14.7,13.7,5.88,0,0,1843.23,normal,residencial,despejado,9,medio,bicicleta
ENV-001655,2.13,2.35,36.2,26.3,15.3,14.57,0,0,385.91,express,residencial,despejado,22,alto,moto
ENV-001656,1.2,8.9,34.6,30.9,21.2,22.67,0,0,4207.99,normal,centro,despejado,10,medio,moto
ENV-001657,1.1,0.44,13.1,8.5,6.5,0.72,0,0,563.07,express,centro,despejado,19,alto,bicicleta
ENV-001658,4.04,2.69,34.0,20.2,25.7,17.65,0,0,4949.74,normal,centro,viento_fuerte,16,bajo,bicicleta
ENV-001659,15.37,0.88,19.6,14.3,14.5,4.06,0,0,538.74,normal,periferia,despejado,21,alto,moto
ENV-001660,8.56,0.29,9.1,9.8,8.1,0.72,0,0,2187.25,express,residencial,despejado,14,alto,dron
ENV-001661,5.71,2.15,41.0,21.3,19.0,16.59,1,0,3864.96,normal,residencial,despejado,21,bajo,bicicleta
ENV-001662,13.24,1.8,24.9,14.1,11.6,4.07,0,0,546.97,normal,residencial,despejado,10,medio,dron
ENV-001663,3.0,2.91,31.4,20.7,33.8,21.97,0,0,136.26,mismo_dia,centro,lluvia,15,alto,moto
ENV-001664,4.26,0.54,17.2,11.7,14.0,2.82,0,0,1853.65,express,residencial,lluvia,15,alto,moto
ENV-001665,16.09,37.57,63.4,43.1,27.9,76.24,0,0,3087.76,normal,periferia,despejado,8,bajo,camioneta
ENV-001666,57.43,3.14,39.3,28.6,21.7,24.39,1,0,834.5,normal,rural,despejado,11,alto,camioneta
ENV-001667,23.79,0.7,20.7,13.1,7.3,1.98,0,0,798.85,express,rural,viento_fuerte,6,medio,moto
ENV-001668,2.74,32.33,79.4,62.1,29.7,146.44,1,0,205.09,normal,centro,despejado,7,alto,camioneta
ENV-001669,14.36,1.63,34.1,21.1,15.3,11.01,1,0,2305.52,express,periferia,lluvia,18,medio,moto
ENV-001670,20.86,1.36,31.6,21.9,11.1,7.68,0,0,207.97,normal,periferia,lluvia,22,bajo,moto
ENV-001671,7.9,4.07,33.2,17.0,23.4,13.21,0,0,342.21,mismo_dia,residencial,despejado,11,medio,moto
ENV-001672,3.9,4.13,52.7,35.6,17.1,32.08,0,0,99.92,normal,centro,despejado,19,bajo,bicicleta
ENV-001673,13.71,3.05,29.6,25.8,31.0,23.67,0,0,4750.78,normal,periferia,despejado,13,medio,camioneta
ENV-001674,10.46,5.25,37.2,27.3,15.9,16.15,0,0,245.08,normal,residencial,despejado,17,bajo,moto
ENV-001675,29.53,3.25,22.6,18.1,26.7,10.92,1,0,159.76,express,rural,despejado,7,alto,moto
ENV-001676,9.46,0.94,25.6,16.3,14.1,5.88,1,0,1149.5,express,residencial,despejado,13,medio,dron
ENV-001677,4.96,3.54,39.9,23.0,17.6,16.15,0,0,1032.18,express,centro,despejado,13,alto,bicicleta
ENV-001678,2.08,0.98,19.3,11.0,11.7,2.48,1,0,219.75,normal,centro,despejado,13,alto,bicicleta
ENV-001679,29.56,1.44,22.2,21.8,15.9,7.69,0,0,1108.56,normal,rural,lluvia,11,medio,moto
ENV-001680,2.3,0.45,24.5,11.5,9.9,2.79,0,0,1522.8,mismo_dia,centro,viento_fuerte,16,bajo,bicicleta
ENV-001681,13.95,0.33,9.7,6.8,13.7,0.9,0,0,78.45,normal,residencial,despejado,12,alto,dron
ENV-001682,9.6,2.78,45.5,27.7,15.4,19.41,1,0,4417.65,express,residencial,lluvia,17,bajo,moto
ENV-001683,25.06,0.81,25.7,18.4,8.3,3.92,0,0,524.53,normal,rural,lluvia,18,alto,moto
ENV-001684,12.01,2.77,34.1,21.1,11.3,8.13,0,0,2088.32,express,periferia,despejado,19,alto,moto
ENV-001685,5.18,0.82,21.3,16.1,15.5,5.32,0,0,1302.45,normal,centro,despejado,12,bajo,bicicleta
ENV-001686,9.89,4.54,40.1,31.0,23.8,29.59,1,0,306.71,normal,periferia,despejado,10,bajo,moto
ENV-001687,13.01,2.38,32.5,30.2,18.7,18.35,0,0,851.17,normal,periferia,despejado,7,bajo,moto
ENV-001688,2.2,1.26,18.5,13.8,22.0,5.62,0,0,544.36,mismo_dia,residencial,despejado,11,bajo,bicicleta
ENV-001689,8.15,4.4,29.3,28.1,19.0,15.64,0,0,2306.61,mismo_dia,residencial,despejado,4,bajo,moto
ENV-001690,5.67,4.94,22.2,25.6,18.6,10.57,0,0,482.53,express,residencial,despejado,17,medio,bicicleta
ENV-001691,2.82,1.39,34.5,16.9,14.6,8.51,0,0,555.7,normal,centro,despejado,8,medio,bicicleta
ENV-001692,1.27,2.64,29.9,22.3,28.6,19.07,0,0,327.73,normal,centro,despejado,2,bajo,moto
ENV-001693,3.67,1.11,14.6,10.5,13.5,2.07,0,0,132.42,mismo_dia,centro,despejado,12,bajo,bicicleta
ENV-001694,32.33,0.6,23.8,11.8,11.9,3.34,0,0,296.36,express,rural,despejado,15,alto,moto
ENV-001695,32.57,1.51,31.1,17.8,15.5,8.58,1,0,506.61,normal,rural,despejado,20,alto,moto
ENV-001696,3.0,0.44,22.4,10.9,14.0,3.42,0,0,1311.66,normal,centro,despejado,11,medio,bicicleta
ENV-001697,6.05,0.23,16.0,10.1,5.2,0.84,0,0,1040.07,normal,residencial,lluvia,7,alto,moto
ENV-001698,15.35,0.17,18.6,8.9,7.7,1.27,0,0,4718.82,normal,periferia,despejado,15,alto,moto
ENV-001699,9.98,29.13,77.0,49.4,23.4,89.01,0,0,276.7,normal,residencial,lluvia,12,medio,camioneta
ENV-001700,5.39,0.66,22.3,12.5,17.4,4.85,0,0,21665.73,normal,residencial,despejado,21,bajo,moto
ENV-001701,10.65,4.98,52.0,33.0,21.4,36.72,0,0,389.23,express,residencial,viento_fuerte,11,medio,moto
ENV-001702,13.15,27.04,87.3,62.3,29.1,158.27,1,0,208.52,normal,periferia,lluvia,11,medio,camioneta
ENV-001703,6.87,1.41,29.2,14.7,12.2,5.24,0,0,2118.27,express,periferia,despejado,16,medio,dron
ENV-001704,8.59,0.73,21.0,15.7,9.4,3.1,0,0,2713.64,normal,residencial,despejado,9,alto,dron
ENV-001705,16.08,0.94,21.7,20.7,16.7,7.5,1,0,322.91,normal,periferia,despejado,17,alto,moto
ENV-001706,8.93,3.8,40.7,23.2,25.8,24.36,0,0,2676.3,mismo_dia,periferia,despejado,13,alto,moto
ENV-001707,8.48,1.01,15.9,13.3,17.5,3.7,0,0,3584.74,express,periferia,despejado,21,bajo,moto
ENV-001708,10.32,3.21,30.0,16.5,23.1,11.43,0,0,2904.67,normal,residencial,despejado,10,alto,moto
ENV-001709,4.35,6.18,47.8,20.3,22.2,21.54,0,0,1394.53,normal,centro,despejado,18,alto,bicicleta
ENV-001710,11.19,0.33,15.6,10.4,5.2,0.84,0,0,3128.64,normal,residencial,despejado,15,alto,dron
ENV-001711,36.28,1.38,24.6,16.4,10.4,4.2,0,0,219.72,normal,rural,lluvia,8,alto,moto
ENV-001712,8.37,4.61,33.3,35.8,26.8,31.95,0,0,834.95,mismo_dia,residencial,lluvia,13,medio,moto
ENV-001713,8.99,0.16,9.1,5.8,7.8,0.41,0,0,842.79,express,residencial,despejado,19,alto,dron
ENV-001714,10.02,1.13,23.8,14.2,9.3,3.14,0,0,138.77,normal,residencial,despejado,11,bajo,dron
ENV-001715,10.53,1.05,15.2,14.4,11.0,2.41,0,0,1343.04,mismo_dia,residencial,despejado,15,alto,dron
ENV-001716,32.46,61.22,85.3,38.0,40.8,132.25,0,0,382.53,express,rural,despejado,9,alto,camioneta
ENV-001717,5.48,3.74,26.5,20.3,25.9,13.93,1,0,3981.21,normal,residencial,despejado,18,alto,bicicleta
ENV-001718,8.49,4.47,40.7,35.1,20.9,29.86,1,0,285.94,normal,residencial,despejado,10,medio,moto
ENV-001719,5.54,0.26,11.6,8.2,5.2,0.49,0,0,520.54,normal,residencial,despejado,11,medio,bicicleta
ENV-001720,7.14,8.45,44.3,37.3,22.1,36.52,0,0,814.6,express,residencial,viento_fuerte,10,medio,moto
ENV-001721,12.75,2.35,26.0,17.3,28.5,12.82,0,0,3263.01,normal,periferia,despejado,15,medio,moto
ENV-001722,0.76,5.41,39.5,29.2,12.9,14.88,1,0,1425.95,normal,centro,despejado,19,alto,bicicleta
ENV-001723,3.6,5.61,48.5,25.3,32.7,40.12,0,0,365.82,normal,centro,despejado,16,bajo,moto
ENV-001724,18.02,5.71,53.4,36.7,23.2,45.47,0,0,1232.69,express,periferia,despejado,14,bajo,moto
ENV-001725,4.4,3.9,47.9,37.4,17.1,30.63,0,0,131.83,normal,centro,despejado,12,medio,bicicleta
ENV-001726,13.86,3.53,42.2,32.2,14.8,20.11,0,0,409.68,mismo_dia,periferia,despejado,2,medio,moto
ENV-001727,23.4,7.74,44.1,25.1,15.0,16.6,0,0,1617.7,express,periferia,lluvia,11,medio,camioneta
ENV-001728,35.14,2.47,28.4,15.1,9.2,3.95,1,0,380.37,normal,rural,lluvia,15,alto,moto
ENV-001729,7.47,3.91,23.4,18.4,25.7,11.07,0,0,1250.19,normal,residencial,despejado,12,medio,moto
ENV-001730,4.05,5.31,51.9,33.9,19.6,34.48,1,0,1357.97,normal,centro,despejado,15,alto,bicicleta
ENV-001731,42.34,0.77,17.4,17.7,13.4,4.13,0,0,385.48,express,rural,despejado,7,bajo,camioneta
ENV-001732,28.76,2.8,28.2,19.9,34.8,19.53,0,1,540.03,normal,periferia,viento_fuerte,8,medio,camioneta
ENV-001733,20.96,1.52,21.5,15.5,15.5,5.17,1,0,2042.3,normal,periferia,despejado,8,alto,moto
ENV-001734,53.73,3.07,23.5,24.7,15.9,9.23,0,0,184.52,normal,rural,despejado,13,bajo,camioneta
ENV-001735,19.91,1.48,22.3,20.6,11.4,5.24,0,0,200.13,normal,periferia,lluvia,11,medio,moto
ENV-001736,56.19,7.81,35.0,20.7,33.3,24.13,0,0,244.33,normal,rural,lluvia,15,alto,camioneta
ENV-001737,1.45,1.17,17.1,13.2,18.2,4.11,0,1,2355.73,mismo_dia,centro,despejado,15,alto,camioneta
ENV-001738,8.07,4.16,37.1,21.6,25.3,20.27,0,0,201.86,mismo_dia,residencial,despejado,11,medio,moto
ENV-001739,0.97,2.0,31.9,19.7,24.4,15.33,0,0,669.18,normal,centro,despejado,5,bajo,moto
ENV-001740,2.16,5.9,40.5,27.7,30.6,34.33,1,0,1256.0,express,centro,despejado,19,alto,bicicleta
ENV-001741,34.75,44.14,62.1,37.0,45.0,103.4,0,0,394.23,express,rural,despejado,18,medio,camioneta
ENV-001742,2.26,1.86,39.4,22.6,15.2,13.53,1,0,772.31,normal,residencial,despejado,9,medio,bicicleta
ENV-001743,10.05,0.66,16.7,15.8,10.9,2.88,0,0,191.31,normal,periferia,despejado,12,medio,dron
ENV-001744,5.42,3.99,44.6,25.8,22.5,25.89,0,0,1679.03,normal,residencial,despejado,12,bajo,bicicleta
ENV-001745,1.7,0.43,18.9,11.7,10.2,2.26,0,0,1786.16,normal,centro,lluvia,16,bajo,moto
ENV-001746,12.68,0.2,11.1,8.3,14.0,1.29,0,0,253.64,mismo_dia,periferia,lluvia,10,bajo,moto
ENV-001747,1.95,0.43,20.1,12.1,7.1,1.73,0,0,475.13,express,centro,viento_fuerte,17,bajo,bicicleta
ENV-001748,4.59,21.99,61.7,52.6,49.3,160.0,1,0,1604.57,mismo_dia,centro,despejado,11,bajo,camioneta
ENV-001749,9.86,1.58,22.5,22.2,13.6,6.79,0,0,791.86,normal,residencial,despejado,16,bajo,dron
ENV-001750,2.44,0.24,10.4,6.7,6.0,0.42,0,0,2447.95,normal,centro,despejado,19,alto,bicicleta
ENV-001751,1.85,0.67,15.2,15.3,14.1,3.28,0,0,948.73,normal,centro,despejado,15,medio,bicicleta
ENV-001752,4.01,1.14,28.8,20.7,12.1,7.21,0,0,2065.96,mismo_dia,residencial,despejado,4,bajo,moto
ENV-001753,11.07,0.85,20.4,21.1,13.5,5.81,0,0,1688.29,normal,residencial,despejado,18,alto,dron
ENV-001754,2.72,0.5,14.9,12.0,7.3,1.31,0,0,14516.07,normal,centro,despejado,14,alto,bicicleta
ENV-001755,2.01,1.23,36.2,23.1,10.0,8.36,0,0,889.68,express,centro,despejado,12,bajo,bicicleta
ENV-001756,33.87,1.49,23.0,13.1,9.0,2.71,0,0,121.81,normal,rural,despejado,11,medio,moto
ENV-001757,15.73,2.88,46.2,27.1,13.7,17.15,0,0,10488.02,normal,periferia,despejado,15,alto,moto
ENV-001758,9.93,7.07,41.8,30.3,20.9,26.47,0,1,100.56,express,residencial,despejado,15,alto,camioneta
ENV-001759,13.49,1.87,22.9,18.1,10.8,4.48,0,0,151.81,normal,periferia,lluvia,16,medio,moto
ENV-001760,27.86,1.49,27.9,17.6,8.0,3.93,0,0,463.23,mismo_dia,periferia,viento_fuerte,17,alto,moto
ENV-001761,7.12,14.65,46.5,39.7,35.3,65.17,0,0,507.66,mismo_dia,residencial,despejado,14,bajo,moto
ENV-001762,36.5,1.53,16.4,11.4,15.6,2.92,0,0,563.45,normal,rural,despejado,10,bajo,moto
ENV-001763,2.74,0.99,29.5,14.6,16.2,6.98,0,0,217.29,express,centro,lluvia,15,alto,moto
ENV-001764,13.46,1.09,16.5,10.7,13.4,2.37,0,0,162.15,normal,periferia,despejado,21,bajo,moto
ENV-001765,22.78,0.88,21.2,15.8,12.2,4.09,1,0,1594.66,normal,periferia,despejado,8,alto,moto
ENV-001766,2.97,8.22,48.9,27.9,15.9,21.69,0,0,528.17,mismo_dia,centro,viento_fuerte,8,alto,moto
ENV-001767,1.9,1.84,26.5,20.8,20.0,11.02,0,0,234.4,normal,centro,lluvia,7,alto,moto
ENV-001768,12.73,0.99,31.3,18.0,9.7,5.46,0,0,581.71,mismo_dia,periferia,despejado,19,alto,dron
ENV-001769,14.84,5.16,42.2,19.0,19.2,15.39,0,0,971.55,normal,periferia,despejado,11,bajo,moto
ENV-001770,4.32,1.09,21.8,17.5,8.2,3.13,0,0,5469.36,express,residencial,despejado,13,medio,dron
ENV-001771,3.54,0.93,20.9,12.3,14.9,3.83,0,0,315.26,mismo_dia,centro,despejado,13,bajo,bicicleta
ENV-001772,9.69,1.0,19.7,18.5,18.1,6.6,0,0,348.59,normal,residencial,lluvia,12,bajo,moto
ENV-001773,10.98,2.58,27.3,16.8,22.7,10.41,0,0,3464.13,express,residencial,despejado,21,bajo,moto
ENV-001774,12.12,8.57,55.2,31.6,21.5,37.5,0,0,3154.79,mismo_dia,periferia,despejado,6,medio,moto
ENV-001775,1.46,1.99,24.2,21.6,19.7,10.3,0,0,582.69,express,centro,despejado,18,bajo,bicicleta
ENV-001776,2.38,5.93,40.8,29.3,30.1,35.98,0,0,2412.2,mismo_dia,residencial,lluvia,14,medio,moto
ENV-001777,1.46,0.99,24.6,12.1,10.4,3.1,0,0,2371.46,mismo_dia,centro,viento_fuerte,14,medio,bicicleta
ENV-001778,24.18,3.11,30.0,31.3,22.9,21.5,0,0,1760.58,mismo_dia,periferia,despejado,8,alto,moto
ENV-001779,21.56,0.74,17.4,13.0,10.1,2.28,0,0,1377.94,express,rural,despejado,13,bajo,moto
ENV-001780,18.85,3.02,41.8,22.3,21.9,20.41,1,0,739.28,normal,periferia,despejado,16,alto,camioneta
ENV-001781,2.27,6.36,46.0,21.0,19.3,18.64,0,0,223.5,mismo_dia,centro,despejado,11,alto,bicicleta
ENV-001782,7.44,75.37,114.9,84.9,41.0,399.96,0,0,58.3,normal,periferia,despejado,20,alto,camioneta
ENV-001783,39.43,4.01,36.4,18.7,21.4,14.57,0,0,923.15,normal,rural,viento_fuerte,17,medio,moto
ENV-001784,3.71,0.85,22.8,15.9,16.3,5.91,0,0,100.36,express,centro,despejado,21,bajo,moto
ENV-001785,1.67,0.92,24.1,14.9,18.7,6.71,0,0,150.81,normal,centro,viento_fuerte,15,medio,bicicleta
ENV-001786,4.67,2.78,34.2,24.3,23.0,19.11,0,0,4890.35,express,residencial,lluvia,10,medio,moto
ENV-001787,9.13,0.61,18.9,11.6,15.7,3.44,0,1,3035.0,normal,residencial,despejado,23,bajo,camioneta
ENV-001788,4.99,2.12,34.3,17.5,24.3,14.59,0,0,5882.27,normal,centro,despejado,10,bajo,bicicleta
ENV-001789,12.62,0.58,21.4,9.1,9.2,1.79,0,0,1182.64,normal,periferia,despejado,19,alto,dron
ENV-001790,8.43,3.47,42.8,24.5,18.2,19.08,0,0,1092.86,normal,residencial,lluvia,11,alto,moto
ENV-001791,15.15,0.81,19.5,14.9,15.1,4.39,0,0,182.99,express,periferia,despejado,3,medio,moto
ENV-001792,4.63,0.79,12.9,10.8,14.8,2.06,0,0,851.09,mismo_dia,centro,despejado,2,medio,moto
ENV-001793,24.25,32.3,68.1,46.8,39.6,126.21,0,0,88.72,normal,rural,despejado,0,medio,camioneta
ENV-001794,13.28,0.49,15.2,12.5,12.8,2.43,0,0,123.73,express,periferia,lluvia,6,bajo,moto
ENV-001795,2.15,0.16,9.9,9.8,9.4,0.91,0,0,1035.83,express,residencial,despejado,19,medio,bicicleta
ENV-001796,3.45,2.28,33.6,16.9,24.5,13.91,0,0,1270.36,express,centro,despejado,14,bajo,bicicleta
ENV-001797,17.97,3.27,34.5,24.9,17.9,15.38,0,0,5332.09,express,rural,despejado,9,alto,moto
ENV-001798,8.99,0.54,24.7,11.4,12.5,3.52,0,0,207.03,normal,residencial,lluvia,19,alto,camioneta
ENV-001799,3.95,5.36,33.4,29.4,30.4,29.85,1,0,2033.8,normal,centro,lluvia,16,bajo,bicicleta
ENV-001800,4.27,4.65,51.7,25.9,17.7,23.7,0,0,669.21,normal,residencial,despejado,7,medio,bicicleta
ENV-001801,1.62,0.23,15.0,12.1,9.2,1.67,0,0,1054.5,mismo_dia,centro,lluvia,7,medio,moto
ENV-001802,36.6,1.7,22.1,22.7,15.4,7.73,0,0,2599.42,express,rural,despejado,6,bajo,moto
ENV-001803,3.16,1.27,27.8,18.9,14.7,7.72,0,0,6109.79,mismo_dia,residencial,despejado,15,medio,bicicleta
ENV-001804,7.24,1.92,39.7,29.8,13.0,15.38,0,0,440.12,normal,residencial,lluvia,17,alto,moto
ENV-001805,4.31,0.67,25.3,14.9,13.2,4.98,0,0,393.46,mismo_dia,centro,despejado,18,bajo,bicicleta
ENV-001806,7.26,1.8,40.9,26.1,12.7,13.56,1,0,2325.49,express,residencial,despejado,21,alto,moto
ENV-001807,1.48,1.07,30.5,15.9,15.1,7.32,0,0,1762.78,express,centro,viento_fuerte,7,alto,bicicleta
ENV-001808,22.78,1.01,17.3,15.1,12.7,3.32,0,0,1608.26,normal,periferia,despejado,17,medio,moto
ENV-001809,10.47,0.64,28.7,15.0,10.2,4.39,1,0,1064.31,express,residencial,despejado,14,bajo,dron
ENV-001810,13.82,2.16,36.9,24.0,18.5,16.38,0,0,862.96,normal,periferia,viento_fuerte,14,medio,moto
ENV-001811,3.51,0.52,18.5,12.1,9.7,2.17,0,0,1535.25,mismo_dia,residencial,despejado,10,medio,dron
ENV-001812,3.07,0.75,24.9,13.8,17.1,5.88,0,0,180.89,normal,centro,despejado,18,bajo,bicicleta
ENV-001813,21.02,12.54,45.0,38.3,24.1,41.54,0,0,589.16,mismo_dia,periferia,viento_fuerte,12,bajo,moto
ENV-001814,10.24,3.49,38.5,25.3,16.9,16.46,0,0,1688.71,express,periferia,despejado,10,bajo,moto
ENV-001815,1.27,0.47,18.3,15.4,8.1,2.28,1,0,50,express,centro,despejado,6,bajo,bicicleta
ENV-001816,8.58,5.97,37.8,34.7,35.7,46.83,0,0,1000.2,mismo_dia,residencial,viento_fuerte,18,bajo,moto
ENV-001817,9.48,14.3,45.4,47.1,38.2,81.68,1,0,612.72,mismo_dia,residencial,lluvia,10,bajo,moto
ENV-001818,42.34,3.29,36.4,22.9,19.6,16.34,0,0,597.03,mismo_dia,rural,despejado,12,medio,camioneta
ENV-001819,4.25,7.0,44.1,29.0,30.0,38.37,0,0,181.08,normal,residencial,lluvia,18,alto,moto
ENV-001820,25.57,6.21,38.6,31.2,29.8,35.89,0,0,57.06,express,rural,despejado,13,bajo,moto
ENV-001821,8.03,0.18,14.1,9.2,7.3,0.95,0,0,534.93,normal,residencial,despejado,16,bajo,camioneta
ENV-001822,6.72,0.92,28.6,15.7,12.1,5.43,0,1,796.41,normal,residencial,viento_fuerte,19,alto,camioneta
ENV-001823,5.33,0.27,13.5,8.7,4.0,0.47,0,0,1530.83,express,centro,despejado,17,alto,moto
ENV-001824,25.07,1.14,15.8,10.7,16.6,2.81,0,0,4956.63,normal,periferia,despejado,11,medio,moto
ENV-001825,14.26,21.67,81.9,58.0,26.5,125.88,0,0,720.26,express,periferia,despejado,18,medio,camioneta
ENV-001826,5.1,0.51,17.4,13.0,12.5,2.83,0,0,244.25,express,residencial,despejado,20,alto,bicicleta
ENV-001827,3.68,2.0,27.1,17.9,7.8,3.78,0,0,222.9,express,centro,despejado,15,medio,bicicleta
ENV-001828,5.2,0.66,24.4,18.7,9.9,4.52,0,0,440.78,mismo_dia,residencial,despejado,22,alto,moto
ENV-001829,4.61,23.08,71.2,45.7,46.0,149.68,0,0,297.78,express,centro,viento_fuerte,17,medio,camioneta
ENV-001830,10.63,1.1,29.1,17.6,15.7,8.04,0,0,1440.26,normal,residencial,despejado,20,alto,dron
ENV-001831,7.9,1.82,24.4,20.3,24.5,12.14,1,0,218.21,normal,residencial,despejado,12,alto,moto
ENV-001832,30.47,0.78,27.6,14.3,10.8,4.26,0,0,1469.55,express,rural,despejado,11,bajo,moto
ENV-001833,2.71,0.53,15.9,11.9,11.4,2.16,1,0,2390.06,normal,centro,despejado,12,bajo,bicicleta
ENV-001834,4.22,0.66,13.6,12.7,9.0,1.55,0,0,456.08,express,centro,lluvia,16,medio,moto
ENV-001835,5.62,51.94,80.8,65.5,56.6,299.55,0,0,4796.5,express,residencial,despejado,14,alto,camioneta
ENV-001836,2.28,0.32,13.2,13.1,10.2,1.76,0,0,80.49,express,centro,lluvia,18,alto,moto
ENV-001837,2.26,14.19,78.4,44.6,25.6,89.51,0,0,722.76,normal,centro,lluvia,19,medio,moto
ENV-001838,2.3,3.14,22.9,17.4,21.8,8.69,0,0,1013.58,express,centro,lluvia,14,medio,moto
ENV-001839,49.36,3.55,39.2,23.4,16.7,15.32,1,0,2893.05,express,rural,despejado,15,alto,camioneta
ENV-001840,16.61,3.81,23.8,20.8,16.7,8.27,0,0,1766.2,express,periferia,despejado,17,bajo,moto
ENV-001841,5.35,0.85,21.6,9.9,11.2,2.4,0,0,1435.73,normal,residencial,despejado,10,medio,bicicleta
ENV-001842,3.32,1.52,21.9,19.2,21.6,9.08,0,0,1229.4,normal,centro,despejado,18,alto,bicicleta
ENV-001843,5.47,1.09,32.6,17.1,13.5,7.53,0,0,278.08,mismo_dia,residencial,viento_fuerte,7,medio,moto
ENV-001844,5.91,5.72,52.7,26.9,18.0,25.52,0,0,841.25,normal,centro,despejado,5,bajo,moto
ENV-001845,5.22,0.6,18.6,14.8,15.2,4.18,0,0,4628.69,express,residencial,despejado,10,medio,dron
ENV-001846,7.07,0.35,17.4,8.8,10.6,1.62,0,0,1963.63,express,residencial,despejado,10,bajo,dron
ENV-001847,13.54,2.53,29.0,19.8,9.7,5.57,0,0,781.01,normal,periferia,despejado,19,medio,moto
ENV-001848,43.78,1.0,26.4,17.5,16.7,7.72,1,0,6389.7,normal,rural,despejado,7,alto,camioneta
ENV-001849,10.91,1.1,19.7,15.5,23.8,7.27,0,0,642.49,express,residencial,despejado,11,medio,dron
ENV-001850,38.83,0.77,20.2,13.3,10.4,2.79,0,0,429.88,normal,rural,despejado,13,alto,moto
ENV-001851,16.41,0.7,19.4,12.4,7.5,1.8,0,0,50,normal,periferia,despejado,13,alto,moto
ENV-001852,4.28,0.52,14.0,11.0,15.8,2.43,0,0,771.72,express,residencial,despejado,15,medio,moto
ENV-001853,27.43,0.72,20.8,12.5,8.6,2.24,0,0,136.09,normal,rural,despejado,13,alto,moto
ENV-001854,37.7,2.06,36.6,25.9,15.3,14.5,0,0,239.45,express,rural,despejado,15,alto,moto
ENV-001855,1.9,3.56,39.7,29.4,15.2,17.74,0,0,170.82,normal,centro,despejado,17,alto,bicicleta
ENV-001856,4.1,1.25,35.7,17.6,12.5,7.85,0,0,1105.7,normal,residencial,despejado,7,alto,bicicleta
ENV-001857,17.1,66.37,101.2,55.7,33.4,188.27,0,0,782.54,mismo_dia,periferia,viento_fuerte,11,bajo,camioneta
ENV-001858,27.71,13.55,53.7,48.0,31.3,80.68,0,0,944.0,normal,periferia,lluvia,15,alto,moto
ENV-001859,5.13,0.78,17.3,14.2,11.2,2.75,0,0,194.44,express,residencial,lluvia,7,alto,bicicleta
ENV-001860,1.54,2.17,40.6,27.3,12.0,13.3,0,0,959.39,normal,centro,despejado,17,alto,bicicleta
ENV-001861,3.51,1.08,16.6,14.6,16.8,4.07,0,0,357.88,mismo_dia,residencial,despejado,20,alto,bicicleta
ENV-001862,10.96,1.91,31.7,22.2,12.5,8.8,1,0,1054.97,normal,residencial,despejado,13,bajo,dron
ENV-001863,5.49,0.13,12.2,9.7,7.8,0.92,0,0,2084.14,express,centro,despejado,15,alto,bicicleta
ENV-001864,6.79,0.9,30.5,18.1,12.8,7.07,0,0,197.28,normal,residencial,viento_fuerte,11,alto,bicicleta
ENV-001865,9.38,0.81,27.0,13.9,11.3,4.24,0,0,1539.62,mismo_dia,residencial,despejado,21,medio,moto
ENV-001866,5.1,0.82,27.5,18.2,10.7,5.36,0,0,2771.58,express,centro,despejado,12,bajo,bicicleta
ENV-001867,2.58,2.1,34.2,26.4,15.5,13.99,0,0,3076.7,normal,centro,viento_fuerte,8,alto,bicicleta
ENV-001868,27.85,0.45,16.9,12.4,10.4,2.18,1,0,343.97,express,rural,lluvia,20,alto,moto
ENV-001869,11.4,1.35,29.3,20.4,9.9,5.92,0,0,1396.14,mismo_dia,residencial,despejado,21,medio,moto
ENV-001870,24.97,3.21,31.8,20.6,16.3,10.68,0,0,1405.63,express,rural,lluvia,8,medio,moto
ENV-001871,17.24,21.44,70.8,35.8,49.0,124.2,0,0,161.46,express,periferia,despejado,12,medio,camioneta
ENV-001872,11.42,3.45,45.5,34.2,17.4,27.08,0,0,1132.24,express,residencial,lluvia,10,bajo,moto
ENV-001873,2.97,0.44,22.1,13.8,10.9,3.32,0,0,2582.1,normal,centro,despejado,8,medio,bicicleta
ENV-001874,8.75,2.14,23.7,16.2,20.0,7.68,0,0,233.97,normal,residencial,lluvia,14,alto,moto
ENV-001875,31.11,1.09,33.9,15.4,14.8,7.73,0,0,524.9,normal,rural,despejado,8,medio,moto
ENV-001876,2.58,1.23,22.0,20.2,12.0,5.33,0,0,1594.9,normal,centro,despejado,13,medio,bicicleta
ENV-001877,18.04,4.27,47.5,22.0,22.1,23.09,0,0,884.75,express,periferia,despejado,10,bajo,moto
ENV-001878,2.8,5.31,31.3,19.6,21.4,13.13,0,0,316.76,express,residencial,despejado,16,bajo,bicicleta
ENV-001879,38.28,3.34,31.4,23.6,21.7,16.08,0,0,370.26,normal,rural,despejado,10,bajo,moto
ENV-001880,6.08,0.58,13.8,8.6,7.9,0.94,0,0,1931.98,normal,residencial,despejado,11,bajo,bicicleta
ENV-001881,3.46,9.75,57.0,33.8,20.3,39.11,0,0,2040.53,express,centro,despejado,3,bajo,moto
ENV-001882,13.99,0.85,21.8,18.3,15.0,5.98,0,0,204.41,mismo_dia,residencial,lluvia,22,bajo,moto
ENV-001883,6.28,2.33,36.1,26.7,12.0,11.57,1,0,1121.35,mismo_dia,residencial,despejado,20,bajo,dron
ENV-001884,26.63,0.31,18.3,15.9,8.3,2.42,0,0,72.36,express,periferia,viento_fuerte,16,bajo,moto
ENV-001885,0.51,6.83,33.5,23.3,21.2,16.55,0,0,1303.38,mismo_dia,centro,despejado,14,medio,bicicleta
ENV-001886,12.14,0.61,15.8,9.8,10.5,1.63,1,0,207.42,normal,periferia,despejado,18,alto,dron
ENV-001887,30.65,0.6,13.5,8.2,8.3,0.92,0,0,371.87,normal,rural,lluvia,8,medio,moto
ENV-001888,2.82,5.56,29.2,26.2,20.2,15.45,0,1,657.8,normal,centro,despejado,10,medio,camioneta
ENV-001889,6.55,3.5,25.0,16.8,30.4,12.77,1,0,1281.07,normal,residencial,despejado,10,bajo,bicicleta
ENV-001890,7.92,1.31,24.7,14.0,11.8,4.08,0,0,62.27,normal,residencial,despejado,8,bajo,dron
ENV-001891,2.72,2.97,34.6,18.7,24.0,15.53,1,0,110.6,express,centro,despejado,21,alto,bicicleta
ENV-001892,8.29,8.17,41.8,21.5,17.7,15.91,1,0,1186.16,normal,periferia,despejado,8,alto,moto
ENV-001893,18.49,2.26,25.6,15.6,26.2,10.46,0,0,2569.31,normal,periferia,lluvia,13,alto,moto
ENV-001894,2.82,1.39,20.0,16.6,10.1,3.35,0,0,2157.73,normal,residencial,viento_fuerte,19,medio,bicicleta
ENV-001895,2.5,14.06,63.7,39.5,30.5,76.74,0,0,1218.07,mismo_dia,centro,despejado,12,alto,moto
ENV-001896,9.48,1.44,30.8,15.8,16.9,8.22,0,0,1341.19,express,residencial,viento_fuerte,13,medio,moto
ENV-001897,2.05,1.35,20.2,15.6,9.3,2.93,0,0,375.62,normal,centro,despejado,13,alto,bicicleta
ENV-001898,9.78,3.04,22.4,17.4,15.5,6.04,0,0,2088.88,express,residencial,despejado,18,medio,moto
ENV-001899,3.18,1.39,23.6,15.2,24.9,8.93,0,0,267.08,mismo_dia,centro,despejado,6,bajo,bicicleta
ENV-001900,9.7,0.45,14.6,15.2,11.8,2.62,0,0,324.2,normal,residencial,despejado,18,medio,dron
ENV-001901,17.71,1.19,22.4,21.1,18.6,8.79,0,0,3484.64,normal,periferia,despejado,9,medio,moto
ENV-001902,1.71,0.88,21.1,10.2,13.2,2.84,0,0,2956.41,express,centro,despejado,8,medio,bicicleta
ENV-001903,9.68,0.85,17.2,9.1,8.9,1.39,0,0,483.23,express,residencial,despejado,15,alto,dron
ENV-001904,7.53,3.07,22.7,19.7,15.6,6.98,1,0,581.12,express,residencial,despejado,14,alto,moto
ENV-001905,3.82,2.03,32.2,24.1,19.8,15.37,1,0,1485.51,express,centro,despejado,17,bajo,bicicleta
ENV-001906,0.76,1.95,37.9,29.4,13.2,14.71,0,1,5384.25,express,centro,despejado,17,bajo,camioneta
ENV-001907,2.03,0.66,18.8,14.2,6.5,1.74,1,0,846.0,express,centro,despejado,14,bajo,bicicleta
ENV-001908,0.46,2.21,19.6,13.7,16.6,4.46,0,0,253.55,normal,centro,despejado,15,alto,bicicleta
ENV-001909,5.02,3.27,27.8,23.0,19.9,12.72,0,0,327.12,normal,centro,lluvia,16,medio,bicicleta
ENV-001910,31.53,1.22,20.6,22.0,17.6,7.98,0,0,2355.31,express,rural,despejado,0,bajo,moto
ENV-001911,3.36,0.73,21.3,10.8,14.4,3.31,0,0,907.78,normal,centro,despejado,19,medio,bicicleta
ENV-001912,12.71,5.18,43.5,33.8,26.4,38.82,0,0,1280.29,normal,periferia,despejado,13,alto,moto
ENV-001913,39.85,2.7,34.4,25.0,21.4,18.4,0,0,198.62,normal,rural,despejado,9,medio,moto
ENV-001914,3.55,2.55,33.7,17.6,13.6,8.07,0,0,558.85,express,centro,despejado,12,bajo,bicicleta
ENV-001915,2.09,0.94,23.6,12.8,8.8,2.66,1,0,467.81,normal,centro,despejado,10,bajo,bicicleta
ENV-001916,32.04,0.74,26.8,14.4,9.3,3.59,0,0,1965.72,express,rural,despejado,21,bajo,moto
ENV-001917,35.67,0.56,20.0,11.7,6.2,1.45,0,0,1403.49,mismo_dia,rural,despejado,13,alto,moto
ENV-001918,54.23,0.5,25.6,18.2,7.7,3.59,0,0,3176.59,express,rural,despejado,12,bajo,camioneta
ENV-001919,2.78,0.17,9.1,6.5,12.2,0.72,0,0,642.53,express,residencial,lluvia,16,medio,moto
ENV-001920,10.38,12.1,46.2,36.6,17.2,29.08,1,0,107.45,normal,residencial,despejado,4,bajo,moto
ENV-001921,15.32,2.46,32.0,28.3,14.7,13.31,0,0,433.97,express,periferia,despejado,11,bajo,moto
ENV-001922,5.82,0.51,19.8,11.1,15.8,3.47,0,0,1150.88,express,residencial,lluvia,16,alto,moto
ENV-001923,7.73,10.15,59.7,27.4,31.4,51.36,0,0,180.62,normal,residencial,despejado,21,bajo,moto
ENV-001924,11.03,3.27,35.5,34.1,20.8,25.18,0,0,1918.61,normal,periferia,lluvia,17,bajo,moto
ENV-001925,13.36,1.83,18.4,14.0,14.2,3.66,0,0,252.16,normal,residencial,lluvia,8,alto,moto
ENV-001926,3.83,1.47,23.3,17.1,24.9,9.92,0,0,1014.98,normal,centro,lluvia,16,medio,moto
ENV-001927,4.01,0.27,16.9,10.3,8.6,1.5,1,0,301.28,normal,residencial,lluvia,8,alto,moto
ENV-001928,7.48,2.14,22.8,15.7,26.9,9.63,0,0,1497.8,normal,residencial,viento_fuerte,15,alto,moto
ENV-001929,25.8,0.98,25.9,11.3,11.9,3.48,1,0,322.79,normal,rural,despejado,17,medio,moto
ENV-001930,6.4,2.56,22.5,16.1,27.2,9.85,1,1,60.9,normal,residencial,lluvia,11,medio,camioneta
ENV-001931,6.93,7.75,49.3,33.9,23.1,38.61,0,0,585.43,mismo_dia,residencial,despejado,9,medio,bicicleta
ENV-001932,22.26,59.66,89.4,49.1,44.4,194.9,1,0,526.86,normal,rural,viento_fuerte,7,alto,camioneta
ENV-001933,10.52,0.43,14.6,15.5,12.2,2.76,0,0,240.15,normal,residencial,despejado,13,alto,dron
ENV-001934,9.95,1.98,23.1,19.8,25.9,11.85,0,0,762.89,normal,periferia,viento_fuerte,13,alto,moto
ENV-001935,22.93,10.15,58.2,37.2,26.2,56.72,0,0,2081.11,express,periferia,despejado,18,alto,moto
ENV-001936,4.08,2.83,35.4,20.0,12.3,8.71,1,1,2598.35,normal,centro,lluvia,18,bajo,camioneta
ENV-001937,10.69,2.18,39.3,17.3,20.2,13.73,0,0,551.95,mismo_dia,periferia,lluvia,10,bajo,moto
ENV-001938,6.32,1.56,28.7,16.8,8.9,4.29,0,0,266.22,mismo_dia,residencial,despejado,13,bajo,dron
ENV-001939,18.45,3.1,45.5,29.9,15.8,21.5,0,0,347.61,normal,periferia,despejado,13,medio,moto
ENV-001940,10.23,2.14,20.7,16.5,24.5,8.37,0,0,670.76,express,residencial,despejado,14,alto,dron
ENV-001941,11.18,1.26,20.6,13.7,11.8,3.33,0,0,266.23,normal,periferia,viento_fuerte,16,medio,moto
ENV-001942,12.38,5.72,46.3,32.2,29.7,44.28,0,0,5407.76,normal,periferia,despejado,13,alto,moto
ENV-001943,23.34,1.54,26.3,15.1,20.9,8.3,0,0,209.38,normal,periferia,despejado,5,medio,moto
ENV-001944,14.05,23.29,51.1,36.6,39.4,73.69,0,0,3460.79,normal,periferia,despejado,18,alto,moto
ENV-001945,16.65,4.62,31.1,35.6,25.3,28.01,0,0,2159.62,express,periferia,lluvia,12,bajo,moto
ENV-001946,10.86,4.39,40.1,27.3,31.2,34.16,0,0,635.18,express,residencial,despejado,12,alto,moto
ENV-001947,5.36,0.97,30.1,18.1,10.6,5.77,0,0,1571.09,mismo_dia,residencial,despejado,14,medio,dron
ENV-001948,6.31,1.43,40.0,17.7,15.5,10.97,0,0,2971.8,mismo_dia,residencial,viento_fuerte,13,alto,moto
ENV-001949,3.43,69.23,89.9,53.4,52.0,249.63,0,0,647.77,express,centro,lluvia,8,alto,camioneta
ENV-001950,5.0,3.11,41.8,26.9,19.3,21.7,0,0,85.58,normal,residencial,despejado,18,alto,bicicleta
ENV-001951,6.04,0.91,21.7,16.0,16.6,5.76,0,0,1674.57,express,residencial,viento_fuerte,19,medio,bicicleta
ENV-001952,19.27,3.38,19.8,15.6,20.7,6.39,0,0,550.13,express,periferia,despejado,13,bajo,moto
ENV-001953,3.33,3.24,28.2,23.8,14.8,9.93,0,0,1473.62,normal,centro,despejado,22,medio,moto
ENV-001954,1.08,6.45,40.0,32.2,27.3,35.16,0,0,332.11,mismo_dia,centro,lluvia,21,medio,moto
ENV-001955,13.66,6.9,55.6,25.9,32.1,46.23,0,0,4118.01,normal,residencial,despejado,20,alto,moto
ENV-001956,2.78,37.44,57.0,37.7,38.4,82.52,1,0,4231.3,normal,centro,despejado,23,bajo,camioneta
ENV-001957,9.32,0.12,11.9,7.9,9.1,0.86,1,0,371.64,normal,residencial,viento_fuerte,15,bajo,moto
ENV-001958,4.46,5.0,46.8,24.1,16.5,18.61,1,0,1158.03,normal,residencial,viento_fuerte,8,medio,bicicleta
ENV-001959,4.73,1.69,20.5,18.6,19.7,7.51,0,0,5445.41,normal,centro,lluvia,15,alto,moto
ENV-001960,6.37,1.95,18.7,13.5,13.6,3.43,0,0,982.49,normal,residencial,despejado,10,medio,camioneta
ENV-001961,3.96,6.26,25.9,19.7,24.1,12.3,0,0,988.83,normal,centro,despejado,7,bajo,bicicleta
ENV-001962,16.92,6.88,41.4,25.8,14.6,15.59,0,0,551.82,express,periferia,lluvia,18,medio,moto
ENV-001963,4.36,7.39,29.4,25.1,23.5,17.34,0,0,908.49,normal,centro,despejado,9,alto,bicicleta
ENV-001964,3.61,1.9,31.1,17.0,23.9,12.64,0,0,6028.57,normal,residencial,viento_fuerte,11,medio,bicicleta
ENV-001965,12.96,13.74,82.5,49.5,25.8,105.36,0,0,4344.05,express,residencial,lluvia,11,medio,camioneta
ENV-001966,41.22,46.71,84.3,45.7,40.1,154.49,0,0,2918.18,normal,rural,despejado,2,alto,camioneta
ENV-001967,25.22,3.04,38.0,18.4,18.6,13.01,0,0,537.94,normal,rural,despejado,16,alto,moto
ENV-001968,17.23,0.23,16.5,10.4,6.4,1.1,0,0,472.33,express,periferia,viento_fuerte,15,medio,moto
ENV-001969,7.01,0.73,26.6,16.4,10.8,4.71,0,0,374.75,mismo_dia,residencial,despejado,20,alto,dron
ENV-001970,4.32,1.14,17.5,14.1,8.4,2.07,0,0,1141.39,normal,residencial,despejado,21,bajo,moto
ENV-001971,11.06,3.22,38.7,25.4,13.9,13.66,1,0,348.95,express,residencial,despejado,15,alto,moto
ENV-001972,1.29,48.85,76.5,54.2,56.2,233.02,0,0,294.91,normal,centro,despejado,18,bajo,camioneta
ENV-001973,2.67,2.21,38.7,27.9,15.1,16.3,0,0,956.24,express,centro,despejado,21,alto,moto
ENV-001974,13.66,5.98,56.3,31.8,20.7,37.06,0,0,445.57,express,residencial,lluvia,11,bajo,moto
ENV-001975,3.03,3.71,32.5,29.9,29.4,28.57,0,0,1177.74,normal,centro,despejado,11,bajo,bicicleta
ENV-001976,8.22,67.54,49.0,53.9,43.0,113.57,0,0,1501.92,normal,residencial,despejado,9,bajo,camioneta
ENV-001977,16.79,3.73,30.3,22.1,34.7,23.24,0,0,665.75,normal,periferia,despejado,17,alto,moto
ENV-001978,10.33,1.54,26.8,24.5,15.1,9.91,0,0,305.31,express,residencial,lluvia,20,alto,moto
ENV-001979,8.18,0.32,12.0,9.5,6.6,0.75,0,0,2409.98,normal,residencial,despejado,14,medio,dron
ENV-001980,11.59,1.73,35.5,20.6,13.8,10.09,1,0,851.49,express,residencial,lluvia,5,bajo,moto
ENV-001981,7.53,1.49,27.6,19.2,8.7,4.61,1,0,583.79,normal,residencial,lluvia,11,medio,moto
ENV-001982,7.22,29.86,87.6,44.2,47.4,183.53,0,0,799.68,normal,residencial,despejado,15,medio,camioneta
ENV-001983,21.75,0.26,14.6,9.6,10.7,1.5,1,0,59.14,normal,periferia,despejado,17,bajo,moto
ENV-001984,10.33,0.97,33.5,21.3,9.4,6.71,0,0,2990.66,normal,residencial,despejado,21,bajo,moto
ENV-001985,4.37,1.82,24.9,21.9,23.7,12.92,0,0,1158.91,express,centro,despejado,12,bajo,moto
ENV-001986,5.64,1.39,23.4,17.9,24.9,10.43,0,0,191.06,mismo_dia,residencial,despejado,7,alto,dron
ENV-001987,9.37,1.7,19.4,16.0,15.1,4.69,0,0,2708.48,normal,periferia,lluvia,16,medio,moto
ENV-001988,6.52,22.04,65.6,35.0,44.3,101.71,0,0,50,normal,residencial,despejado,18,medio,camioneta
ENV-001989,8.5,0.7,20.7,19.9,11.8,4.86,1,0,1284.06,normal,residencial,viento_fuerte,11,bajo,moto
ENV-001990,42.89,0.78,26.9,18.3,10.2,5.02,1,1,152.38,mismo_dia,rural,despejado,14,alto,camioneta
ENV-001991,9.77,0.9,18.2,16.0,16.1,4.69,1,1,330.48,normal,residencial,despejado,17,medio,camioneta
ENV-001992,3.47,1.62,23.9,17.1,26.8,10.95,0,0,2092.38,normal,residencial,despejado,21,alto,moto
ENV-001993,7.19,0.97,26.7,15.2,11.3,4.59,0,0,1237.94,normal,periferia,despejado,8,alto,dron
ENV-001994,26.0,3.06,37.2,16.4,15.1,9.21,0,0,927.04,normal,periferia,despejado,19,alto,moto
ENV-001995,1.71,1.33,20.9,14.9,18.2,5.67,0,0,567.23,express,residencial,despejado,0,bajo,moto
ENV-001996,1.59,3.7,38.9,22.4,15.1,13.16,0,0,146.14,normal,residencial,lluvia,16,medio,moto
ENV-001997,4.32,1.89,32.1,16.5,11.1,5.88,0,0,2524.73,express,centro,lluvia,11,alto,moto
ENV-001998,3.98,0.31,15.5,9.8,13.5,2.05,0,0,4815.99,express,residencial,viento_fuerte,15,alto,moto
ENV-001999,13.24,2.09,29.4,21.8,12.0,7.69,1,0,319.3,mismo_dia,residencial,despejado,15,alto,dron
ENV-002000,2.78,4.48,50.5,20.8,22.4,23.53,1,0,1478.48,mismo_dia,centro,viento_fuerte,10,alto,bicicleta
ENV-002001,6.06,0.57,22.1,14.9,11.9,3.92,0,0,8205.28,normal,residencial,despejado,13,alto,bicicleta
ENV-002002,6.94,5.02,40.5,32.2,24.8,32.34,0,0,1868.67,express,residencial,despejado,19,alto,bicicleta
ENV-002003,2.29,3.0,20.5,17.7,23.2,8.42,0,0,325.33,normal,centro,despejado,15,medio,bicicleta
ENV-002004,4.55,2.0,32.8,25.5,13.1,10.96,0,0,419.77,normal,centro,despejado,15,alto,bicicleta
ENV-002005,11.27,0.47,15.4,15.0,10.5,2.43,0,0,1360.05,normal,residencial,despejado,9,medio,dron
ENV-002006,5.87,1.36,35.7,23.9,10.6,9.04,0,0,433.59,normal,residencial,despejado,9,alto,bicicleta
ENV-002007,2.43,4.13,25.8,29.5,21.7,16.52,0,1,1090.07,normal,centro,viento_fuerte,16,medio,camioneta
ENV-002008,2.1,1.4,30.6,18.5,17.3,9.79,0,0,1379.22,normal,residencial,despejado,16,bajo,bicicleta
ENV-002009,5.55,2.06,36.6,21.4,11.9,9.32,0,0,451.3,express,centro,despejado,14,medio,bicicleta
ENV-002010,11.76,10.33,40.4,27.1,24.3,26.6,0,0,806.46,normal,residencial,despejado,19,alto,moto
ENV-002011,6.34,0.96,27.4,20.9,12.1,6.93,0,0,592.03,mismo_dia,residencial,despejado,12,medio,camioneta
ENV-002012,8.31,1.12,27.0,21.5,13.3,7.72,0,0,3095.35,normal,residencial,despejado,18,medio,dron
ENV-002013,11.47,0.42,19.0,11.5,12.7,2.77,0,0,967.13,express,residencial,viento_fuerte,9,bajo,moto
ENV-002014,3.41,1.61,25.1,11.2,11.1,3.12,0,0,151.4,express,residencial,despejado,21,bajo,moto
ENV-002015,5.6,1.16,17.5,13.9,9.6,2.34,1,0,278.88,express,residencial,despejado,9,alto,dron
ENV-002016,33.51,1.13,15.4,17.7,11.9,3.24,0,0,842.76,normal,rural,despejado,8,alto,moto
ENV-002017,1.53,1.52,22.7,22.5,14.9,7.61,0,0,2352.92,normal,centro,viento_fuerte,8,bajo,bicicleta
ENV-002018,9.73,0.89,29.7,18.0,13.1,7.0,0,0,77.69,express,periferia,viento_fuerte,9,alto,moto
ENV-002019,6.15,0.33,21.5,13.4,7.3,2.1,0,0,216.41,mismo_dia,residencial,despejado,20,alto,moto
ENV-002020,3.22,12.33,51.4,33.1,15.3,26.03,1,1,1325.93,normal,centro,lluvia,19,medio,camioneta
ENV-002021,10.09,0.83,23.1,16.8,14.9,5.78,0,0,217.29,normal,residencial,despejado,15,medio,dron
ENV-002022,13.84,1.55,35.6,23.7,9.6,8.1,0,0,108.41,normal,periferia,despejado,14,medio,dron
ENV-002023,3.98,11.41,35.5,32.0,24.5,27.83,0,0,4793.13,normal,centro,despejado,16,medio,moto
ENV-002024,3.2,3.3,28.5,15.9,23.0,10.42,0,0,606.24,normal,centro,viento_fuerte,6,bajo,bicicleta
ENV-002025,14.94,0.48,19.6,13.4,8.3,2.18,0,0,202.98,express,periferia,despejado,6,medio,dron
ENV-002026,20.61,2.19,34.7,26.2,16.5,15.0,1,0,801.28,mismo_dia,periferia,despejado,19,alto,moto
ENV-002027,13.42,3.58,28.6,22.1,14.4,9.1,0,0,50,normal,residencial,lluvia,10,medio,moto
ENV-002028,4.82,1.3,22.1,21.2,18.7,8.76,0,0,1470.61,express,residencial,despejado,8,alto,bicicleta
ENV-002029,4.57,1.41,25.0,20.5,13.0,6.66,0,0,2080.47,normal,residencial,despejado,12,medio,moto
ENV-002030,3.31,4.05,44.2,21.5,22.8,21.67,1,0,512.22,mismo_dia,centro,despejado,9,medio,bicicleta
ENV-002031,4.55,3.03,35.8,24.1,25.5,22.0,0,0,2872.34,normal,residencial,lluvia,9,medio,moto
ENV-002032,8.43,6.26,53.4,40.0,22.7,48.49,0,0,583.7,express,periferia,despejado,18,alto,moto
ENV-002033,7.65,0.8,19.7,20.4,15.3,6.15,0,0,7176.01,normal,periferia,despejado,20,medio,moto
ENV-002034,4.79,21.71,53.1,45.8,58.1,141.3,0,0,908.7,normal,centro,lluvia,9,alto,camioneta
ENV-002035,15.23,1.32,22.1,17.5,8.7,3.36,0,0,514.81,express,periferia,despejado,8,alto,moto
ENV-002036,3.62,3.51,36.6,27.5,25.4,25.57,0,0,233.2,express,residencial,despejado,20,medio,bicicleta
ENV-002037,23.97,4.58,56.3,24.2,22.8,31.06,0,0,781.87,normal,rural,despejado,6,bajo,moto
ENV-002038,4.73,0.61,11.2,7.8,13.4,1.17,1,0,466.31,express,residencial,viento_fuerte,17,bajo,bicicleta
ENV-002039,1.18,6.19,44.0,29.1,15.5,19.85,0,0,639.84,normal,centro,despejado,13,bajo,bicicleta
ENV-002040,9.86,1.33,24.7,13.8,9.2,3.14,1,0,5262.74,express,residencial,despejado,16,medio,dron
ENV-002041,7.7,0.53,24.0,13.3,7.9,2.52,1,0,661.6,normal,residencial,viento_fuerte,10,alto,moto
ENV-002042,2.1,0.16,10.9,11.1,7.4,0.9,1,0,1623.83,express,centro,despejado,2,medio,bicicleta
ENV-002043,8.15,2.49,29.4,25.6,25.5,19.19,0,0,1352.33,normal,residencial,despejado,7,alto,moto
ENV-002044,3.36,2.86,37.3,29.0,13.2,14.28,1,0,2918.95,express,residencial,viento_fuerte,8,alto,bicicleta
ENV-002045,23.87,1.38,29.8,19.2,8.6,4.92,0,0,450.18,normal,rural,lluvia,6,bajo,moto
ENV-002046,1.71,3.55,25.4,17.5,13.7,6.09,0,0,671.76,normal,centro,lluvia,18,alto,bicicleta
ENV-002047,9.48,1.2,36.5,22.0,11.0,8.83,0,0,513.32,normal,residencial,lluvia,19,medio,moto
ENV-002048,2.55,3.53,49.9,22.2,20.5,22.71,1,0,3711.54,express,centro,despejado,20,alto,bicicleta
ENV-002049,2.59,0.52,18.1,12.8,12.6,2.92,0,0,3473.31,normal,centro,despejado,12,bajo,bicicleta
ENV-002050,19.69,0.18,20.2,11.1,6.4,1.44,0,0,165.77,express,periferia,lluvia,7,alto,moto
ENV-002051,26.62,0.39,16.7,9.4,5.5,0.86,0,0,992.55,mismo_dia,rural,despejado,17,bajo,moto
ENV-002052,11.01,4.99,49.3,36.1,18.8,33.46,1,1,320.52,normal,residencial,despejado,11,alto,camioneta
ENV-002053,3.15,1.01,18.4,12.7,7.6,1.78,0,0,419.74,normal,residencial,despejado,21,medio,moto
ENV-002054,2.79,1.34,21.4,16.5,26.7,9.43,0,0,8269.6,normal,residencial,despejado,16,alto,bicicleta
ENV-002055,2.4,1.16,27.9,19.1,9.9,5.28,0,0,820.54,normal,centro,despejado,12,bajo,bicicleta
ENV-002056,7.33,6.59,42.1,26.5,27.7,30.9,0,0,2269.92,normal,residencial,lluvia,21,medio,moto
ENV-002057,4.22,0.49,14.1,10.2,6.6,0.95,1,0,869.55,normal,centro,despejado,5,alto,bicicleta
ENV-002058,32.94,17.9,64.3,43.5,21.6,60.42,0,0,993.92,express,rural,lluvia,16,bajo,moto
ENV-002059,3.42,0.65,27.8,13.3,12.4,4.58,0,0,800.54,mismo_dia,residencial,viento_fuerte,4,bajo,moto
ENV-002060,4.57,8.71,56.4,30.2,32.1,54.68,0,0,345.12,normal,centro,despejado,12,medio,camioneta
ENV-002061,2.96,0.79,23.8,16.4,15.1,5.89,0,1,5370.38,express,centro,despejado,19,alto,camioneta
ENV-002062,9.98,0.76,26.5,15.8,11.1,4.65,1,0,309.42,normal,residencial,lluvia,15,alto,moto
ENV-002063,35.38,0.52,16.4,11.5,14.4,2.72,0,0,235.19,express,rural,despejado,20,bajo,moto
ENV-002064,3.16,9.74,47.5,38.8,38.4,70.77,0,0,534.41,normal,centro,despejado,11,alto,moto
ENV-002065,6.9,0.44,19.6,14.4,11.5,3.25,0,0,277.64,express,residencial,lluvia,11,bajo,moto
ENV-002066,1.19,3.89,29.3,18.6,11.9,6.49,0,1,11667.41,normal,centro,despejado,20,alto,camioneta
ENV-002067,10.43,0.49,20.9,11.4,7.1,1.69,0,0,105.49,normal,periferia,despejado,12,bajo,dron
ENV-002068,6.42,2.99,40.1,17.0,17.9,12.2,0,0,2065.96,normal,residencial,despejado,19,alto,bicicleta
ENV-002069,14.73,3.7,25.8,23.2,22.5,13.47,0,0,1351.28,normal,periferia,despejado,17,medio,moto
ENV-002070,3.8,4.97,33.2,27.9,25.7,23.81,0,0,1476.87,mismo_dia,centro,despejado,11,bajo,bicicleta
ENV-002071,6.18,3.17,41.7,19.2,19.9,15.93,1,0,412.46,normal,residencial,lluvia,22,medio,moto
ENV-002072,8.76,2.07,28.4,17.9,27.3,13.88,0,0,340.19,normal,residencial,lluvia,14,alto,camioneta
ENV-002073,7.77,29.1,56.0,37.8,68.5,145.0,0,0,117.14,normal,periferia,despejado,8,medio,camioneta
ENV-002074,5.24,1.96,20.2,22.8,17.8,8.2,0,0,1498.9,express,centro,despejado,15,medio,bicicleta
ENV-002075,23.89,0.8,20.4,12.4,20.9,5.29,0,0,150.55,express,periferia,viento_fuerte,18,bajo,moto
ENV-002076,2.91,0.62,14.6,12.7,13.2,2.45,0,0,717.29,normal,centro,despejado,6,bajo,bicicleta
ENV-002077,11.06,0.52,15.9,8.1,6.9,0.89,0,0,50,express,residencial,viento_fuerte,15,alto,moto
ENV-002078,5.7,1.29,22.9,21.1,20.4,9.86,0,0,3642.79,express,residencial,despejado,11,medio,bicicleta
ENV-002079,3.68,0.52,18.5,10.4,12.6,2.42,0,0,425.27,mismo_dia,centro,lluvia,5,bajo,moto
ENV-002080,2.29,1.98,19.8,19.2,12.7,4.83,0,0,156.85,express,centro,despejado,15,alto,bicicleta
ENV-002081,39.06,1.18,18.4,14.1,17.5,4.54,0,0,1604.69,normal,rural,lluvia,13,bajo,moto
ENV-002082,20.18,4.48,38.3,32.3,17.9,22.14,0,0,581.69,normal,periferia,lluvia,16,bajo,moto
ENV-002083,1.85,1.18,19.5,10.9,16.2,3.44,0,0,1056.66,normal,centro,lluvia,14,alto,moto
ENV-002084,6.19,0.8,30.3,15.2,12.1,5.57,0,1,1025.6,normal,residencial,lluvia,8,medio,camioneta
ENV-002085,2.51,77.65,76.8,73.0,52.7,295.46,0,0,2403.82,normal,centro,lluvia,21,medio,camioneta
ENV-002086,1.59,0.47,16.1,14.7,11.2,2.65,0,0,688.67,express,centro,viento_fuerte,8,medio,bicicleta
ENV-002087,22.36,2.35,40.9,23.6,14.3,13.8,0,0,825.23,normal,periferia,despejado,9,bajo,moto
ENV-002088,2.86,2.97,22.4,12.7,17.2,4.89,0,0,4317.3,normal,centro,despejado,16,alto,bicicleta
ENV-002089,2.61,24.75,54.1,32.8,37.8,67.08,1,0,277.19,normal,centro,lluvia,7,alto,moto
ENV-002090,2.46,1.07,17.8,13.6,23.2,5.62,1,0,5132.03,normal,centro,viento_fuerte,9,alto,bicicleta
ENV-002091,9.5,0.7,20.4,20.8,12.7,5.39,0,0,1214.46,mismo_dia,residencial,despejado,7,medio,dron
ENV-002092,13.75,1.23,20.6,14.3,23.1,6.8,0,0,799.18,normal,periferia,despejado,21,bajo,moto
ENV-002093,2.94,4.87,33.3,26.2,18.1,15.79,0,0,192.36,express,centro,despejado,8,medio,camioneta
ENV-002094,2.87,27.93,68.9,44.2,40.3,122.73,0,0,613.97,normal,centro,despejado,0,bajo,camioneta
ENV-002095,7.89,1.33,20.4,21.9,18.7,8.35,0,0,83.76,normal,periferia,despejado,14,bajo,dron
ENV-002096,1.85,4.0,34.2,23.2,17.8,14.12,0,0,2154.49,mismo_dia,centro,lluvia,21,medio,moto
ENV-002097,6.96,0.19,17.6,11.9,6.7,1.4,1,0,1091.09,express,residencial,despejado,8,medio,dron
ENV-002098,7.45,3.58,47.7,22.2,23.4,24.78,0,0,447.71,express,residencial,despejado,10,medio,moto
ENV-002099,8.75,1.19,25.3,16.2,10.4,4.26,0,0,1981.08,normal,residencial,despejado,13,medio,dron
ENV-002100,17.3,1.26,22.5,20.0,13.4,6.03,0,0,942.22,express,periferia,despejado,12,medio,moto
ENV-002101,33.9,2.84,25.2,21.8,27.9,15.33,0,0,574.67,express,rural,despejado,9,medio,moto
ENV-002102,17.16,1.95,29.4,25.8,13.4,10.16,0,0,1073.61,normal,periferia,lluvia,18,alto,moto
ENV-002103,6.05,5.58,37.3,29.6,28.6,31.58,0,0,3034.53,normal,residencial,despejado,9,medio,bicicleta
ENV-002104,1.35,1.23,20.5,19.8,15.4,6.25,1,0,744.3,normal,centro,despejado,13,alto,bicicleta
ENV-002105,17.03,10.62,59.6,29.7,33.7,59.65,1,0,459.15,normal,periferia,despejado,7,alto,moto
ENV-002106,1.44,0.87,14.6,13.5,13.0,2.56,0,0,265.34,express,centro,despejado,7,bajo,bicicleta
ENV-002107,9.68,2.04,28.0,15.0,21.0,8.82,0,0,2090.1,mismo_dia,periferia,despejado,20,alto,dron
ENV-002108,10.06,1.23,27.5,21.2,12.2,7.11,0,0,292.23,normal,residencial,despejado,10,medio,dron
ENV-002109,3.76,2.13,21.3,22.1,16.2,7.63,0,0,4498.57,mismo_dia,residencial,lluvia,8,alto,moto
ENV-002110,11.3,3.09,38.6,26.9,20.1,20.87,0,0,220.3,normal,residencial,despejado,17,bajo,moto
ENV-002111,3.62,5.45,58.1,33.0,17.9,34.32,0,0,607.45,express,centro,despejado,16,alto,bicicleta
ENV-002112,4.14,1.29,26.9,18.6,10.4,5.2,0,0,92.29,normal,centro,despejado,9,medio,bicicleta
ENV-002113,4.57,58.56,111.4,68.0,34.0,257.56,0,0,53.67,express,residencial,despejado,13,bajo,camioneta
ENV-002114,7.77,0.94,13.8,10.7,10.6,1.57,0,0,1004.52,mismo_dia,residencial,viento_fuerte,17,bajo,moto
ENV-002115,2.54,11.2,73.9,45.8,22.8,77.17,1,0,132.55,normal,centro,despejado,17,medio,moto
ENV-002116,3.48,2.35,30.7,18.2,12.8,7.15,0,0,894.03,express,centro,despejado,13,alto,bicicleta
ENV-002117,3.6,8.3,54.7,33.1,36.6,66.27,0,0,61.76,normal,centro,despejado,4,medio,moto
ENV-002118,8.08,0.29,9.7,6.8,12.1,0.8,0,1,2436.64,normal,periferia,despejado,12,bajo,camioneta
ENV-002119,29.6,0.75,13.4,11.4,13.9,2.12,0,0,4499.84,express,rural,lluvia,8,alto,moto
ENV-002120,6.38,2.53,37.4,18.2,22.7,15.45,0,1,1139.47,normal,residencial,despejado,7,alto,camioneta
ENV-002121,23.38,9.95,56.5,38.3,16.2,35.06,0,0,208.46,express,periferia,lluvia,18,medio,moto
ENV-002122,23.31,3.53,25.8,19.0,26.2,12.84,0,0,144.5,normal,periferia,despejado,8,alto,moto
ENV-002123,4.09,0.89,20.1,13.3,6.8,1.82,0,0,1808.47,normal,residencial,despejado,13,bajo,bicicleta
ENV-002124,16.82,10.51,44.3,32.8,32.2,46.79,0,0,1839.26,mismo_dia,periferia,despejado,10,bajo,moto
ENV-002125,4.36,2.13,39.2,20.0,17.3,13.56,0,0,448.92,express,centro,lluvia,6,medio,moto
ENV-002126,3.24,31.4,92.4,67.8,30.5,191.07,0,0,568.91,normal,centro,lluvia,16,medio,camioneta
ENV-002127,5.18,1.05,23.8,14.9,9.5,3.37,1,0,707.51,express,residencial,despejado,13,medio,dron
ENV-002128,4.73,1.0,21.7,13.6,10.4,3.07,0,0,889.41,normal,residencial,despejado,20,medio,bicicleta
ENV-002129,5.86,0.58,20.0,19.6,11.4,4.47,0,0,3614.71,mismo_dia,residencial,viento_fuerte,13,alto,bicicleta
ENV-002130,7.1,35.71,83.8,64.2,31.1,167.32,0,0,1496.43,express,residencial,lluvia,13,alto,camioneta
ENV-002131,1.62,0.83,20.6,14.7,17.4,5.27,1,0,1040.41,normal,residencial,despejado,9,medio,bicicleta
ENV-002132,20.99,2.44,24.2,20.9,27.3,13.81,0,0,383.89,express,rural,despejado,21,bajo,moto
ENV-002133,2.8,2.44,24.8,20.6,23.8,12.16,1,0,1808.87,express,centro,despejado,9,alto,bicicleta
ENV-002134,9.48,1.81,27.3,23.2,22.1,14.0,0,0,481.11,normal,residencial,despejado,17,medio,moto
ENV-002135,8.3,17.39,78.2,39.7,35.6,110.52,1,0,4425.03,mismo_dia,residencial,despejado,15,alto,camioneta
ENV-002136,42.87,0.79,22.0,12.8,20.0,5.63,0,0,342.25,normal,rural,lluvia,8,bajo,camioneta
ENV-002137,3.21,0.12,12.2,8.3,7.0,0.71,0,0,934.37,express,centro,viento_fuerte,7,alto,bicicleta
ENV-002138,7.12,0.66,17.2,14.6,8.6,2.16,1,0,659.23,mismo_dia,residencial,despejado,14,alto,dron
ENV-002139,8.31,79.25,120.4,60.7,53.7,392.45,0,0,283.63,normal,residencial,viento_fuerte,17,alto,camioneta
ENV-002140,4.93,2.05,19.0,15.3,23.4,6.8,0,0,2825.2,normal,centro,lluvia,18,alto,moto
ENV-002141,10.4,2.93,48.4,29.6,14.9,21.35,1,0,594.64,express,periferia,despejado,6,bajo,moto
ENV-002142,4.5,0.16,14.7,11.8,7.3,1.27,0,0,231.33,express,residencial,despejado,14,alto,bicicleta
ENV-002143,10.26,6.8,36.9,32.1,26.9,31.86,1,0,6371.99,express,residencial,lluvia,19,medio,moto
ENV-002144,8.67,2.62,35.8,20.0,12.6,9.02,0,0,1560.78,express,residencial,lluvia,18,bajo,moto
ENV-002145,3.62,10.7,65.1,37.7,22.8,55.96,0,0,443.85,normal,centro,despejado,14,alto,moto
ENV-002146,5.2,0.53,19.0,15.2,14.2,4.1,0,0,887.96,express,residencial,lluvia,5,bajo,moto
ENV-002147,11.74,1.71,20.0,15.2,23.9,7.27,0,1,1350.13,normal,residencial,despejado,15,medio,camioneta
ENV-002148,13.81,2.35,27.2,14.9,16.1,6.53,0,0,1368.19,normal,periferia,despejado,21,medio,moto
ENV-002149,7.45,6.85,60.8,29.6,23.5,42.29,1,0,9455.73,express,residencial,despejado,8,alto,moto
ENV-002150,2.73,7.68,41.8,27.8,11.9,13.83,0,0,1582.99,express,residencial,despejado,14,alto,bicicleta
ENV-002151,6.27,4.52,40.1,27.0,13.3,14.4,0,0,610.11,normal,residencial,despejado,14,medio,bicicleta
ENV-002152,14.49,2.94,36.0,18.9,25.5,17.35,0,0,12334.95,normal,periferia,despejado,16,medio,moto
ENV-002153,7.16,4.76,31.9,31.7,24.0,24.27,0,0,1242.55,normal,periferia,despejado,13,bajo,moto
ENV-002154,3.96,1.76,33.0,18.1,10.9,6.51,0,0,1104.79,express,centro,viento_fuerte,13,bajo,bicicleta
ENV-002155,4.9,21.83,65.6,64.0,38.4,161.22,0,0,3016.06,express,centro,despejado,8,alto,camioneta
ENV-002156,5.19,2.31,25.8,26.2,17.3,11.69,0,0,1122.68,normal,centro,despejado,8,medio,bicicleta
ENV-002157,12.4,1.55,17.3,13.6,18.0,4.24,0,0,304.07,express,periferia,despejado,8,alto,dron
ENV-002158,10.84,0.35,22.5,11.4,10.0,2.56,0,0,1176.24,express,periferia,despejado,9,alto,dron
ENV-002159,3.77,1.84,29.3,15.2,14.9,6.64,1,0,520.76,normal,centro,despejado,23,bajo,bicicleta
ENV-002160,8.08,0.38,14.6,12.4,12.1,2.19,0,0,14906.89,normal,residencial,despejado,8,alto,dron
ENV-002161,9.63,2.56,29.1,15.0,11.8,5.15,0,0,702.77,normal,residencial,despejado,18,alto,moto
ENV-002162,8.52,0.66,22.2,11.2,9.4,2.34,0,0,845.02,normal,residencial,lluvia,11,medio,moto
ENV-002163,7.34,2.85,45.7,23.0,18.7,19.66,1,0,8669.44,express,residencial,despejado,10,bajo,moto
ENV-002164,15.71,2.01,20.6,18.0,16.3,6.04,0,0,787.1,normal,periferia,despejado,9,alto,moto
ENV-002165,3.49,3.22,44.8,28.8,16.2,20.9,1,0,339.43,express,centro,despejado,10,bajo,bicicleta
ENV-002166,2.12,1.33,29.7,17.5,18.5,9.62,0,0,2544.56,express,residencial,despejado,13,alto,bicicleta
ENV-002167,2.58,1.29,32.9,22.3,9.9,7.26,1,0,1053.43,normal,centro,despejado,17,bajo,bicicleta
ENV-002168,20.37,0.31,13.3,8.8,6.5,0.76,0,0,1196.2,express,periferia,despejado,7,alto,moto
ENV-002169,19.06,1.48,25.8,15.9,7.5,3.08,1,0,1504.89,express,periferia,despejado,10,bajo,moto
ENV-002170,1.6,3.1,21.4,16.3,22.9,7.99,0,0,2346.26,normal,centro,despejado,10,bajo,bicicleta
ENV-002171,11.55,3.13,25.7,23.5,17.1,10.33,0,0,203.01,normal,residencial,despejado,16,bajo,moto
ENV-002172,5.65,0.59,15.3,8.8,14.0,1.88,0,0,1651.55,express,residencial,despejado,16,bajo,dron
ENV-002173,3.8,0.89,22.8,11.6,12.0,3.17,0,0,1574.6,express,centro,despejado,14,alto,bicicleta
ENV-002174,18.23,2.04,23.7,24.3,21.3,12.27,0,0,1534.83,normal,periferia,despejado,7,alto,moto
ENV-002175,12.77,6.36,34.1,33.3,22.7,25.78,0,0,547.61,express,periferia,despejado,16,medio,moto
ENV-002176,49.7,0.91,21.4,11.0,15.4,3.63,0,0,695.17,mismo_dia,rural,despejado,11,bajo,camioneta
ENV-002177,7.39,1.22,24.7,14.7,12.7,4.61,0,1,409.57,normal,residencial,lluvia,10,alto,camioneta
ENV-002178,7.67,2.72,37.9,18.5,22.0,15.43,0,0,482.76,normal,residencial,despejado,23,medio,moto
ENV-002179,10.66,2.03,26.6,20.3,14.2,7.67,0,0,1795.22,normal,residencial,despejado,15,bajo,dron
ENV-002180,3.49,0.55,23.4,13.0,7.8,2.37,0,0,445.13,mismo_dia,centro,viento_fuerte,17,medio,moto
ENV-002181,9.08,1.6,35.9,21.0,15.0,11.31,0,1,668.99,express,periferia,despejado,2,bajo,camioneta
ENV-002182,6.22,3.54,43.1,26.0,14.5,16.25,0,0,196.67,express,residencial,lluvia,10,medio,camioneta
ENV-002183,5.88,1.68,22.3,15.7,9.3,3.26,0,0,69.72,normal,residencial,lluvia,14,alto,moto
ENV-002184,13.11,1.68,28.1,21.3,16.6,9.94,0,0,6908.71,normal,residencial,viento_fuerte,12,alto,moto
ENV-002185,3.96,1.19,19.2,12.3,21.2,5.01,0,0,1492.56,normal,centro,despejado,7,medio,bicicleta
ENV-002186,4.78,0.56,17.4,12.7,12.3,2.72,1,1,579.56,express,residencial,despejado,13,bajo,camioneta
ENV-002187,22.19,5.29,46.2,34.1,19.7,31.04,0,0,507.36,normal,rural,despejado,16,bajo,moto
ENV-002188,8.77,0.57,14.7,10.0,14.4,2.12,1,0,3069.24,express,residencial,viento_fuerte,7,alto,moto
ENV-002189,51.52,42.71,92.8,72.4,39.8,267.41,1,0,588.27,normal,rural,lluvia,8,alto,camioneta
ENV-002190,4.12,1.76,21.2,18.3,13.7,5.32,0,0,3118.51,normal,residencial,despejado,13,alto,bicicleta
ENV-002191,2.37,16.5,67.9,46.5,20.2,63.78,0,0,4467.25,normal,centro,despejado,18,alto,moto
ENV-002192,5.56,0.4,18.3,11.8,11.0,2.38,0,0,348.19,mismo_dia,residencial,despejado,12,bajo,dron
ENV-002193,2.27,1.79,20.7,21.1,18.8,8.21,0,0,2247.7,normal,centro,despejado,15,alto,bicicleta
ENV-002194,22.88,3.81,25.2,15.8,24.4,9.72,0,0,2329.18,normal,rural,despejado,14,alto,moto
ENV-002195,11.09,2.62,28.1,20.0,12.5,7.03,0,0,50,mismo_dia,residencial,lluvia,9,alto,moto
ENV-002196,3.13,4.39,35.3,22.5,29.3,23.27,0,0,611.57,normal,residencial,despejado,6,bajo,bicicleta
ENV-002197,2.27,3.92,39.6,17.2,16.0,10.9,0,0,1953.2,express,centro,despejado,6,alto,bicicleta
ENV-002198,7.65,3.51,50.9,33.9,15.1,26.06,0,0,3616.79,normal,residencial,despejado,6,bajo,moto
ENV-002199,0.73,3.34,28.6,20.4,9.3,5.43,0,0,50,mismo_dia,centro,lluvia,7,alto,moto
ENV-002200,4.98,1.72,33.6,19.6,12.8,8.43,0,0,283.48,normal,residencial,lluvia,20,bajo,moto
ENV-002201,4.44,1.39,34.5,21.5,13.1,9.72,0,0,2622.17,normal,centro,despejado,6,alto,bicicleta
ENV-002202,1.71,14.84,46.0,27.0,39.1,48.56,0,0,525.04,normal,centro,despejado,14,alto,moto
ENV-002203,13.74,1.72,19.8,14.4,17.8,5.08,0,1,1628.54,mismo_dia,residencial,despejado,13,alto,camioneta
ENV-002204,3.47,17.43,49.6,39.5,52.5,102.86,0,0,2825.72,express,residencial,despejado,7,alto,camioneta
ENV-002205,10.63,0.4,15.5,13.0,6.5,1.31,0,0,85.68,normal,residencial,despejado,23,bajo,moto
ENV-002206,15.46,2.28,29.4,22.0,10.0,6.47,0,0,559.16,normal,periferia,despejado,10,medio,moto
ENV-002207,15.38,3.81,55.0,34.5,15.1,28.65,0,0,221.83,express,periferia,despejado,13,alto,moto
ENV-002208,34.01,1.04,32.1,15.7,12.4,6.25,0,0,318.41,normal,rural,despejado,12,medio,moto
ENV-002209,7.58,1.29,26.4,21.7,12.9,7.39,0,0,103.31,normal,residencial,despejado,15,alto,dron
ENV-002210,12.37,77.93,78.1,81.8,62.6,399.93,0,0,845.26,express,residencial,lluvia,5,medio,camioneta
ENV-002211,24.0,0.92,28.5,21.9,10.3,6.43,1,0,2600.94,express,periferia,despejado,19,medio,moto
ENV-002212,2.6,0.98,17.3,14.4,8.2,2.04,0,0,221.24,express,centro,viento_fuerte,14,alto,bicicleta
ENV-002213,2.22,1.9,25.1,25.9,22.1,14.37,0,0,293.61,express,centro,despejado,10,bajo,bicicleta
ENV-002214,0.51,2.38,35.2,16.8,18.8,11.12,1,0,594.7,normal,centro,despejado,13,alto,bicicleta
ENV-002215,2.21,1.72,23.2,17.1,10.8,4.28,0,0,707.2,mismo_dia,centro,despejado,12,alto,bicicleta
ENV-002216,2.9,26.22,45.7,34.9,30.7,48.96,0,0,552.68,express,centro,despejado,15,alto,camioneta
ENV-002217,42.34,1.38,22.0,10.8,11.8,2.8,1,0,144.02,express,rural,lluvia,15,alto,camioneta
ENV-002218,2.15,0.66,20.6,13.9,5.5,1.57,0,0,825.6,normal,centro,lluvia,16,medio,moto
ENV-002219,2.74,2.44,40.1,29.9,14.5,17.39,0,0,201.26,express,centro,despejado,8,alto,bicicleta
ENV-002220,2.89,10.26,42.7,26.8,38.4,43.94,1,0,2712.1,normal,centro,lluvia,20,medio,moto
ENV-002221,7.62,1.29,33.1,19.9,10.9,7.18,0,0,338.92,normal,residencial,despejado,8,alto,dron
ENV-002222,5.99,2.83,35.9,20.9,12.4,9.3,0,0,910.19,normal,residencial,despejado,2,medio,moto
ENV-002223,2.32,2.68,32.6,22.6,20.1,14.81,1,0,539.22,express,centro,despejado,20,medio,bicicleta
ENV-002224,8.68,2.23,26.7,25.1,25.8,17.29,0,0,641.04,mismo_dia,residencial,despejado,13,alto,moto
ENV-002225,25.12,2.38,44.4,23.3,15.8,16.35,0,0,1550.64,express,periferia,despejado,4,medio,moto
ENV-002226,7.19,1.06,20.2,17.3,8.8,3.08,0,0,885.71,normal,residencial,despejado,16,bajo,dron
ENV-002227,31.87,1.94,24.7,16.8,16.9,7.01,1,0,1604.92,normal,rural,despejado,11,medio,moto
ENV-002228,17.98,1.3,32.6,20.1,15.0,9.83,0,0,371.44,normal,periferia,lluvia,18,alto,moto
ENV-002229,4.92,1.0,27.5,19.2,13.2,6.97,0,0,550.32,normal,residencial,despejado,15,bajo,bicicleta
ENV-002230,1.33,2.55,30.1,25.7,20.1,15.55,0,0,7139.08,normal,centro,despejado,19,alto,bicicleta
ENV-002231,4.36,2.89,34.3,23.5,25.9,20.88,1,0,2119.86,mismo_dia,centro,despejado,15,alto,bicicleta
ENV-002232,15.69,1.51,29.6,20.1,8.4,5.0,0,0,730.39,mismo_dia,periferia,despejado,11,bajo,moto
ENV-002233,5.91,1.17,15.3,14.5,10.4,2.31,0,0,912.06,normal,residencial,viento_fuerte,16,medio,bicicleta
ENV-002234,2.45,1.12,28.9,13.7,12.9,5.11,0,0,639.6,normal,centro,despejado,13,medio,bicicleta
ENV-002235,1.17,1.77,36.4,18.3,13.2,8.79,0,0,1913.05,express,centro,despejado,14,alto,bicicleta
ENV-002236,25.65,3.71,50.2,33.7,17.0,28.76,0,0,434.36,express,rural,lluvia,10,alto,moto
ENV-002237,6.72,1.26,34.4,21.9,11.0,8.29,0,1,1314.06,normal,periferia,despejado,11,bajo,camioneta
ENV-002238,13.27,2.17,22.2,13.5,14.5,4.35,0,0,634.7,normal,residencial,despejado,14,alto,dron
ENV-002239,31.15,1.11,20.6,22.1,16.4,7.47,0,0,3612.91,express,rural,despejado,20,medio,moto
ENV-002240,5.32,2.32,36.0,21.8,17.9,14.05,0,0,558.44,normal,residencial,despejado,12,bajo,bicicleta
ENV-002241,7.75,0.82,27.4,20.2,10.9,6.03,0,0,346.12,normal,residencial,despejado,12,bajo,dron
ENV-002242,2.64,1.11,24.9,11.1,10.8,2.99,0,0,6043.82,normal,centro,despejado,14,medio,bicicleta
ENV-002243,7.96,1.47,20.0,23.1,16.7,7.72,0,0,75.1,normal,periferia,lluvia,13,alto,moto
ENV-002244,1.48,5.02,39.8,23.1,28.8,26.48,0,0,964.26,mismo_dia,centro,lluvia,10,bajo,moto
ENV-002245,8.93,2.72,37.3,29.1,17.8,19.32,1,0,20338.35,normal,residencial,despejado,20,alto,moto
ENV-002246,2.45,0.59,17.3,11.0,19.4,3.69,0,0,144.54,normal,centro,despejado,14,medio,bicicleta
ENV-002247,30.64,3.55,32.9,29.3,17.4,16.77,0,0,291.53,express,rural,despejado,14,alto,moto
ENV-002248,6.35,17.21,65.3,36.2,44.1,104.25,0,0,317.11,mismo_dia,periferia,despejado,11,medio,camioneta
ENV-002249,45.21,2.82,36.0,16.1,19.9,11.53,0,0,635.93,normal,rural,despejado,20,medio,camioneta
ENV-002250,0.93,1.24,29.9,22.4,9.8,6.56,0,0,614.12,express,centro,despejado,0,bajo,moto
ENV-002251,16.77,74.87,84.0,45.4,68.9,262.76,0,0,949.25,normal,periferia,despejado,12,alto,camioneta
ENV-002252,0.83,7.87,38.1,27.5,51.5,53.96,0,0,1380.76,normal,centro,despejado,13,medio,moto
ENV-002253,11.15,21.7,92.1,56.2,29.4,152.17,1,0,54.17,express,residencial,despejado,11,bajo,camioneta
ENV-002254,4.7,1.94,30.4,18.4,19.0,10.63,0,0,519.3,normal,centro,viento_fuerte,12,alto,bicicleta
ENV-002255,25.73,0.99,14.6,16.0,10.3,2.41,0,0,1259.75,normal,periferia,despejado,9,medio,moto
ENV-002256,7.52,0.71,19.6,16.1,12.0,3.79,0,0,561.37,normal,residencial,despejado,14,medio,moto
ENV-002257,28.89,5.36,46.9,20.5,19.2,18.46,0,0,1612.23,express,rural,lluvia,18,alto,moto
ENV-002258,3.46,1.52,28.3,15.7,23.0,10.22,0,1,147.8,normal,centro,despejado,14,medio,camioneta
ENV-002259,4.27,1.72,40.9,17.4,16.8,11.96,0,0,549.26,normal,residencial,despejado,6,alto,bicicleta
ENV-002260,6.24,0.95,30.6,22.4,9.8,6.72,1,0,356.74,normal,residencial,despejado,19,medio,dron
ENV-002261,4.94,0.84,18.9,11.2,12.6,2.67,1,0,291.75,express,centro,despejado,8,alto,bicicleta
ENV-002262,6.02,5.8,46.6,32.5,24.1,36.5,0,0,402.73,express,residencial,viento_fuerte,21,alto,moto
ENV-002263,5.64,0.94,17.3,18.6,12.8,4.12,0,0,612.12,express,residencial,despejado,17,medio,bicicleta
ENV-002264,4.33,2.24,41.7,21.6,16.2,14.59,1,0,989.42,normal,residencial,despejado,15,alto,bicicleta
ENV-002265,24.65,1.46,24.3,21.0,14.4,7.35,0,0,2181.85,normal,periferia,despejado,9,alto,moto
ENV-002266,8.39,25.61,73.6,52.6,28.0,108.4,0,0,954.41,express,residencial,despejado,18,alto,camioneta
ENV-002267,11.22,0.22,15.9,8.9,11.1,1.57,1,0,1483.06,normal,periferia,lluvia,16,bajo,moto
ENV-002268,3.81,1.48,34.9,14.6,14.9,7.59,0,0,844.75,express,centro,despejado,14,medio,bicicleta
ENV-002269,50.15,2.69,28.6,19.7,12.1,6.82,0,0,1824.49,normal,rural,despejado,13,medio,camioneta
ENV-002270,20.2,3.65,31.5,33.0,22.0,22.87,0,0,77.79,express,periferia,despejado,9,alto,moto
ENV-002271,14.06,1.26,21.2,19.3,13.9,5.69,0,0,845.0,normal,periferia,viento_fuerte,14,alto,moto
ENV-002272,2.95,1.28,15.2,12.5,16.9,3.21,0,0,14240.09,normal,centro,despejado,21,medio,moto
ENV-002273,10.65,57.58,93.8,71.3,37.6,251.47,0,0,677.83,mismo_dia,periferia,despejado,11,alto,camioneta
ENV-002274,10.45,2.34,36.9,16.2,18.6,11.12,0,0,886.21,normal,residencial,despejado,15,medio,dron
ENV-002275,5.77,0.66,22.9,13.3,9.9,3.02,1,0,442.5,express,residencial,despejado,12,alto,dron
ENV-002276,27.83,0.7,19.2,17.5,12.0,4.03,1,0,126.11,mismo_dia,periferia,despejado,16,medio,moto
ENV-002277,8.61,0.45,17.5,11.5,5.0,1.01,0,0,170.43,express,residencial,despejado,21,alto,moto
ENV-002278,4.02,1.93,27.0,26.0,17.4,12.21,0,0,913.89,express,centro,despejado,17,bajo,bicicleta
ENV-002279,7.19,0.75,18.5,9.6,14.0,2.49,0,0,352.81,normal,periferia,lluvia,8,alto,moto
ENV-002280,22.48,3.72,36.0,19.2,22.6,15.62,0,0,1359.34,normal,rural,lluvia,18,medio,moto
ENV-002281,28.79,2.26,37.9,24.1,10.8,9.86,0,0,571.48,normal,rural,despejado,19,alto,moto
ENV-002282,8.76,1.26,23.5,16.9,10.2,4.05,0,0,2763.36,mismo_dia,residencial,lluvia,16,bajo,moto
ENV-002283,1.23,1.33,19.3,15.0,8.9,2.58,0,0,2171.29,normal,centro,despejado,19,alto,bicicleta
ENV-002284,2.46,0.39,17.7,12.5,6.7,1.48,0,0,209.17,normal,centro,lluvia,11,alto,moto
ENV-002285,6.41,0.82,20.6,14.4,20.4,6.05,0,0,1417.14,express,residencial,despejado,11,alto,dron
ENV-002286,3.38,0.48,15.6,9.7,14.5,2.19,0,0,337.59,normal,centro,despejado,17,medio,bicicleta
ENV-002287,2.62,2.14,30.8,16.4,20.9,10.56,0,0,3466.7,mismo_dia,centro,lluvia,20,alto,moto
ENV-002288,7.8,1.9,40.5,23.5,13.9,13.23,0,0,129.17,normal,residencial,lluvia,11,alto,moto
ENV-002289,48.52,3.43,36.0,25.0,15.2,13.68,0,0,1230.89,normal,rural,despejado,13,medio,camioneta
ENV-002290,7.64,17.48,37.2,30.4,42.1,47.61,0,0,5986.3,normal,residencial,despejado,7,alto,moto
ENV-002291,14.38,7.78,59.3,31.0,27.0,49.63,1,0,1015.88,express,residencial,despejado,7,bajo,moto
ENV-002292,7.39,4.4,51.4,34.1,18.9,33.13,0,0,811.59,express,periferia,despejado,15,bajo,moto
ENV-002293,7.85,0.58,22.9,19.1,9.7,4.24,0,0,180.08,express,residencial,lluvia,12,bajo,moto
ENV-002294,2.56,6.3,41.1,28.4,22.4,26.15,0,0,4020.62,normal,centro,lluvia,12,medio,bicicleta
ENV-002295,7.46,3.12,27.0,17.8,33.1,15.91,0,0,1292.17,normal,residencial,despejado,4,medio,moto
ENV-002296,6.11,1.61,19.6,15.2,10.4,3.1,0,0,192.52,normal,residencial,despejado,20,bajo,bicicleta
ENV-002297,7.51,0.61,14.2,11.7,14.6,2.43,0,0,1215.45,normal,residencial,lluvia,10,medio,moto
ENV-002298,3.41,34.09,77.2,42.1,26.6,86.45,0,0,90.24,normal,centro,despejado,12,medio,camioneta
ENV-002299,2.47,6.61,28.0,26.4,29.3,21.66,1,0,1002.48,normal,residencial,despejado,9,medio,bicicleta
ENV-002300,14.51,10.34,50.1,28.4,17.9,25.47,0,0,369.25,express,residencial,despejado,12,bajo,moto
ENV-002301,17.58,3.22,35.6,22.3,11.6,9.21,1,0,111.68,mismo_dia,periferia,despejado,8,alto,moto
ENV-002302,3.97,3.53,49.4,33.3,16.4,26.98,0,0,155.73,express,centro,despejado,2,bajo,moto
ENV-002303,11.14,4.98,49.7,32.0,24.1,38.33,0,0,437.85,normal,residencial,despejado,12,medio,moto
ENV-002304,11.37,0.43,21.3,13.1,6.1,1.7,0,0,900.86,normal,periferia,despejado,20,alto,dron
ENV-002305,9.52,5.93,24.5,19.4,27.4,13.02,0,0,428.26,express,residencial,lluvia,9,alto,moto
ENV-002306,2.67,5.75,59.6,28.6,22.7,38.69,0,0,1157.53,express,centro,viento_fuerte,15,medio,bicicleta
ENV-002307,24.13,1.45,22.4,13.8,17.3,5.35,0,1,1314.94,normal,periferia,lluvia,17,medio,camioneta
ENV-002308,9.03,0.78,18.9,13.6,13.3,3.42,0,0,115.3,express,residencial,viento_fuerte,21,bajo,moto
ENV-002309,2.55,1.0,18.1,10.7,7.9,1.53,1,0,1245.44,normal,centro,viento_fuerte,10,bajo,bicicleta
ENV-002310,4.92,2.03,30.0,16.7,12.9,6.46,1,0,324.08,normal,residencial,viento_fuerte,7,alto,bicicleta
ENV-002311,1.57,70.34,88.1,41.0,46.3,167.24,0,0,356.93,normal,centro,lluvia,13,medio,camioneta
ENV-002312,18.75,0.65,27.0,12.7,14.0,4.8,0,0,1118.06,normal,periferia,despejado,8,medio,moto
ENV-002313,7.32,9.87,42.5,26.8,26.0,29.61,0,0,135.37,express,residencial,despejado,7,alto,moto
ENV-002314,8.65,1.35,23.5,16.8,22.8,9.0,0,0,2769.17,normal,residencial,lluvia,9,alto,moto
ENV-002315,24.32,34.54,86.2,54.3,53.7,251.35,0,0,2140.4,normal,periferia,despejado,11,bajo,camioneta
ENV-002316,6.31,60.73,84.2,65.0,45.9,251.21,0,0,2127.39,normal,residencial,viento_fuerte,11,bajo,camioneta
ENV-002317,16.74,6.53,54.2,31.1,18.4,31.02,0,0,1944.04,normal,periferia,despejado,22,alto,moto
ENV-002318,1.99,3.0,30.3,31.0,19.9,18.69,0,0,691.13,normal,centro,despejado,20,medio,bicicleta
ENV-002319,0.87,2.3,35.9,20.6,10.8,7.99,0,0,1358.97,normal,centro,despejado,19,bajo,bicicleta
ENV-002320,16.81,1.52,33.5,16.0,14.0,7.5,1,0,2128.83,express,periferia,despejado,12,medio,camioneta
ENV-002321,5.03,6.28,36.1,31.8,39.3,45.12,0,0,1841.98,normal,residencial,despejado,10,medio,moto
ENV-002322,4.43,6.68,40.5,30.2,16.0,19.57,0,0,272.19,normal,centro,despejado,0,bajo,moto
ENV-002323,1.9,0.23,10.3,7.4,11.9,0.91,1,0,1814.94,express,centro,despejado,8,alto,bicicleta
ENV-002324,20.58,6.12,43.8,33.5,15.5,22.74,0,0,1202.0,mismo_dia,periferia,viento_fuerte,0,medio,moto
ENV-002325,8.88,17.54,82.7,46.0,30.5,116.03,0,0,262.31,mismo_dia,residencial,lluvia,9,alto,camioneta
ENV-002326,15.93,6.16,46.0,35.8,25.4,41.83,0,0,1074.11,normal,rural,despejado,11,bajo,moto
ENV-002327,10.26,2.92,36.5,23.3,14.4,12.25,0,0,2716.41,express,periferia,despejado,7,alto,moto
ENV-002328,10.03,0.85,22.1,14.4,11.4,3.63,1,0,19740.17,express,residencial,despejado,14,alto,dron
ENV-002329,2.21,2.74,31.9,20.0,28.8,18.37,0,0,2452.27,express,centro,despejado,17,bajo,bicicleta
ENV-002330,7.7,2.26,29.4,29.3,18.0,15.51,0,0,1044.08,express,residencial,despejado,11,bajo,moto
ENV-002331,2.33,0.98,25.3,14.1,10.2,3.64,1,0,4326.67,express,centro,lluvia,16,medio,moto
ENV-002332,10.54,2.5,37.3,15.8,16.4,9.67,0,0,5152.9,normal,periferia,lluvia,17,bajo,moto
ENV-002333,27.96,0.13,14.4,11.3,5.7,0.93,0,0,2198.55,express,periferia,lluvia,17,bajo,moto
ENV-002334,3.36,4.75,24.8,17.3,28.2,12.1,0,0,4289.1,mismo_dia,centro,despejado,19,alto,bicicleta
ENV-002335,4.64,0.46,13.8,9.2,5.8,0.74,0,0,2127.16,normal,residencial,lluvia,18,alto,moto
ENV-002336,6.68,2.72,35.4,29.4,17.8,18.53,0,0,417.91,normal,residencial,despejado,12,bajo,bicicleta
ENV-002337,13.02,2.55,23.2,14.9,18.6,6.43,0,0,436.37,normal,residencial,despejado,14,medio,moto
ENV-002338,1.08,2.24,32.1,18.3,15.2,8.93,1,0,1098.72,mismo_dia,centro,despejado,10,alto,bicicleta
ENV-002339,14.16,5.28,53.0,30.6,25.4,41.19,0,0,301.09,mismo_dia,periferia,despejado,12,bajo,moto
ENV-002340,1.89,1.67,27.2,21.7,15.4,9.09,0,0,789.87,express,centro,despejado,18,alto,bicicleta
ENV-002341,37.89,0.1,14.8,9.2,4.2,0.57,0,0,439.16,normal,rural,despejado,9,alto,moto
ENV-002342,3.08,7.91,66.7,31.0,25.9,53.55,0,1,2359.2,normal,centro,lluvia,13,alto,camioneta
ENV-002343,7.86,2.76,37.7,20.7,18.3,14.28,0,0,4194.94,mismo_dia,residencial,despejado,15,alto,moto
ENV-002344,2.46,2.91,19.1,13.8,16.8,4.43,0,0,2698.16,mismo_dia,centro,despejado,11,medio,moto
ENV-002345,3.57,38.01,82.3,43.1,57.2,202.9,0,0,1437.88,normal,centro,lluvia,9,alto,camioneta
ENV-002346,14.89,2.96,20.3,16.0,21.5,6.98,0,0,164.37,normal,periferia,despejado,11,medio,moto
ENV-002347,26.71,3.45,48.6,26.2,19.4,24.7,0,0,556.0,express,periferia,despejado,15,medio,moto
ENV-002348,12.24,1.89,27.6,22.7,20.6,12.91,0,0,82.85,normal,periferia,despejado,0,medio,moto
ENV-002349,8.22,1.92,36.0,17.7,23.4,14.91,0,0,119.05,express,residencial,despejado,14,alto,moto
ENV-002350,11.72,0.77,13.2,10.0,14.9,1.97,1,0,980.49,normal,periferia,despejado,9,medio,dron
ENV-002351,4.49,3.82,38.4,21.6,22.6,18.75,0,0,1377.39,normal,centro,despejado,8,alto,bicicleta
ENV-002352,5.61,4.08,46.2,21.2,17.9,17.53,0,0,1153.65,normal,centro,lluvia,15,bajo,moto
ENV-002353,3.03,2.25,31.8,21.9,10.7,7.45,0,0,1032.06,express,centro,viento_fuerte,14,alto,bicicleta
ENV-002354,9.5,16.3,36.3,33.7,35.6,43.55,0,0,3295.72,express,residencial,lluvia,14,alto,moto
ENV-002355,32.16,7.69,60.1,36.8,26.4,58.39,0,0,3927.31,express,rural,despejado,5,medio,moto
ENV-002356,2.9,0.76,16.5,9.4,10.4,1.61,0,0,1993.11,express,centro,despejado,17,bajo,bicicleta
ENV-002357,39.34,1.62,26.9,17.5,8.1,3.81,1,0,210.43,express,rural,viento_fuerte,12,alto,moto
ENV-002358,7.48,2.87,29.3,19.1,18.4,10.3,0,0,454.69,express,periferia,despejado,10,medio,moto
ENV-002359,45.13,1.16,22.2,19.7,10.5,4.59,0,0,1411.51,mismo_dia,rural,lluvia,8,alto,camioneta
ENV-002360,9.74,9.45,59.5,44.6,19.6,52.01,1,0,3590.44,normal,periferia,despejado,20,alto,moto
ENV-002361,9.37,0.5,20.0,13.5,9.7,2.62,0,0,50,normal,residencial,lluvia,16,bajo,moto
ENV-002362,4.82,19.48,72.4,39.2,44.9,127.43,0,0,1298.35,normal,residencial,despejado,0,medio,camioneta
ENV-002363,5.63,5.54,51.7,37.3,19.7,37.99,1,0,776.86,normal,residencial,despejado,22,alto,bicicleta
ENV-002364,2.65,2.77,23.3,22.3,12.4,6.44,0,0,1032.29,express,centro,despejado,13,alto,bicicleta
ENV-002365,13.84,3.34,44.8,32.6,18.2,26.58,1,0,536.1,express,residencial,viento_fuerte,19,medio,moto
ENV-002366,6.98,1.8,24.6,14.6,9.1,3.27,0,0,230.33,normal,residencial,viento_fuerte,20,alto,bicicleta
ENV-002367,22.0,6.64,55.9,37.2,24.2,50.32,0,0,112.46,express,periferia,viento_fuerte,16,medio,moto
ENV-002368,5.28,1.72,25.4,18.0,17.3,7.91,1,0,1991.07,normal,residencial,lluvia,18,medio,bicicleta
ENV-002369,4.56,5.71,50.3,24.9,32.0,40.08,0,0,2750.2,normal,centro,despejado,17,bajo,moto
ENV-002370,2.35,0.42,17.6,13.7,7.1,1.71,1,0,50,normal,centro,despejado,11,bajo,bicicleta
ENV-002371,7.19,1.56,37.3,17.0,15.5,9.83,0,0,891.09,express,residencial,viento_fuerte,12,bajo,moto
ENV-002372,10.7,2.23,36.4,25.6,15.5,14.44,1,0,853.44,mismo_dia,periferia,despejado,18,medio,moto
ENV-002373,5.47,17.7,58.7,29.9,34.8,61.08,0,0,2687.04,express,centro,despejado,16,bajo,moto
ENV-002374,7.92,4.48,27.4,27.0,17.5,12.95,0,0,278.26,express,residencial,despejado,18,alto,moto
ENV-002375,3.08,0.31,22.8,13.5,6.7,2.06,0,0,185.82,normal,centro,viento_fuerte,13,medio,bicicleta
ENV-002376,34.19,1.38,28.3,17.1,19.3,9.34,0,0,1704.71,normal,rural,viento_fuerte,13,alto,moto
ENV-002377,13.54,1.03,32.3,16.7,10.7,5.77,1,0,483.7,express,periferia,despejado,1,bajo,camioneta
ENV-002378,3.65,1.68,26.2,16.7,11.9,5.21,0,0,434.82,mismo_dia,centro,despejado,13,medio,bicicleta
ENV-002379,6.7,3.58,35.3,32.3,18.8,21.44,0,0,136.54,normal,residencial,lluvia,18,alto,bicicleta
ENV-002380,3.28,2.98,24.8,23.6,21.5,12.58,1,0,3159.47,normal,centro,despejado,16,medio,bicicleta
ENV-002381,1.4,0.74,22.9,16.9,10.8,4.18,0,0,404.91,normal,centro,viento_fuerte,12,bajo,moto
ENV-002382,3.71,1.86,42.2,24.9,13.5,14.19,1,0,436.15,express,residencial,despejado,20,bajo,bicicleta
ENV-002383,19.03,75.11,79.3,56.6,33.8,151.71,0,0,3071.65,express,periferia,despejado,7,alto,camioneta
ENV-002384,48.84,3.95,36.1,29.4,29.5,31.31,0,0,96.69,normal,rural,viento_fuerte,5,medio,camioneta
ENV-002385,14.76,1.18,16.4,10.4,12.3,2.1,0,0,516.23,normal,residencial,despejado,21,medio,moto
ENV-002386,5.6,17.5,47.7,42.5,45.4,92.04,1,0,2690.84,normal,residencial,despejado,8,alto,camioneta
ENV-002387,5.9,1.9,30.5,21.6,20.1,13.24,0,0,108.89,normal,residencial,despejado,19,alto,bicicleta
ENV-002388,2.64,5.34,39.1,23.0,13.4,12.05,0,0,547.85,normal,centro,viento_fuerte,6,medio,bicicleta
ENV-002389,3.8,1.05,20.1,20.6,15.3,6.34,1,0,6967.92,mismo_dia,centro,despejado,13,alto,bicicleta
ENV-002390,10.31,6.5,26.8,17.5,26.1,12.24,0,0,802.76,mismo_dia,residencial,despejado,18,alto,moto
ENV-002391,33.11,6.83,37.8,23.2,14.1,12.37,1,0,1724.44,normal,rural,despejado,0,bajo,moto
ENV-002392,6.04,2.08,25.9,22.8,19.0,11.22,1,0,980.03,normal,residencial,despejado,9,alto,bicicleta
ENV-002393,4.55,2.86,31.4,22.3,9.4,6.58,0,0,508.6,normal,centro,lluvia,10,bajo,moto
ENV-002394,4.06,0.42,15.2,12.3,11.5,2.15,1,0,2313.09,mismo_dia,centro,despejado,12,bajo,bicicleta
ENV-002395,20.66,0.62,20.5,11.4,11.4,2.66,0,0,1428.22,express,periferia,lluvia,11,medio,moto
ENV-002396,3.32,3.29,33.8,19.1,14.2,9.17,0,0,4371.17,express,residencial,despejado,7,alto,bicicleta
ENV-002397,12.65,5.41,56.3,40.8,18.1,41.58,0,0,206.97,normal,residencial,viento_fuerte,9,alto,moto
ENV-002398,5.64,2.06,27.5,17.3,27.9,13.27,0,0,487.22,normal,residencial,despejado,12,medio,bicicleta
ENV-002399,8.61,2.24,24.5,19.2,28.2,13.27,0,0,589.67,normal,residencial,despejado,3,medio,moto
ENV-002400,6.32,5.58,41.1,20.5,27.9,23.51,0,0,325.12,normal,residencial,viento_fuerte,8,alto,bicicleta
ENV-002401,6.82,7.03,30.2,29.3,18.1,16.02,1,0,50,express,residencial,lluvia,6,alto,moto
ENV-002402,17.96,0.58,17.6,13.9,14.6,3.57,0,0,148.68,normal,periferia,despejado,17,medio,moto
ENV-002403,7.56,2.28,40.7,18.9,23.5,18.08,0,0,799.71,normal,residencial,despejado,6,medio,moto
ENV-002404,2.73,0.91,22.6,15.0,15.6,5.29,0,0,118.75,normal,centro,despejado,21,medio,moto
ENV-002405,4.88,2.32,35.5,19.8,16.7,11.74,0,0,1305.32,express,centro,despejado,14,medio,bicicleta
ENV-002406,0.75,1.69,31.2,21.4,16.8,11.22,0,0,3882.51,normal,centro,despejado,3,medio,moto
ENV-002407,13.76,26.71,52.8,39.7,47.8,100.2,0,0,223.86,normal,residencial,despejado,16,bajo,camioneta
ENV-002408,4.4,0.68,26.5,17.1,8.0,3.63,0,0,2953.8,express,centro,despejado,13,medio,bicicleta
ENV-002409,2.71,63.61,92.5,69.0,62.6,399.54,0,0,609.65,normal,centro,despejado,7,medio,camioneta
ENV-002410,9.63,2.87,26.1,17.1,16.0,7.14,0,0,125.86,express,residencial,despejado,13,alto,moto
ENV-002411,16.85,0.2,12.6,8.6,13.5,1.46,0,0,1118.56,normal,periferia,despejado,18,alto,moto
ENV-002412,11.21,1.62,27.3,19.6,20.9,11.18,0,0,124.67,express,periferia,despejado,9,alto,dron
ENV-002413,3.37,4.91,55.1,30.8,20.3,34.45,0,0,3438.84,normal,centro,lluvia,11,bajo,bicicleta
ENV-002414,5.98,2.8,35.0,16.6,14.5,8.42,0,0,1739.64,express,residencial,despejado,11,medio,bicicleta
ENV-002415,3.96,78.57,124.8,68.4,41.0,349.99,0,0,3867.58,normal,residencial,viento_fuerte,8,medio,camioneta
ENV-002416,44.05,2.83,44.3,26.4,18.1,21.17,0,0,164.48,normal,rural,lluvia,12,alto,camioneta
ENV-002417,7.23,0.67,18.3,11.0,9.2,1.85,0,0,1134.69,mismo_dia,residencial,lluvia,10,medio,moto
ENV-002418,10.46,10.41,43.1,35.9,26.6,41.16,1,0,192.32,express,residencial,despejado,7,bajo,moto
ENV-002419,3.04,20.89,41.2,32.6,51.7,69.44,0,0,2331.97,mismo_dia,centro,despejado,12,medio,moto
ENV-002420,2.81,2.42,28.7,15.7,13.7,6.17,0,0,1308.98,express,centro,lluvia,19,medio,moto
ENV-002421,2.49,64.74,94.9,66.0,48.5,303.77,0,0,145.08,mismo_dia,centro,despejado,16,bajo,camioneta
ENV-002422,3.11,0.56,27.3,16.1,9.0,3.96,0,0,288.0,normal,centro,lluvia,7,alto,moto
ENV-002423,20.29,8.84,45.8,28.6,13.8,18.08,0,0,292.46,express,rural,despejado,20,alto,moto
ENV-002424,1.66,3.37,36.6,23.2,20.0,16.98,1,0,3720.08,normal,centro,despejado,14,alto,bicicleta
ENV-002425,22.35,2.12,32.3,19.6,11.0,6.96,0,0,403.14,express,periferia,despejado,9,medio,moto
ENV-002426,4.22,1.94,17.6,14.7,19.7,5.1,0,0,637.8,normal,residencial,viento_fuerte,23,medio,moto
ENV-002427,11.14,0.8,30.0,16.3,12.6,6.16,0,0,558.29,normal,residencial,despejado,15,alto,dron
ENV-002428,6.33,0.52,17.6,12.4,6.5,1.42,0,0,925.13,normal,residencial,despejado,12,bajo,bicicleta
ENV-002429,3.72,1.61,28.9,17.0,25.2,12.38,0,0,737.12,normal,centro,despejado,13,bajo,bicicleta
ENV-002430,2.1,25.52,96.0,65.5,30.1,189.27,0,0,1153.56,normal,residencial,lluvia,8,alto,camioneta
ENV-002431,6.01,2.28,34.2,18.1,16.3,10.09,0,0,2132.32,normal,residencial,despejado,21,bajo,moto
ENV-002432,1.58,1.18,29.4,19.5,10.1,5.79,0,0,496.91,express,centro,despejado,0,medio,moto
ENV-002433,53.67,0.1,7.8,8.0,4.8,0.3,1,0,647.87,mismo_dia,rural,despejado,6,medio,camioneta
ENV-002434,4.52,0.58,17.3,10.7,16.7,3.09,1,0,1449.16,express,centro,despejado,14,alto,bicicleta
ENV-002435,30.44,3.61,25.5,22.7,27.0,15.63,1,0,641.32,normal,rural,lluvia,9,alto,moto
ENV-002436,14.21,0.74,23.9,13.4,18.0,5.76,0,0,203.4,normal,periferia,lluvia,10,bajo,moto
ENV-002437,8.51,0.31,12.2,10.9,9.5,1.26,0,0,3364.17,normal,residencial,despejado,16,alto,dron
ENV-002438,6.64,9.18,48.1,22.3,29.7,31.86,0,0,563.14,normal,residencial,despejado,10,medio,moto
ENV-002439,7.54,4.29,31.3,26.0,13.1,10.66,0,0,2189.27,mismo_dia,periferia,despejado,10,bajo,camioneta
ENV-002440,19.82,7.71,55.7,34.5,27.2,52.27,1,0,1627.48,normal,periferia,despejado,9,medio,moto
ENV-002441,28.06,2.15,22.4,20.2,12.1,5.48,0,0,550.25,mismo_dia,periferia,despejado,7,alto,moto
ENV-002442,6.65,4.23,43.0,28.2,19.4,23.52,0,0,6332.33,normal,residencial,despejado,13,alto,bicicleta
ENV-002443,8.27,11.03,55.0,40.3,25.7,56.96,1,0,939.68,mismo_dia,residencial,despejado,20,medio,moto
ENV-002444,6.91,0.85,25.2,13.6,15.8,5.41,1,0,202.48,normal,residencial,lluvia,14,alto,bicicleta
ENV-002445,15.12,2.07,22.9,20.5,24.4,11.45,0,0,2243.54,mismo_dia,periferia,viento_fuerte,19,alto,moto
ENV-002446,3.13,0.19,16.1,10.5,6.5,1.1,0,0,263.42,express,centro,despejado,12,medio,bicicleta
ENV-002447,1.58,0.28,15.4,11.4,8.0,1.4,1,0,594.44,normal,centro,despejado,12,bajo,bicicleta
ENV-002448,17.39,1.41,16.5,14.0,10.9,2.52,1,0,782.36,mismo_dia,periferia,viento_fuerte,14,alto,moto
ENV-002449,4.9,2.92,41.6,19.7,23.2,19.01,0,0,24371.38,express,centro,despejado,20,bajo,bicicleta
ENV-002450,9.33,6.18,51.3,33.5,25.1,43.14,0,0,1290.38,normal,periferia,despejado,15,alto,moto
ENV-002451,2.57,1.27,27.4,25.1,14.5,9.97,0,0,8248.54,mismo_dia,centro,lluvia,18,alto,moto
ENV-002452,13.82,1.44,14.5,10.7,17.6,2.73,0,0,727.59,normal,periferia,despejado,12,bajo,dron
ENV-002453,5.14,3.53,45.0,24.7,18.1,20.12,0,0,2117.03,normal,residencial,lluvia,19,medio,moto
ENV-002454,40.84,0.76,18.9,10.1,8.6,1.64,0,0,945.15,express,rural,despejado,4,bajo,camioneta
ENV-002455,9.1,10.06,49.2,35.9,42.9,75.77,1,0,583.64,normal,residencial,despejado,11,bajo,moto
ENV-002456,4.13,1.76,23.7,10.7,10.5,2.66,0,0,95.89,express,residencial,despejado,20,alto,bicicleta
ENV-002457,8.43,2.17,19.4,20.6,14.9,5.95,1,0,730.1,express,residencial,viento_fuerte,11,medio,moto
ENV-002458,4.57,2.49,27.4,23.0,13.4,8.44,0,0,364.08,normal,residencial,lluvia,21,bajo,moto
ENV-002459,3.94,0.71,16.6,9.2,11.9,1.82,0,0,614.53,normal,centro,lluvia,11,alto,bicicleta
ENV-002460,1.69,4.66,54.0,30.5,21.5,35.41,0,0,258.82,mismo_dia,centro,despejado,15,alto,bicicleta
ENV-002461,1.7,0.77,21.4,13.5,11.5,3.32,1,0,1376.35,express,centro,despejado,16,medio,bicicleta
ENV-002462,4.73,2.29,28.1,23.8,23.9,15.98,0,0,839.87,normal,residencial,despejado,12,bajo,bicicleta
ENV-002463,10.24,9.8,71.7,31.1,29.3,65.34,0,0,1207.99,normal,periferia,lluvia,11,medio,moto
ENV-002464,14.27,2.35,27.8,16.7,12.0,5.57,0,0,6268.04,mismo_dia,periferia,despejado,10,medio,dron
ENV-002465,9.6,0.67,13.5,12.0,9.7,1.57,0,0,348.47,normal,residencial,despejado,13,alto,camioneta
ENV-002466,11.64,29.21,78.4,56.6,39.9,177.05,0,0,245.85,normal,residencial,despejado,10,bajo,camioneta
ENV-002467,1.3,1.6,29.5,26.1,13.7,10.55,0,0,484.49,normal,residencial,despejado,13,bajo,bicicleta
ENV-002468,5.8,1.05,26.4,18.6,9.9,4.86,0,0,1825.48,normal,residencial,despejado,9,bajo,bicicleta
ENV-002469,13.31,0.75,27.3,15.9,9.6,4.17,1,0,309.86,mismo_dia,periferia,lluvia,7,alto,moto
ENV-002470,1.72,0.73,22.3,11.7,13.1,3.42,0,0,1348.01,normal,centro,despejado,11,bajo,bicicleta
ENV-002471,2.46,4.36,35.5,22.8,21.4,17.32,0,0,719.25,express,centro,despejado,10,bajo,bicicleta
ENV-002472,7.08,4.29,36.3,32.6,24.3,28.76,0,0,8363.39,express,residencial,lluvia,10,bajo,moto
ENV-002473,12.94,1.61,24.8,14.8,11.6,4.26,0,0,1779.83,normal,periferia,despejado,19,medio,dron
ENV-002474,10.97,5.41,27.4,25.7,16.1,11.34,0,0,390.36,normal,residencial,despejado,10,bajo,camioneta
ENV-002475,3.65,1.46,25.6,15.6,23.0,9.19,0,0,303.57,normal,centro,despejado,8,medio,bicicleta
ENV-002476,36.03,2.56,29.7,23.4,24.9,17.31,1,0,543.36,normal,rural,lluvia,19,alto,moto
ENV-002477,4.13,0.35,15.3,13.2,8.8,1.78,1,0,1601.25,normal,centro,despejado,17,bajo,bicicleta
ENV-002478,10.54,6.28,43.8,26.6,35.6,41.48,0,0,1252.21,normal,residencial,despejado,16,medio,moto
ENV-002479,10.52,4.14,25.9,22.4,13.6,7.89,0,0,9283.42,normal,residencial,despejado,18,medio,moto
ENV-002480,2.7,6.07,45.3,35.4,19.3,30.95,0,0,1141.19,normal,centro,despejado,16,bajo,bicicleta
ENV-002481,2.57,0.98,23.3,19.7,11.2,5.14,0,0,389.41,mismo_dia,residencial,lluvia,15,bajo,moto
ENV-002482,11.47,2.09,29.6,21.1,13.2,8.24,0,0,1665.49,normal,residencial,lluvia,20,medio,moto
ENV-002483,3.71,1.74,26.6,23.1,13.7,8.42,0,0,459.74,express,centro,despejado,8,medio,bicicleta
ENV-002484,3.78,1.31,17.3,10.2,14.2,2.51,0,0,567.02,normal,residencial,despejado,16,alto,bicicleta
ENV-002485,7.35,1.67,19.9,12.6,22.8,5.72,0,0,388.86,express,residencial,despejado,17,alto,moto
ENV-002486,3.36,4.87,27.1,17.9,20.2,9.8,0,0,675.97,normal,residencial,despejado,9,alto,bicicleta
ENV-002487,2.81,14.22,47.1,31.3,46.4,68.4,1,0,159.99,normal,centro,despejado,13,medio,moto
ENV-002488,11.58,2.28,18.3,19.3,12.5,4.41,0,0,3755.85,express,residencial,despejado,16,medio,dron
ENV-002489,4.57,0.42,21.1,12.3,10.5,2.73,0,0,397.75,normal,residencial,despejado,4,alto,moto
ENV-002490,2.47,1.27,20.1,13.3,14.6,3.9,0,0,498.58,mismo_dia,centro,lluvia,19,alto,moto
ENV-002491,8.66,5.4,58.5,28.6,21.4,35.8,0,0,871.42,express,residencial,viento_fuerte,16,medio,moto
ENV-002492,4.09,5.7,39.1,25.8,16.1,16.24,0,0,269.33,express,residencial,despejado,8,alto,bicicleta
ENV-002493,3.28,35.35,60.1,40.6,49.2,120.05,1,0,527.08,normal,residencial,despejado,20,alto,camioneta
ENV-002494,3.15,1.02,22.8,13.4,12.6,3.85,0,0,252.94,normal,centro,despejado,20,alto,bicicleta
ENV-002495,23.61,2.66,21.7,19.7,17.8,7.61,0,0,777.13,express,periferia,despejado,15,alto,moto
ENV-002496,7.8,0.43,16.0,12.9,7.6,1.57,1,0,2009.6,mismo_dia,residencial,despejado,20,medio,dron
ENV-002497,11.66,11.19,64.6,45.1,22.9,66.72,0,0,1225.9,normal,periferia,despejado,7,medio,moto
ENV-002498,20.87,2.83,31.8,24.8,22.5,17.74,0,0,945.3,normal,periferia,lluvia,9,alto,moto
ENV-002499,26.0,4.22,48.1,34.6,19.7,32.79,0,1,90.43,express,periferia,viento_fuerte,20,medio,camioneta
ENV-002500,2.96,4.11,50.3,26.2,20.7,27.28,0,0,1168.11,normal,residencial,despejado,20,alto,bicicleta
ENV-002501,41.23,0.91,21.7,20.8,12.0,5.42,0,0,1441.44,express,rural,despejado,21,bajo,camioneta
ENV-002502,2.46,4.75,44.1,28.5,15.3,19.23,0,0,2451.19,express,centro,despejado,17,medio,bicicleta
ENV-002503,8.77,1.92,28.3,12.2,12.0,4.14,0,0,404.3,express,periferia,despejado,20,alto,dron
ENV-002504,19.7,0.43,26.7,12.0,10.6,3.4,1,0,1130.79,express,periferia,despejado,13,medio,moto
ENV-002505,6.37,0.43,21.0,10.2,12.7,2.72,1,0,2095.2,normal,residencial,viento_fuerte,15,alto,bicicleta
ENV-002506,1.8,2.53,32.8,20.8,23.8,16.24,0,1,377.95,normal,centro,despejado,16,alto,camioneta
ENV-002507,4.49,12.42,39.7,39.4,24.6,38.48,0,0,2956.59,express,centro,despejado,9,alto,moto
ENV-002508,15.43,31.33,85.8,36.9,41.2,130.44,1,1,1140.11,normal,periferia,despejado,7,medio,camioneta
ENV-002509,9.43,3.86,22.3,20.7,19.3,8.91,0,1,1938.26,normal,residencial,despejado,18,medio,camioneta
ENV-002510,6.56,2.95,38.2,26.9,11.2,11.51,0,0,2036.73,normal,residencial,despejado,11,medio,bicicleta
ENV-002511,4.74,0.54,14.1,15.0,12.5,2.64,0,0,7342.68,normal,residencial,despejado,17,bajo,bicicleta
ENV-002512,17.16,0.64,17.5,17.8,13.6,4.24,0,0,340.06,normal,periferia,despejado,16,alto,moto
ENV-002513,5.16,10.5,45.3,42.2,29.2,55.82,0,0,538.45,normal,residencial,viento_fuerte,20,medio,moto
ENV-002514,1.43,0.66,13.4,9.1,15.5,1.89,0,0,1305.31,express,centro,despejado,13,alto,bicicleta
ENV-002515,23.01,1.41,22.0,18.2,9.3,3.72,0,0,227.73,mismo_dia,periferia,despejado,17,medio,moto
ENV-002516,50.85,6.8,42.2,29.2,20.4,25.14,0,0,86.0,normal,rural,despejado,6,alto,camioneta
ENV-002517,8.2,0.26,18.9,12.0,7.6,1.72,0,0,1592.49,normal,periferia,despejado,14,alto,dron
ENV-002518,23.36,14.47,44.7,27.0,33.1,39.95,0,0,792.64,mismo_dia,periferia,despejado,21,bajo,moto
ENV-002519,1.63,0.29,15.4,12.4,8.8,1.68,0,0,826.17,express,centro,lluvia,12,bajo,moto
ENV-002520,4.45,1.07,16.9,17.2,16.2,4.71,0,0,1973.94,normal,centro,despejado,11,medio,bicicleta
ENV-002521,2.83,3.63,41.2,27.6,13.7,15.58,0,0,517.56,normal,centro,despejado,14,alto,bicicleta
ENV-002522,15.24,72.12,125.3,72.5,44.0,399.71,0,0,1665.47,express,periferia,despejado,18,alto,camioneta
ENV-002523,12.96,3.14,32.1,30.6,19.8,19.45,0,0,633.56,normal,residencial,despejado,16,medio,moto
ENV-002524,5.83,2.19,24.2,20.0,25.0,12.1,1,0,354.19,normal,residencial,despejado,13,alto,bicicleta
ENV-002525,17.4,17.08,51.1,30.4,35.8,55.61,0,0,1082.38,express,periferia,lluvia,15,alto,moto
ENV-002526,2.73,0.59,24.4,13.4,9.4,3.07,0,0,253.88,normal,centro,lluvia,7,alto,moto
ENV-002527,4.08,1.41,30.0,19.0,15.7,8.95,0,0,2048.23,mismo_dia,centro,despejado,4,bajo,moto
ENV-002528,54.57,1.99,29.0,19.4,9.5,5.34,0,0,683.5,mismo_dia,rural,lluvia,20,bajo,camioneta
ENV-002529,26.19,1.79,27.5,18.0,21.1,10.44,0,0,1016.4,express,periferia,despejado,9,medio,moto
ENV-002530,23.98,5.18,49.0,26.2,17.2,22.08,0,0,207.96,express,periferia,despejado,11,bajo,moto
ENV-002531,4.49,13.05,57.6,45.8,27.7,73.07,0,0,653.75,express,residencial,despejado,7,alto,moto
ENV-002532,12.18,3.61,37.4,15.0,17.2,9.65,0,0,480.5,normal,residencial,viento_fuerte,12,medio,moto
ENV-002533,5.5,56.92,53.8,36.7,69.6,137.42,0,0,696.94,mismo_dia,residencial,despejado,10,medio,camioneta
ENV-002534,10.43,1.69,30.4,19.1,14.2,8.25,0,0,1497.38,normal,periferia,despejado,15,alto,dron
ENV-002535,2.76,46.84,61.3,39.0,37.2,88.93,0,0,505.82,express,centro,lluvia,12,bajo,camioneta
ENV-002536,3.82,32.62,63.6,38.6,21.7,53.27,0,0,670.04,express,residencial,despejado,7,alto,camioneta
ENV-002537,3.96,10.69,44.2,25.6,15.8,17.88,0,0,412.57,normal,centro,despejado,2,medio,moto
ENV-002538,13.05,3.74,35.2,25.5,17.6,15.8,1,0,418.82,express,periferia,lluvia,7,medio,moto
ENV-002539,5.86,1.48,26.3,21.7,18.6,10.62,1,0,323.27,express,residencial,despejado,14,alto,bicicleta
ENV-002540,3.38,0.62,17.7,8.0,8.3,1.18,1,1,10922.5,mismo_dia,centro,despejado,17,medio,camioneta
ENV-002541,4.76,1.34,29.7,21.5,10.6,6.77,1,0,165.01,normal,residencial,despejado,15,medio,bicicleta
ENV-002542,34.93,4.18,30.7,18.6,25.2,14.39,1,0,2332.22,normal,rural,despejado,12,bajo,moto
ENV-002543,2.66,76.76,113.6,54.2,65.0,400.21,0,0,128.3,normal,centro,despejado,9,alto,camioneta
ENV-002544,4.65,5.91,39.6,23.7,24.8,23.28,0,0,734.96,mismo_dia,centro,lluvia,13,alto,moto
ENV-002545,4.22,5.92,39.1,27.0,25.3,26.71,0,0,12240.08,normal,residencial,lluvia,19,medio,moto
ENV-002546,5.4,0.98,20.4,13.8,6.5,1.83,0,0,322.33,mismo_dia,residencial,despejado,17,bajo,dron
ENV-002547,1.9,3.6,34.1,24.9,17.1,14.52,0,0,309.33,express,centro,viento_fuerte,12,medio,bicicleta
ENV-002548,2.02,1.31,25.7,13.3,9.5,3.25,0,0,570.56,normal,centro,despejado,22,medio,moto
ENV-002549,6.31,29.16,71.7,28.5,32.5,66.41,0,0,236.13,express,residencial,lluvia,9,medio,camioneta
ENV-002550,3.42,3.75,40.7,29.2,22.4,26.62,0,0,1716.33,normal,residencial,viento_fuerte,15,alto,bicicleta
ENV-002551,52.16,0.56,19.2,11.8,17.6,3.99,1,0,50,normal,rural,despejado,10,alto,camioneta
ENV-002552,2.49,3.49,49.8,32.9,13.8,22.61,0,0,8127.08,normal,centro,despejado,12,bajo,bicicleta
ENV-002553,6.35,2.94,39.3,21.7,17.0,14.5,1,0,701.73,normal,residencial,despejado,11,bajo,bicicleta
ENV-002554,10.38,0.43,15.1,11.4,6.0,1.03,0,0,5865.17,mismo_dia,residencial,despejado,8,medio,dron
ENV-002555,9.66,2.23,33.8,22.1,9.8,7.32,1,0,853.76,normal,periferia,despejado,11,medio,dron
ENV-002556,2.94,0.81,25.0,12.6,10.2,3.21,0,0,1955.48,normal,centro,despejado,7,alto,bicicleta
ENV-002557,3.12,0.98,16.6,12.1,10.9,2.19,1,0,4045.08,normal,centro,lluvia,17,bajo,bicicleta
ENV-002558,7.3,4.54,45.2,36.6,17.3,28.62,0,0,124.61,express,residencial,despejado,12,bajo,moto
ENV-002559,1.33,1.48,35.4,20.2,10.9,7.79,0,0,1859.34,mismo_dia,centro,despejado,17,medio,bicicleta
ENV-002560,3.16,1.74,21.8,12.4,16.7,4.51,0,0,5698.2,express,centro,despejado,15,alto,bicicleta
ENV-002561,2.96,1.18,20.1,21.0,18.2,7.68,1,0,225.94,express,centro,despejado,19,medio,bicicleta
ENV-002562,5.8,1.16,23.8,13.0,10.1,3.12,0,0,3586.33,normal,residencial,lluvia,17,bajo,bicicleta
ENV-002563,2.84,2.59,41.1,27.3,15.1,16.94,0,0,1206.63,normal,centro,despejado,12,medio,bicicleta
ENV-002564,29.08,2.58,40.4,27.1,16.1,17.63,0,0,959.4,normal,rural,lluvia,10,bajo,moto
ENV-002565,6.88,34.29,82.2,40.4,31.6,104.94,0,0,2020.72,mismo_dia,periferia,despejado,20,alto,camioneta
ENV-002566,5.91,0.43,20.1,11.3,10.4,2.36,0,0,354.78,express,centro,despejado,14,alto,bicicleta
ENV-002567,1.43,6.07,50.6,29.4,32.6,48.5,0,0,691.55,express,centro,despejado,18,alto,moto
ENV-002568,18.02,4.43,34.6,26.7,28.4,26.24,0,0,233.01,mismo_dia,periferia,despejado,20,alto,moto
ENV-002569,11.66,0.72,22.7,14.0,17.5,5.56,0,0,392.01,express,residencial,lluvia,19,alto,moto
ENV-002570,13.64,68.24,96.9,63.2,57.1,349.68,1,0,562.33,normal,periferia,despejado,19,medio,camioneta
ENV-002571,3.02,0.9,22.0,14.0,9.8,3.02,0,0,643.22,express,centro,despejado,7,alto,bicicleta
ENV-002572,7.11,1.7,22.8,23.9,17.1,9.32,0,0,149.2,mismo_dia,residencial,despejado,13,alto,dron
ENV-002573,1.5,2.7,36.6,24.4,17.7,15.81,0,0,382.81,express,centro,viento_fuerte,14,alto,bicicleta
ENV-002574,33.32,9.55,59.9,39.4,25.0,59.0,0,0,818.23,mismo_dia,rural,despejado,12,bajo,moto
ENV-002575,2.62,6.17,58.6,31.3,20.9,38.33,1,0,1227.55,express,centro,despejado,6,alto,bicicleta
ENV-002576,10.75,2.33,41.2,21.3,17.9,15.71,0,0,5127.55,mismo_dia,periferia,despejado,14,alto,moto
ENV-002577,9.52,0.78,20.8,14.7,6.0,1.83,0,0,938.35,normal,residencial,despejado,17,bajo,dron
ENV-002578,3.93,0.93,27.7,20.5,9.1,5.17,0,0,325.54,express,centro,lluvia,9,alto,moto
ENV-002579,4.05,4.4,40.9,22.1,32.5,29.38,0,0,1120.12,normal,residencial,despejado,7,alto,bicicleta
ENV-002580,3.51,0.68,17.1,10.5,10.2,1.83,0,0,2443.87,normal,centro,despejado,10,bajo,bicicleta
ENV-002581,29.87,5.25,43.8,21.1,25.5,23.57,0,0,1556.24,normal,rural,lluvia,9,alto,moto
ENV-002582,0.87,1.01,23.5,15.7,21.6,7.97,0,0,1293.12,normal,centro,despejado,23,bajo,moto
ENV-002583,10.1,0.39,16.5,8.5,9.2,1.29,1,0,196.81,mismo_dia,residencial,despejado,16,medio,dron
ENV-002584,2.31,1.62,38.7,16.6,18.8,12.08,0,0,164.49,normal,residencial,lluvia,14,alto,moto
ENV-002585,31.29,0.43,19.9,15.7,8.7,2.72,1,0,773.24,normal,rural,despejado,13,alto,moto
ENV-002586,7.5,0.77,20.9,18.0,13.5,5.08,0,1,2311.96,normal,residencial,despejado,10,bajo,camioneta
ENV-002587,4.62,1.85,27.6,24.6,20.7,14.05,0,0,920.11,normal,residencial,lluvia,11,medio,bicicleta
ENV-002588,6.86,3.7,35.0,27.6,27.8,26.85,0,0,955.04,mismo_dia,residencial,despejado,14,medio,bicicleta
ENV-002589,18.45,6.02,62.1,31.9,24.2,47.94,0,0,196.85,normal,periferia,despejado,11,medio,moto
ENV-002590,36.46,7.15,47.4,25.3,25.8,30.94,0,0,650.48,express,rural,despejado,14,alto,moto
ENV-002591,19.6,2.4,29.3,16.2,21.1,10.02,0,0,1215.63,normal,periferia,viento_fuerte,14,alto,camioneta
ENV-002592,1.95,0.69,16.3,11.8,19.6,3.77,0,0,1893.26,normal,residencial,lluvia,16,alto,moto
ENV-002593,5.98,13.25,35.7,31.2,40.1,44.66,0,0,298.66,express,residencial,despejado,12,bajo,moto
ENV-002594,4.94,4.11,25.8,18.9,18.5,9.02,0,0,1373.52,express,residencial,despejado,15,medio,camioneta
ENV-002595,13.95,1.36,17.2,16.5,9.9,2.81,0,0,567.06,normal,periferia,despejado,18,alto,dron
ENV-002596,3.2,0.21,10.2,8.2,11.0,0.92,1,0,649.1,mismo_dia,residencial,lluvia,19,alto,bicicleta
ENV-002597,10.31,0.35,15.5,7.3,8.6,0.97,0,0,884.18,normal,residencial,lluvia,8,alto,moto
ENV-002598,7.83,1.63,28.0,21.7,12.1,7.35,0,0,255.62,normal,residencial,despejado,7,alto,dron
ENV-002599,2.52,4.95,35.0,26.3,26.2,24.12,0,0,5560.89,normal,centro,despejado,9,alto,bicicleta
ENV-002600,1.61,7.56,54.7,44.4,23.0,55.86,0,0,661.8,normal,centro,despejado,11,bajo,moto
ENV-002601,5.02,4.6,34.3,24.1,16.3,13.47,0,0,2601.07,mismo_dia,centro,lluvia,9,medio,moto
ENV-002602,5.06,0.26,13.4,8.1,13.2,1.43,0,0,303.94,mismo_dia,residencial,despejado,19,alto,dron
ENV-002603,7.8,1.81,25.8,18.5,9.9,4.73,0,0,517.55,express,residencial,despejado,7,alto,dron
ENV-002604,2.19,9.13,45.6,27.2,20.8,25.8,0,0,114.06,normal,centro,despejado,6,bajo,moto
ENV-002605,6.54,2.58,38.1,24.6,14.5,13.59,0,0,1066.53,normal,residencial,viento_fuerte,7,alto,bicicleta
ENV-002606,2.32,0.68,26.2,13.1,9.7,3.33,1,0,593.61,mismo_dia,residencial,despejado,7,alto,dron
ENV-002607,1.39,0.5,11.6,8.0,15.4,1.43,0,0,249.72,express,centro,lluvia,16,alto,bicicleta
ENV-002608,2.39,7.66,51.4,28.5,38.0,55.67,0,0,469.45,mismo_dia,centro,despejado,14,bajo,moto
ENV-002609,5.74,4.36,28.1,33.3,23.0,21.52,0,0,344.62,normal,residencial,despejado,15,alto,bicicleta
ENV-002610,4.7,39.86,106.1,50.4,43.0,229.94,1,0,190.13,express,residencial,viento_fuerte,2,bajo,camioneta
ENV-002611,21.93,3.44,47.6,26.9,18.1,23.18,0,0,2763.18,express,periferia,lluvia,18,alto,moto
ENV-002612,4.7,1.65,26.1,22.6,11.4,6.72,1,0,1657.8,mismo_dia,residencial,lluvia,3,bajo,moto
ENV-002613,11.8,0.18,13.2,6.3,5.5,0.46,1,0,1984.07,express,residencial,despejado,9,alto,dron
ENV-002614,3.55,6.06,53.8,26.7,22.9,32.89,0,0,529.98,express,centro,despejado,1,medio,moto
ENV-002615,4.47,4.4,35.0,30.0,21.5,22.57,0,0,264.79,express,centro,lluvia,7,alto,moto
ENV-002616,10.94,1.04,24.3,13.7,20.3,6.76,0,0,165.53,normal,residencial,despejado,18,medio,dron
ENV-002617,5.03,55.2,96.2,60.0,69.3,400.0,1,0,7967.06,normal,residencial,lluvia,17,bajo,camioneta
ENV-002618,6.21,0.67,13.6,8.2,11.8,1.32,0,0,3664.23,express,residencial,despejado,14,alto,bicicleta
ENV-002619,22.4,1.65,20.9,14.9,8.2,2.55,1,0,1305.05,mismo_dia,periferia,lluvia,8,medio,moto
ENV-002620,4.34,0.6,15.8,8.8,13.1,1.82,0,0,325.72,mismo_dia,centro,despejado,15,alto,bicicleta
ENV-002621,4.74,1.58,21.3,18.8,12.9,5.17,0,0,773.59,express,residencial,lluvia,21,bajo,moto
ENV-002622,2.3,1.37,22.4,15.4,14.1,4.86,0,0,472.41,normal,centro,despejado,13,alto,camioneta
ENV-002623,2.53,3.48,38.0,21.3,16.4,13.27,0,1,2688.83,express,centro,despejado,15,alto,camioneta
ENV-002624,2.08,3.29,32.0,29.7,22.9,21.76,0,0,577.44,mismo_dia,centro,despejado,13,medio,bicicleta
ENV-002625,4.92,10.25,49.8,31.2,24.9,38.69,1,0,315.2,normal,residencial,lluvia,7,alto,moto
ENV-002626,14.96,19.24,46.6,30.3,30.1,42.5,0,1,1262.34,express,periferia,despejado,15,alto,camioneta
ENV-002627,30.1,0.79,21.2,17.3,14.1,5.17,0,0,198.63,normal,rural,despejado,16,medio,moto
ENV-002628,1.87,1.51,29.3,23.3,16.6,11.33,0,0,238.61,express,centro,despejado,19,alto,bicicleta
ENV-002629,1.98,1.69,29.6,20.0,12.5,7.4,0,0,459.11,normal,centro,lluvia,10,medio,moto
ENV-002630,20.19,0.61,21.4,11.4,8.4,2.05,0,0,629.25,express,periferia,despejado,15,bajo,moto
ENV-002631,3.91,2.98,33.9,21.7,18.5,13.61,0,0,192.79,normal,centro,despejado,8,alto,bicicleta
ENV-002632,3.69,0.82,24.6,15.1,8.8,3.27,0,0,3009.8,mismo_dia,centro,despejado,16,medio,bicicleta
ENV-002633,3.46,1.96,28.2,19.6,21.9,12.1,0,0,1224.27,express,centro,despejado,19,alto,bicicleta
ENV-002634,13.14,1.67,23.6,13.5,22.3,7.1,0,0,467.22,normal,residencial,viento_fuerte,9,bajo,moto
ENV-002635,4.03,2.73,26.2,25.0,14.5,9.5,0,0,272.05,express,centro,lluvia,9,alto,moto
ENV-002636,2.75,0.39,14.4,11.5,17.5,2.9,0,0,454.09,normal,residencial,despejado,0,alto,moto
ENV-002637,27.64,0.37,13.2,6.7,7.8,0.69,1,0,2053.04,express,rural,viento_fuerte,14,alto,moto
ENV-002638,48.76,2.93,27.9,13.4,17.5,6.54,1,0,1158.57,normal,rural,despejado,19,alto,camioneta
ENV-002639,2.39,4.78,43.6,23.2,32.8,33.18,0,0,788.22,express,residencial,lluvia,15,medio,moto
ENV-002640,4.0,1.45,19.1,14.3,12.4,3.39,0,0,8436.32,mismo_dia,residencial,despejado,14,medio,dron
ENV-002641,13.08,32.3,55.0,48.2,62.5,165.69,0,1,432.42,normal,periferia,despejado,8,medio,camioneta
ENV-002642,49.27,1.62,29.7,18.5,8.6,4.73,0,0,292.71,express,rural,despejado,11,bajo,camioneta
ENV-002643,6.01,10.1,60.7,34.6,25.8,54.19,0,0,2892.92,normal,residencial,viento_fuerte,9,alto,moto
ENV-002644,12.82,5.7,54.3,28.0,23.0,34.97,0,0,244.32,express,periferia,despejado,8,alto,moto
ENV-002645,7.45,3.14,27.2,20.3,30.5,16.84,0,1,1713.23,mismo_dia,residencial,lluvia,18,medio,camioneta
ENV-002646,7.5,2.56,32.2,23.7,19.0,14.5,0,0,978.0,express,residencial,viento_fuerte,11,bajo,moto
ENV-002647,15.26,1.61,32.9,20.2,12.4,8.24,0,0,5066.89,express,periferia,lluvia,8,medio,moto
ENV-002648,12.96,1.34,26.3,16.1,15.4,6.52,0,1,4455.61,express,periferia,viento_fuerte,12,alto,camioneta
ENV-002649,9.68,78.36,122.9,77.3,34.8,330.61,0,0,1999.03,normal,residencial,despejado,16,medio,camioneta
ENV-002650,21.29,1.04,21.6,13.6,7.7,2.26,0,1,542.01,express,periferia,despejado,8,alto,camioneta
ENV-002651,33.49,0.9,19.1,21.5,15.2,6.24,1,0,4638.99,normal,rural,despejado,18,medio,moto
ENV-002652,9.1,1.73,28.0,21.6,11.0,6.65,0,0,2163.25,normal,residencial,despejado,7,medio,dron
ENV-002653,39.59,1.3,25.6,15.5,17.9,7.1,0,0,1259.71,normal,rural,despejado,1,bajo,moto
ENV-002654,22.38,3.78,29.1,23.0,20.0,13.39,0,0,2104.66,normal,periferia,viento_fuerte,12,bajo,moto
ENV-002655,20.73,23.01,66.0,50.5,29.1,96.99,0,0,535.82,normal,periferia,despejado,1,bajo,camioneta
ENV-002656,23.86,1.11,18.1,9.6,14.5,2.52,0,0,94.26,express,periferia,despejado,10,medio,moto
ENV-002657,0.78,1.6,20.3,21.0,14.4,6.14,0,0,1047.31,normal,centro,lluvia,8,alto,moto
ENV-002658,10.36,0.74,19.9,13.9,12.7,3.51,1,0,2829.76,express,residencial,lluvia,6,alto,moto
ENV-002659,6.74,1.4,25.0,21.8,18.5,10.08,0,0,143.94,normal,residencial,despejado,20,alto,bicicleta
ENV-002660,8.49,2.0,21.4,14.8,21.6,6.84,0,0,241.95,mismo_dia,residencial,despejado,17,alto,dron
ENV-002661,13.47,0.44,12.4,8.8,17.1,1.87,0,0,290.08,normal,periferia,lluvia,16,bajo,moto
ENV-002662,10.81,0.96,24.3,14.5,19.2,6.77,1,0,281.92,express,residencial,lluvia,9,bajo,moto
ENV-002663,18.29,4.47,32.0,37.7,26.7,32.21,1,0,1287.32,normal,periferia,despejado,18,alto,moto
ENV-002664,1.25,8.29,48.8,30.5,44.4,66.08,0,0,2699.79,mismo_dia,centro,despejado,18,medio,moto
ENV-002665,1.73,1.41,22.6,13.2,15.4,4.59,0,0,1533.54,express,centro,despejado,8,medio,bicicleta
ENV-002666,8.83,0.4,12.8,7.9,10.4,1.05,0,0,1599.18,normal,periferia,despejado,14,alto,dron
ENV-002667,21.9,0.43,18.0,10.5,14.9,2.82,0,0,249.69,normal,periferia,despejado,19,alto,moto
ENV-002668,19.51,1.5,27.7,16.9,13.2,6.18,0,0,736.69,express,periferia,lluvia,15,alto,moto
ENV-002669,7.78,1.48,32.9,23.5,12.4,9.59,0,0,132.21,express,residencial,despejado,11,medio,dron
ENV-002670,16.39,3.91,24.7,18.3,29.8,13.47,1,1,5757.63,normal,periferia,viento_fuerte,16,bajo,camioneta
ENV-002671,12.36,5.62,30.6,26.9,15.2,12.51,0,0,226.77,normal,residencial,despejado,12,alto,moto
ENV-002672,11.46,4.75,32.4,24.0,20.7,16.1,0,0,181.86,normal,residencial,despejado,14,alto,moto
ENV-002673,7.34,1.28,18.8,12.5,12.0,2.82,0,0,871.16,express,residencial,despejado,18,medio,dron
ENV-002674,10.17,1.49,33.3,15.5,20.7,10.68,1,0,2358.51,mismo_dia,residencial,despejado,2,bajo,moto
ENV-002675,1.44,1.39,24.8,13.6,10.7,3.61,0,0,8138.07,express,centro,despejado,7,medio,bicicleta
ENV-002676,3.56,4.0,34.3,20.1,20.8,14.34,0,0,1621.05,normal,centro,despejado,11,bajo,bicicleta
ENV-002677,9.88,33.69,63.8,35.8,33.3,76.06,0,0,985.85,express,residencial,despejado,9,medio,camioneta
ENV-002678,22.85,3.48,44.3,23.3,15.0,15.48,1,0,792.5,mismo_dia,periferia,despejado,20,medio,moto
ENV-002679,27.93,11.21,46.8,30.7,34.5,49.57,0,0,2165.53,mismo_dia,rural,despejado,11,alto,moto
ENV-002680,3.62,2.68,33.9,30.0,17.8,18.1,0,0,4113.03,express,centro,despejado,17,bajo,bicicleta
ENV-002681,48.99,4.43,28.1,25.8,18.6,13.48,0,0,15494.34,normal,rural,despejado,15,alto,camioneta
ENV-002682,3.26,54.96,66.7,71.8,46.7,223.65,0,0,751.9,normal,residencial,despejado,14,alto,camioneta
ENV-002683,5.18,1.69,22.8,20.4,14.5,6.74,0,0,262.46,normal,residencial,despejado,16,bajo,dron
ENV-002684,14.05,1.24,29.3,16.2,15.6,7.4,0,0,3792.18,normal,periferia,lluvia,18,medio,camioneta
ENV-002685,12.23,2.63,31.8,26.6,17.2,14.55,0,0,1136.41,normal,residencial,despejado,9,medio,moto
ENV-002686,2.17,10.18,41.4,36.7,36.5,55.46,1,0,2477.46,express,centro,despejado,13,medio,moto
ENV-002687,2.71,0.71,13.7,8.1,11.0,1.22,0,0,278.6,normal,centro,despejado,10,medio,bicicleta
ENV-002688,4.79,1.0,22.8,16.5,8.3,3.12,0,0,1153.85,express,residencial,lluvia,10,alto,moto
ENV-002689,2.29,2.3,31.5,20.7,15.7,10.24,0,0,3940.41,normal,centro,despejado,9,alto,bicicleta
ENV-002690,39.03,0.74,18.3,18.4,12.4,4.18,0,0,63.16,mismo_dia,rural,despejado,20,alto,moto
ENV-002691,19.65,5.98,61.8,39.9,16.8,41.43,0,0,834.74,mismo_dia,periferia,despejado,14,alto,moto
ENV-002692,10.08,0.9,16.2,12.6,15.8,3.23,0,0,503.76,normal,residencial,despejado,21,bajo,moto
ENV-002693,36.34,0.79,27.5,17.3,10.8,5.14,1,0,731.87,mismo_dia,rural,viento_fuerte,13,alto,moto
ENV-002694,10.47,7.99,39.6,27.1,43.0,46.15,0,0,3316.2,normal,residencial,despejado,19,bajo,moto
ENV-002695,2.84,11.97,48.3,50.5,38.5,93.91,0,0,3157.41,express,centro,despejado,2,medio,camioneta
ENV-002696,1.54,6.22,40.8,29.3,14.8,17.69,0,0,2138.52,express,centro,lluvia,9,alto,moto
ENV-002697,32.9,0.64,24.3,17.9,9.0,3.91,0,1,2067.19,mismo_dia,rural,lluvia,9,medio,camioneta
ENV-002698,6.65,1.33,34.2,15.3,13.3,6.96,0,0,433.14,normal,residencial,lluvia,11,medio,moto
ENV-002699,4.92,1.36,21.4,14.8,7.1,2.25,0,0,7706.87,normal,residencial,viento_fuerte,5,bajo,moto
ENV-002700,5.44,0.18,14.8,11.2,5.5,0.91,0,0,203.54,express,centro,despejado,9,medio,bicicleta
ENV-002701,17.68,79.53,125.6,69.2,39.5,343.32,0,0,662.99,mismo_dia,rural,despejado,13,alto,camioneta
ENV-002702,9.9,1.6,39.1,21.9,12.6,10.79,0,0,576.59,express,residencial,despejado,18,alto,dron
ENV-002703,2.61,3.69,26.8,21.2,29.2,16.59,0,0,56.99,express,centro,despejado,11,bajo,bicicleta
ENV-002704,15.45,18.11,78.2,41.9,32.1,105.18,0,0,551.51,normal,periferia,despejado,6,medio,camioneta
ENV-002705,2.42,4.23,36.2,37.0,24.4,32.68,1,0,209.16,express,centro,despejado,15,alto,bicicleta
ENV-002706,3.51,3.94,29.3,24.9,18.3,13.35,0,0,1304.97,normal,centro,despejado,6,bajo,bicicleta
ENV-002707,5.45,1.9,26.1,13.8,16.9,6.09,0,0,3574.7,normal,residencial,viento_fuerte,17,bajo,bicicleta
ENV-002708,34.65,2.62,37.3,21.8,12.2,9.92,1,0,536.66,express,rural,despejado,9,bajo,moto
ENV-002709,9.38,0.42,24.0,14.1,8.7,2.94,0,0,278.58,mismo_dia,residencial,despejado,18,alto,dron
ENV-002710,3.34,3.18,42.1,22.1,20.4,18.98,0,0,2134.68,express,centro,lluvia,9,alto,moto
ENV-002711,38.12,4.05,34.3,25.0,15.2,13.03,0,0,146.86,normal,rural,lluvia,16,bajo,moto
ENV-002712,14.55,0.97,24.0,14.8,10.2,3.62,0,0,1085.73,express,periferia,despejado,16,bajo,dron
ENV-002713,40.69,4.14,36.3,32.1,17.5,20.39,0,0,155.27,express,rural,despejado,10,medio,camioneta
ENV-002714,7.09,3.57,32.4,20.4,33.4,22.08,0,0,307.08,normal,residencial,despejado,10,bajo,moto
ENV-002715,13.38,0.76,27.1,12.1,12.5,4.1,0,0,365.3,normal,residencial,despejado,12,medio,dron
ENV-002716,11.41,1.31,21.1,22.4,15.3,7.23,0,0,126.86,normal,residencial,lluvia,13,alto,moto
ENV-002717,7.8,3.58,29.4,22.1,29.9,19.43,1,0,2733.63,express,residencial,lluvia,10,medio,moto
ENV-002718,3.51,2.87,23.9,22.9,14.6,7.99,0,0,1132.84,normal,centro,despejado,12,alto,bicicleta
ENV-002719,1.38,1.59,28.4,25.4,14.1,10.17,0,0,135.15,normal,centro,lluvia,19,alto,moto
ENV-002720,3.32,0.94,19.5,17.7,12.9,4.45,0,0,721.28,normal,centro,despejado,14,alto,bicicleta
ENV-002721,2.04,4.9,29.2,19.2,14.2,7.96,0,0,185.52,normal,centro,lluvia,10,bajo,moto
ENV-002722,53.53,10.04,50.4,30.7,25.7,39.77,0,0,137.22,normal,rural,despejado,20,medio,camioneta
ENV-002723,30.07,1.58,27.0,20.1,10.7,5.81,0,0,3311.25,express,rural,despejado,8,medio,moto
ENV-002724,39.2,0.9,28.2,18.4,10.8,5.6,0,0,848.82,express,rural,lluvia,7,medio,moto
ENV-002725,7.44,1.7,27.4,21.2,18.1,10.51,1,1,625.91,normal,residencial,despejado,9,alto,camioneta
ENV-002726,2.81,1.85,25.7,17.7,17.9,8.14,0,0,2004.28,mismo_dia,residencial,viento_fuerte,17,medio,bicicleta
ENV-002727,4.44,2.38,28.7,19.2,12.1,6.67,0,0,717.48,normal,centro,despejado,18,medio,bicicleta
ENV-002728,11.65,1.68,27.7,13.3,16.7,6.15,0,0,280.36,normal,residencial,despejado,14,alto,dron
ENV-002729,12.62,3.56,24.7,12.6,18.3,5.7,1,0,1613.6,normal,periferia,lluvia,19,alto,moto
ENV-002730,10.92,0.65,21.6,13.6,8.3,2.44,0,0,138.43,normal,residencial,despejado,14,alto,dron
ENV-002731,5.18,1.21,32.3,22.1,12.0,8.57,0,1,3876.83,normal,residencial,despejado,0,bajo,camioneta
ENV-002732,1.3,0.64,28.5,15.4,9.2,4.04,0,0,2812.63,normal,centro,despejado,9,alto,bicicleta
ENV-002733,6.97,8.09,52.3,33.7,32.9,57.99,0,0,1246.42,express,periferia,despejado,17,bajo,moto
ENV-002734,5.28,1.11,14.2,11.1,17.3,2.73,1,1,739.22,express,centro,lluvia,14,alto,camioneta
ENV-002735,23.68,3.47,50.2,31.1,17.4,27.17,0,0,512.75,normal,rural,lluvia,6,bajo,moto
ENV-002736,19.09,5.15,31.2,15.3,17.4,8.31,1,0,50,normal,periferia,viento_fuerte,14,medio,moto
ENV-002737,1.74,0.95,30.0,13.7,17.8,7.32,0,0,1061.89,normal,centro,lluvia,20,medio,camioneta
ENV-002738,17.17,35.59,52.5,47.4,26.6,66.19,1,1,1878.39,express,periferia,lluvia,17,medio,camioneta
ENV-002739,11.96,2.63,29.7,24.6,12.9,9.42,0,0,89.91,normal,periferia,despejado,8,medio,moto
ENV-002740,11.48,1.95,22.7,16.2,12.7,4.67,0,0,1766.95,normal,periferia,despejado,9,medio,dron
ENV-002741,35.75,1.85,28.3,21.0,15.7,9.33,0,1,251.29,express,rural,lluvia,11,bajo,camioneta
ENV-002742,5.1,3.91,24.1,16.9,20.6,8.39,0,0,340.99,normal,residencial,lluvia,20,alto,moto
ENV-002743,17.71,3.02,29.2,28.5,21.4,17.81,0,0,241.49,normal,periferia,despejado,12,alto,moto
ENV-002744,2.47,3.55,43.1,18.3,18.6,14.67,0,0,194.69,express,centro,despejado,21,bajo,moto
ENV-002745,6.68,3.91,51.0,28.3,17.1,24.68,0,1,288.99,express,residencial,despejado,9,alto,camioneta
ENV-002746,2.13,4.9,39.6,32.6,18.9,24.4,0,0,1494.65,normal,centro,despejado,12,bajo,bicicleta
ENV-002747,10.93,55.39,77.9,39.2,51.0,155.74,0,0,138.35,normal,residencial,despejado,9,medio,camioneta
ENV-002748,15.42,2.26,30.8,17.0,12.0,6.28,0,0,5502.11,mismo_dia,periferia,despejado,22,medio,moto
ENV-002749,37.43,18.72,58.4,44.9,25.9,67.91,0,0,82.21,mismo_dia,rural,lluvia,10,bajo,moto
ENV-002750,12.62,1.15,25.1,16.5,10.0,4.14,0,0,4151.65,normal,residencial,despejado,19,medio,dron
ENV-002751,3.64,2.84,34.4,20.7,22.3,15.88,0,0,315.43,normal,centro,viento_fuerte,17,bajo,bicicleta
ENV-002752,13.12,1.14,20.4,15.9,9.8,3.18,1,0,154.6,mismo_dia,periferia,despejado,7,alto,dron
ENV-002753,7.8,0.67,15.2,17.0,12.4,3.2,0,0,542.07,express,residencial,lluvia,16,medio,moto
ENV-002754,20.0,7.83,44.6,26.0,22.5,26.09,1,0,103.59,express,periferia,lluvia,13,alto,moto
ENV-002755,19.16,1.18,35.1,22.7,10.8,8.61,0,0,761.76,normal,periferia,despejado,11,bajo,moto
ENV-002756,6.57,2.42,21.5,13.8,14.7,4.36,0,1,2763.19,mismo_dia,residencial,despejado,16,bajo,camioneta
ENV-002757,51.27,1.57,24.3,17.3,20.9,8.79,0,0,1474.37,mismo_dia,rural,despejado,10,bajo,camioneta
ENV-002758,30.03,5.09,44.2,21.8,25.5,24.57,0,0,620.48,normal,rural,despejado,8,alto,moto
ENV-002759,13.11,1.16,20.3,14.6,9.9,2.93,0,0,1556.24,normal,residencial,viento_fuerte,7,alto,moto
ENV-002760,10.45,2.99,46.7,21.4,17.5,17.49,0,0,947.1,normal,residencial,despejado,15,alto,moto
ENV-002761,2.31,4.85,35.3,34.0,32.3,38.77,1,0,249.81,express,centro,despejado,8,alto,bicicleta
ENV-002762,3.1,4.96,39.9,30.8,18.6,22.86,0,0,1335.92,express,centro,despejado,15,alto,bicicleta
ENV-002763,4.56,14.19,55.5,31.6,37.1,65.07,1,0,989.73,normal,centro,lluvia,14,alto,moto
ENV-002764,36.9,1.46,33.0,15.9,14.0,7.35,0,0,386.07,mismo_dia,rural,lluvia,19,alto,moto
ENV-002765,2.33,5.84,37.6,27.0,26.1,26.5,1,0,684.99,express,centro,despejado,15,alto,bicicleta
ENV-002766,16.69,1.72,34.5,15.0,17.5,9.06,1,0,5835.68,normal,periferia,despejado,5,bajo,moto
ENV-002767,26.7,5.04,47.6,22.5,19.1,20.46,0,0,639.57,normal,rural,despejado,16,bajo,moto
ENV-002768,2.41,2.97,43.7,21.3,17.7,16.48,1,0,105.74,normal,centro,viento_fuerte,20,medio,bicicleta
ENV-002769,7.71,1.01,24.4,14.6,11.8,4.2,0,1,2508.66,express,residencial,despejado,16,bajo,camioneta
ENV-002770,5.07,5.29,32.1,28.9,16.5,15.31,0,0,2334.04,express,centro,despejado,20,alto,bicicleta
ENV-002771,11.38,0.27,17.9,10.5,8.1,1.52,0,0,208.25,normal,residencial,lluvia,16,bajo,moto
ENV-002772,0.73,1.68,22.9,14.6,10.4,3.48,1,0,869.91,normal,centro,despejado,12,bajo,bicicleta
ENV-002773,3.46,0.75,22.3,11.6,12.9,3.34,0,0,8524.24,normal,centro,despejado,18,medio,bicicleta
ENV-002774,16.92,3.52,42.6,30.5,21.5,27.93,1,0,140.9,normal,periferia,despejado,16,alto,moto
ENV-002775,9.22,1.01,26.6,12.4,16.4,5.41,0,0,1934.35,express,residencial,despejado,11,bajo,dron
ENV-002776,55.99,1.99,22.0,20.5,11.2,5.05,0,0,902.11,express,rural,despejado,20,medio,camioneta
ENV-002777,9.27,1.25,25.2,15.9,9.2,3.69,0,0,1659.31,normal,residencial,lluvia,8,medio,moto
ENV-002778,1.04,1.39,21.2,11.4,15.3,3.7,1,0,1106.23,normal,centro,lluvia,13,alto,bicicleta
ENV-002779,3.18,4.08,52.1,33.4,14.1,24.54,1,0,6396.81,normal,centro,despejado,12,medio,bicicleta
ENV-002780,7.61,0.52,24.2,10.2,9.9,2.44,0,1,1171.5,normal,periferia,despejado,16,medio,camioneta
ENV-002781,1.78,0.68,21.7,11.9,7.0,1.81,0,0,6946.09,normal,centro,despejado,12,bajo,bicicleta
ENV-002782,4.01,37.17,105.3,55.4,43.3,252.6,0,0,541.92,express,centro,lluvia,14,medio,camioneta
ENV-002783,5.85,5.9,40.4,21.7,28.7,25.16,0,0,2098.46,express,residencial,despejado,18,bajo,bicicleta
ENV-002784,8.97,2.89,49.2,21.6,20.5,21.79,1,0,643.59,normal,residencial,viento_fuerte,12,medio,moto
ENV-002785,3.26,3.97,33.0,30.0,29.6,29.3,1,0,409.82,normal,centro,despejado,14,medio,bicicleta
ENV-002786,6.16,0.45,20.0,11.2,11.6,2.6,1,0,229.57,express,residencial,despejado,7,medio,dron
ENV-002787,4.24,2.0,20.4,12.7,23.1,5.98,0,0,298.04,express,residencial,despejado,14,alto,bicicleta
ENV-002788,10.84,4.4,55.6,37.4,14.7,30.57,0,0,7249.88,normal,residencial,viento_fuerte,8,alto,moto
ENV-002789,2.57,2.17,21.1,18.7,14.2,5.6,0,1,1847.45,mismo_dia,centro,despejado,11,bajo,camioneta
ENV-002790,2.7,14.3,40.8,42.5,35.5,61.56,0,0,1348.54,express,centro,viento_fuerte,7,alto,moto
ENV-002791,4.12,5.44,49.8,23.4,18.7,21.79,0,0,248.64,mismo_dia,centro,viento_fuerte,9,bajo,moto
ENV-002792,2.76,0.46,22.5,16.4,7.9,2.92,0,0,1290.17,mismo_dia,centro,despejado,22,bajo,moto
ENV-002793,2.05,1.81,23.1,25.3,19.7,11.51,1,0,4516.76,normal,centro,despejado,17,bajo,bicicleta
ENV-002794,5.55,3.51,46.1,25.7,21.3,25.24,0,0,572.27,normal,centro,despejado,16,bajo,bicicleta
ENV-002795,6.55,1.0,20.1,13.7,10.5,2.89,0,0,7181.06,normal,periferia,despejado,14,alto,bicicleta
ENV-002796,21.52,0.27,11.8,11.9,9.2,1.29,0,0,720.94,normal,periferia,despejado,11,bajo,moto
ENV-002797,3.01,1.67,28.1,18.1,16.1,8.19,0,0,2564.01,mismo_dia,residencial,despejado,7,bajo,bicicleta
ENV-002798,39.4,2.23,27.0,22.4,27.3,16.51,0,0,1748.06,normal,rural,lluvia,13,alto,moto
ENV-002799,3.96,1.02,25.8,16.1,13.0,5.4,0,0,146.55,normal,centro,despejado,13,alto,bicicleta
ENV-002800,11.52,0.41,16.7,12.5,5.4,1.13,0,1,182.64,normal,residencial,viento_fuerte,19,alto,camioneta
ENV-002801,5.45,2.08,18.9,15.0,15.6,4.42,0,0,707.08,normal,residencial,despejado,8,alto,bicicleta
ENV-002802,23.61,2.47,27.9,19.2,11.1,5.95,0,0,584.93,express,periferia,despejado,19,alto,moto
ENV-002803,8.5,0.38,16.2,10.8,5.1,0.89,0,0,939.1,normal,residencial,viento_fuerte,10,medio,moto
ENV-002804,3.4,7.13,39.3,20.4,19.7,15.79,0,0,199.21,express,centro,despejado,10,alto,bicicleta
ENV-002805,6.33,1.67,28.2,22.9,20.6,13.3,1,0,2097.42,mismo_dia,residencial,viento_fuerte,9,alto,bicicleta
ENV-002806,2.56,3.58,40.8,20.9,13.9,11.85,0,0,1931.88,mismo_dia,centro,lluvia,15,medio,camioneta
ENV-002807,3.92,4.8,39.1,30.8,24.0,28.9,0,0,14730.81,mismo_dia,centro,despejado,17,bajo,moto
ENV-002808,1.98,1.99,36.4,18.6,12.3,8.33,0,0,3051.15,normal,centro,despejado,15,alto,bicicleta
ENV-002809,6.15,2.32,24.7,26.7,20.2,13.32,0,0,10074.88,mismo_dia,residencial,despejado,11,bajo,bicicleta
ENV-002810,44.82,0.22,12.4,9.3,10.0,1.15,0,0,4034.34,mismo_dia,rural,despejado,22,bajo,camioneta
ENV-002811,35.88,1.61,21.6,15.0,18.0,5.83,0,0,414.72,normal,rural,despejado,6,alto,moto
ENV-002812,22.78,5.33,27.3,28.0,17.2,13.15,0,0,210.76,normal,periferia,despejado,15,bajo,moto
ENV-002813,2.05,3.78,28.9,19.5,17.0,9.58,1,1,1971.48,express,centro,despejado,3,alto,camioneta
ENV-002814,4.41,0.81,22.5,12.9,15.4,4.47,0,0,230.98,express,residencial,despejado,16,bajo,bicicleta
ENV-002815,4.69,0.18,19.8,9.1,7.8,1.41,0,0,2118.23,normal,residencial,despejado,8,medio,bicicleta
ENV-002816,12.14,6.77,41.3,25.8,44.0,46.88,0,0,620.67,normal,periferia,lluvia,15,alto,moto
ENV-002817,6.36,2.3,23.5,21.5,24.9,12.58,1,0,5159.49,normal,residencial,lluvia,11,bajo,bicicleta
ENV-002818,22.72,2.51,28.3,17.1,21.9,10.6,0,0,1857.25,express,periferia,lluvia,17,alto,moto
ENV-002819,1.13,54.04,75.5,40.9,46.0,142.05,1,0,3600.39,normal,centro,despejado,17,alto,camioneta
ENV-002820,3.99,16.2,63.6,39.9,46.8,118.76,0,0,1191.91,mismo_dia,centro,viento_fuerte,13,alto,camioneta
ENV-002821,6.78,1.35,22.8,16.2,20.0,7.39,0,0,498.7,normal,residencial,despejado,8,medio,bicicleta
ENV-002822,2.57,45.85,77.0,52.6,64.7,262.05,0,0,325.53,normal,centro,lluvia,8,medio,camioneta
ENV-002823,10.08,1.19,25.6,16.0,14.6,5.98,0,0,206.42,express,residencial,despejado,15,alto,dron
ENV-002824,3.61,1.25,16.4,15.8,13.1,3.39,0,0,57.25,normal,residencial,despejado,18,medio,dron
ENV-002825,0.79,5.53,56.7,38.2,17.5,37.9,0,0,1374.74,normal,centro,lluvia,7,alto,moto
ENV-002826,5.47,8.72,64.5,46.5,22.1,66.28,0,0,2650.86,normal,residencial,despejado,13,medio,moto
ENV-002827,11.95,3.05,25.0,19.3,24.1,11.63,0,0,99.84,mismo_dia,periferia,despejado,13,alto,moto
ENV-002828,2.6,1.51,34.3,24.0,13.8,11.36,0,0,569.32,express,centro,despejado,0,bajo,moto
ENV-002829,25.5,0.37,11.9,12.5,9.1,1.35,1,0,436.86,normal,periferia,despejado,17,medio,moto
ENV-002830,4.03,2.86,23.5,15.7,14.7,5.42,0,0,1765.42,normal,residencial,despejado,12,alto,bicicleta
ENV-002831,36.82,0.62,17.3,10.8,10.6,1.98,0,0,50,express,rural,viento_fuerte,6,bajo,moto
ENV-002832,5.91,3.45,28.9,15.5,11.7,5.24,0,0,1715.56,normal,residencial,despejado,13,alto,bicicleta
ENV-002833,4.36,1.94,18.8,12.7,20.0,4.78,1,0,1456.24,normal,centro,lluvia,14,alto,moto
ENV-002834,7.49,0.74,15.3,18.1,12.6,3.49,0,0,3034.34,express,residencial,despejado,8,medio,dron
ENV-002835,17.22,1.27,24.6,13.8,13.1,4.45,0,0,660.68,express,periferia,despejado,19,alto,moto
ENV-002836,2.78,3.03,38.0,32.0,18.0,21.89,1,0,455.56,normal,centro,despejado,9,medio,bicicleta
ENV-002837,3.62,2.12,41.2,25.6,15.0,15.82,1,0,227.05,normal,centro,despejado,21,bajo,bicicleta
ENV-002838,2.79,4.85,34.7,34.3,21.8,25.95,0,0,1201.92,express,centro,despejado,10,medio,bicicleta
ENV-002839,2.46,6.6,45.1,25.9,24.0,28.03,0,0,791.56,normal,centro,despejado,8,medio,bicicleta
ENV-002840,44.51,0.29,13.9,10.5,13.6,1.98,0,0,644.11,express,rural,despejado,10,medio,camioneta
ENV-002841,20.16,9.73,39.9,26.5,23.1,24.42,0,0,594.12,normal,periferia,despejado,14,alto,moto
ENV-002842,22.03,9.72,25.3,22.6,25.7,14.69,0,0,770.24,normal,periferia,despejado,10,bajo,moto
ENV-002843,7.21,0.74,17.1,12.8,13.4,2.93,0,0,886.12,express,residencial,despejado,21,medio,moto
ENV-002844,3.1,2.09,24.8,25.0,20.1,12.46,0,1,3483.18,express,residencial,despejado,13,medio,camioneta
ENV-002845,8.55,3.32,35.0,25.0,22.8,19.95,0,0,85.62,normal,periferia,viento_fuerte,14,alto,moto
ENV-002846,10.24,0.7,17.5,11.4,8.4,1.68,0,0,2967.34,express,residencial,despejado,9,medio,moto
ENV-002847,41.78,2.56,41.4,24.1,13.6,13.57,0,0,451.81,normal,rural,despejado,3,bajo,camioneta
ENV-002848,3.9,60.24,94.3,55.9,57.2,301.52,0,0,1168.45,normal,residencial,despejado,7,medio,camioneta
ENV-002849,4.89,0.96,14.5,10.4,11.5,1.73,0,0,1652.77,express,centro,despejado,14,medio,bicicleta
ENV-002850,17.54,5.35,42.1,29.1,11.7,14.33,0,0,1381.6,normal,periferia,despejado,17,medio,moto
ENV-002851,19.2,4.62,36.1,23.4,34.8,29.4,0,0,465.05,normal,rural,despejado,11,bajo,moto
ENV-002852,2.1,1.06,25.2,17.5,8.3,3.66,0,0,187.78,mismo_dia,centro,despejado,15,medio,bicicleta
ENV-002853,1.55,2.34,40.2,26.0,17.6,18.4,0,0,1947.15,mismo_dia,centro,despejado,11,bajo,bicicleta
ENV-002854,8.05,8.44,51.2,24.9,18.4,23.46,1,0,184.42,express,residencial,despejado,8,alto,camioneta
ENV-002855,1.17,9.92,31.1,25.5,23.9,18.95,1,0,1614.23,express,centro,despejado,18,alto,moto
ENV-002856,10.19,4.66,48.8,33.9,14.3,23.66,1,0,359.93,normal,residencial,despejado,15,medio,moto
ENV-002857,11.64,2.8,25.8,27.9,20.6,14.83,1,0,181.98,mismo_dia,periferia,despejado,5,bajo,moto
ENV-002858,3.18,1.32,26.2,17.4,11.3,5.15,0,0,2366.8,express,centro,lluvia,12,bajo,moto
ENV-002859,6.21,69.59,93.0,59.3,72.6,400.38,0,0,138.92,express,residencial,viento_fuerte,19,medio,camioneta
ENV-002860,22.3,2.86,40.2,25.9,16.1,16.76,0,0,269.83,normal,periferia,despejado,20,alto,moto
ENV-002861,15.14,0.9,23.2,16.1,8.6,3.21,1,0,5288.45,express,periferia,despejado,19,medio,moto
ENV-002862,12.16,1.1,23.8,13.5,17.9,5.75,0,0,980.35,mismo_dia,residencial,lluvia,9,alto,moto
ENV-002863,7.22,61.76,94.2,65.7,28.4,175.77,0,0,889.76,normal,residencial,despejado,17,medio,camioneta
ENV-002864,5.41,1.56,31.5,16.0,20.9,10.53,1,0,2394.05,mismo_dia,residencial,despejado,17,medio,dron
ENV-002865,12.19,0.19,12.5,9.0,5.6,0.63,0,0,1320.52,mismo_dia,periferia,despejado,9,alto,dron
ENV-002866,9.82,1.1,23.3,20.2,12.2,5.74,0,0,950.41,normal,periferia,despejado,6,bajo,dron
ENV-002867,2.13,4.43,46.0,23.5,19.4,20.97,0,0,6838.97,normal,centro,despejado,16,alto,bicicleta
ENV-002868,1.36,2.62,34.0,21.0,12.7,9.07,0,0,639.1,normal,centro,despejado,8,alto,bicicleta
ENV-002869,21.63,0.71,24.9,17.2,11.0,4.71,0,0,879.19,normal,periferia,despejado,20,alto,moto
ENV-002870,20.95,9.78,40.8,20.0,19.3,15.75,0,0,213.59,express,periferia,despejado,17,medio,moto
ENV-002871,11.47,3.85,32.4,21.5,40.4,28.14,0,0,3436.84,normal,residencial,lluvia,8,alto,moto
ENV-002872,5.56,1.55,36.3,16.6,14.5,8.74,0,0,5556.73,normal,residencial,viento_fuerte,19,medio,camioneta
ENV-002873,3.01,0.82,32.9,19.9,10.0,6.55,0,0,415.07,express,centro,despejado,17,medio,bicicleta
ENV-002874,14.56,0.83,16.9,19.1,14.0,4.52,0,0,712.57,normal,periferia,despejado,21,alto,moto
ENV-002875,3.21,0.99,29.5,17.0,11.2,5.62,0,0,1023.52,express,centro,lluvia,17,medio,moto
ENV-002876,3.52,5.35,30.0,25.6,29.3,22.5,0,0,2472.53,express,centro,despejado,3,alto,moto
ENV-002877,2.28,2.37,39.2,27.8,14.8,16.13,0,0,365.33,normal,centro,despejado,17,bajo,bicicleta
ENV-002878,9.34,1.42,39.7,19.1,14.5,10.99,0,0,2046.71,mismo_dia,residencial,lluvia,17,bajo,moto
ENV-002879,3.97,0.83,25.8,15.0,11.5,4.45,0,0,761.61,normal,centro,despejado,16,bajo,bicicleta
ENV-002880,5.58,2.06,33.0,26.4,18.7,16.29,0,0,301.53,normal,residencial,lluvia,16,bajo,moto
ENV-002881,1.8,5.81,33.7,18.1,24.2,14.76,0,0,274.9,express,centro,despejado,17,medio,bicicleta
ENV-002882,6.9,0.31,18.0,10.7,6.7,1.29,0,0,8338.71,express,residencial,lluvia,9,medio,moto
ENV-002883,53.76,3.29,30.3,20.3,36.5,22.45,0,0,297.95,express,rural,despejado,10,bajo,camioneta
ENV-002884,13.7,0.48,17.4,13.9,14.8,3.58,0,0,371.27,mismo_dia,periferia,viento_fuerte,15,medio,moto
ENV-002885,8.59,0.81,20.4,13.8,13.8,3.88,1,0,1146.7,mismo_dia,residencial,despejado,11,bajo,dron
ENV-002886,28.42,7.71,52.2,27.6,40.0,57.63,0,0,139.22,normal,rural,despejado,6,bajo,moto
ENV-002887,4.48,0.63,24.1,13.6,14.8,4.85,1,0,967.95,mismo_dia,residencial,despejado,10,bajo,dron
ENV-002888,5.47,1.46,23.0,20.4,13.7,6.43,1,0,922.34,mismo_dia,residencial,viento_fuerte,12,bajo,moto
ENV-002889,9.81,13.15,46.9,33.1,42.4,65.82,0,0,1457.16,normal,residencial,despejado,9,alto,moto
ENV-002890,19.42,0.76,27.1,16.2,12.1,5.31,0,0,137.51,normal,rural,despejado,15,medio,moto
ENV-002891,14.21,0.33,22.9,9.5,11.2,2.44,0,0,135.96,normal,periferia,viento_fuerte,13,alto,moto
ENV-002892,13.48,2.05,19.6,15.2,18.8,5.6,1,0,289.58,normal,periferia,viento_fuerte,9,alto,moto
ENV-002893,15.3,19.56,88.2,61.5,26.5,143.74,0,1,3896.59,mismo_dia,periferia,despejado,18,bajo,camioneta
ENV-002894,13.29,3.01,50.4,24.6,19.0,23.56,0,0,287.47,normal,residencial,viento_fuerte,11,medio,moto
ENV-002895,27.03,6.18,43.7,39.0,23.3,39.71,1,1,2585.76,mismo_dia,periferia,viento_fuerte,16,bajo,camioneta
ENV-002896,3.28,0.8,24.4,11.3,11.3,3.12,0,0,966.05,normal,centro,despejado,19,alto,bicicleta
ENV-002897,2.06,1.1,33.5,19.2,12.9,8.3,0,0,779.53,normal,centro,despejado,16,medio,bicicleta
ENV-002898,25.16,0.31,14.6,11.5,9.6,1.61,0,0,553.73,express,rural,despejado,14,alto,moto
ENV-002899,3.95,3.64,29.3,27.0,19.5,15.43,0,0,10245.27,normal,centro,lluvia,15,medio,moto
ENV-002900,1.88,1.94,29.5,13.8,15.9,6.47,0,0,2102.91,normal,residencial,lluvia,19,alto,moto
ENV-002901,5.36,0.32,15.9,7.9,9.6,1.21,0,0,1623.57,express,residencial,lluvia,13,medio,moto
ENV-002902,16.06,5.79,43.6,22.3,26.1,25.38,0,1,351.72,mismo_dia,periferia,viento_fuerte,11,bajo,camioneta
ENV-002903,2.0,67.74,87.7,56.4,80.9,400.15,0,0,430.53,normal,centro,lluvia,18,medio,camioneta
ENV-002904,9.24,4.84,54.3,34.8,15.9,30.05,0,0,636.03,mismo_dia,residencial,despejado,16,bajo,moto
ENV-002905,34.57,0.28,15.8,11.6,6.0,1.1,0,0,559.4,express,rural,despejado,10,bajo,moto
ENV-002906,5.51,2.32,37.1,20.2,21.6,16.19,0,0,476.5,express,centro,despejado,13,medio,bicicleta
ENV-002907,2.4,0.48,20.6,15.9,8.8,2.88,0,0,2967.19,express,centro,despejado,10,bajo,bicicleta
ENV-002908,4.09,0.55,16.4,11.0,17.2,3.1,1,0,1067.72,mismo_dia,centro,despejado,7,bajo,bicicleta
ENV-002909,4.35,0.47,21.2,16.5,8.6,3.01,1,0,12737.02,normal,residencial,despejado,20,medio,bicicleta
ENV-002910,23.92,2.59,31.0,28.5,21.1,18.64,0,0,823.07,normal,rural,despejado,13,alto,moto
ENV-002911,6.18,2.61,34.3,23.9,13.7,11.23,0,0,2913.61,normal,residencial,despejado,13,medio,bicicleta
ENV-002912,5.85,0.98,17.0,10.7,18.4,3.35,1,0,367.12,mismo_dia,residencial,despejado,11,bajo,dron
ENV-002913,1.69,2.28,25.1,15.8,9.8,3.89,1,0,2897.05,express,centro,despejado,2,bajo,bicicleta
ENV-002914,6.25,0.67,21.6,13.6,12.3,3.61,0,0,4439.98,normal,periferia,despejado,14,alto,bicicleta
ENV-002915,10.02,0.38,20.6,13.9,9.1,2.61,1,1,128.55,normal,residencial,despejado,17,medio,camioneta
ENV-002916,2.53,50.67,78.5,58.0,31.0,141.14,1,0,72.27,normal,centro,lluvia,7,medio,camioneta
ENV-002917,10.14,0.39,17.3,10.2,8.9,1.57,0,0,5723.1,mismo_dia,residencial,despejado,11,bajo,dron
ENV-002918,3.27,1.64,24.3,19.4,26.8,12.63,0,0,2013.24,express,centro,despejado,16,medio,bicicleta
ENV-002919,12.56,1.72,35.6,22.8,12.2,9.9,0,0,566.43,express,residencial,despejado,14,alto,dron
ENV-002920,6.94,1.12,18.7,10.4,16.7,3.25,0,0,3125.21,express,residencial,despejado,6,bajo,dron
ENV-002921,3.64,2.72,23.7,22.5,24.4,13.01,0,0,1040.22,normal,residencial,lluvia,14,bajo,bicicleta
ENV-002922,3.03,27.94,58.5,52.2,56.9,173.76,0,0,1391.01,express,centro,despejado,9,medio,camioneta
ENV-002923,9.13,4.21,31.0,29.3,32.7,29.7,0,0,290.61,express,residencial,despejado,14,bajo,moto
ENV-002924,7.26,39.38,51.3,47.7,29.0,70.96,0,0,688.95,normal,residencial,despejado,9,bajo,camioneta
ENV-002925,4.39,1.51,27.3,20.7,17.3,9.78,0,0,1817.18,express,residencial,despejado,15,medio,bicicleta
ENV-002926,3.16,2.79,23.9,21.2,11.2,5.67,1,0,165.86,normal,centro,lluvia,21,alto,moto
ENV-002927,9.95,0.61,26.3,13.1,11.2,3.86,1,0,1769.86,express,periferia,viento_fuerte,18,alto,moto
ENV-002928,1.69,56.32,58.4,54.1,57.6,181.98,0,0,1691.41,normal,centro,despejado,19,medio,camioneta
ENV-002929,2.64,15.92,37.2,22.0,30.9,25.29,0,0,7744.2,express,centro,viento_fuerte,20,alto,moto
ENV-002930,2.66,18.87,90.9,48.4,30.2,132.87,0,0,190.65,mismo_dia,centro,viento_fuerte,13,medio,camioneta
ENV-002931,8.61,1.62,25.7,11.8,11.6,3.52,1,0,644.35,normal,residencial,despejado,17,bajo,dron
ENV-002932,19.67,77.8,93.2,78.4,54.7,399.69,0,0,277.62,normal,periferia,viento_fuerte,11,alto,camioneta
ENV-002933,14.05,1.06,17.9,11.6,15.2,3.16,1,0,4459.34,express,residencial,viento_fuerte,7,alto,moto
ENV-002934,3.83,1.35,27.7,15.9,14.7,6.47,1,0,264.13,normal,centro,despejado,9,alto,bicicleta
ENV-002935,1.99,0.15,8.8,9.6,7.8,0.66,0,0,1570.36,express,centro,lluvia,14,alto,moto
ENV-002936,5.77,1.32,24.2,15.6,11.6,4.38,0,0,2323.44,normal,residencial,despejado,22,medio,moto
ENV-002937,3.76,1.07,36.1,24.1,9.5,8.27,0,0,667.82,normal,residencial,despejado,15,bajo,bicicleta
ENV-002938,6.26,2.11,40.0,16.3,19.3,12.58,0,0,2060.18,normal,residencial,despejado,22,medio,moto
ENV-002939,2.65,2.31,29.7,21.6,27.2,17.45,0,0,2827.9,normal,centro,despejado,12,medio,bicicleta
ENV-002940,11.85,0.15,15.3,8.3,7.5,0.95,0,1,16692.71,normal,residencial,lluvia,22,medio,camioneta
ENV-002941,8.86,3.0,16.9,16.9,16.5,4.71,0,0,1430.05,express,residencial,despejado,13,alto,moto
ENV-002942,46.31,0.42,21.9,11.1,11.1,2.7,0,0,491.11,mismo_dia,rural,despejado,9,alto,camioneta
ENV-002943,6.9,1.72,31.7,19.5,12.4,7.67,0,0,715.54,mismo_dia,residencial,despejado,19,medio,dron
ENV-002944,20.02,0.63,16.8,15.6,16.3,4.27,0,0,1539.38,normal,periferia,despejado,4,alto,moto
ENV-002945,1.03,6.5,51.6,30.0,24.4,37.77,0,0,64.26,normal,centro,lluvia,14,alto,moto
ENV-002946,7.73,3.02,48.0,21.7,21.9,22.81,0,0,4196.4,mismo_dia,residencial,despejado,16,bajo,moto
ENV-002947,24.43,0.83,25.3,15.5,15.5,6.08,1,0,1395.36,normal,periferia,despejado,8,bajo,moto
ENV-002948,4.29,38.58,91.7,55.5,34.7,176.6,0,0,1171.68,normal,centro,despejado,11,bajo,camioneta
ENV-002949,9.07,0.5,20.9,14.2,6.3,1.87,1,0,818.19,mismo_dia,residencial,viento_fuerte,6,bajo,moto
ENV-002950,7.16,3.1,50.2,27.7,17.2,23.92,0,1,282.9,normal,periferia,despejado,16,bajo,camioneta
ENV-002951,2.4,3.78,21.9,17.1,15.4,5.77,1,0,116.28,normal,centro,despejado,10,medio,bicicleta
ENV-002952,11.26,1.31,32.5,20.4,15.4,10.21,0,0,239.92,normal,residencial,despejado,20,alto,dron
ENV-002953,17.04,1.24,25.0,21.2,16.8,8.9,0,0,6930.6,express,periferia,lluvia,10,alto,moto
ENV-002954,1.47,2.47,38.4,23.0,15.2,13.42,1,0,421.05,mismo_dia,centro,despejado,18,medio,bicicleta
ENV-002955,5.77,0.38,15.9,16.2,11.4,2.94,0,0,506.07,express,centro,viento_fuerte,11,bajo,bicicleta
ENV-002956,2.17,1.71,18.7,11.2,19.2,4.02,0,0,4568.35,express,centro,despejado,13,alto,bicicleta
ENV-002957,3.85,5.83,57.8,33.2,18.6,35.69,0,0,8141.31,normal,residencial,lluvia,17,bajo,moto
ENV-002958,5.73,7.82,35.9,27.2,13.9,13.57,0,0,2063.91,mismo_dia,residencial,despejado,18,alto,moto
ENV-002959,4.81,2.33,22.1,20.1,17.0,7.55,0,0,650.77,normal,centro,lluvia,13,alto,moto
ENV-002960,1.59,0.68,20.4,14.0,7.1,2.03,0,0,352.25,normal,centro,despejado,16,alto,bicicleta
ENV-002961,6.41,1.75,30.0,21.1,21.5,13.61,0,0,50,normal,residencial,despejado,7,alto,bicicleta
ENV-002962,8.56,0.79,27.2,14.3,12.7,4.94,0,0,376.45,normal,periferia,viento_fuerte,8,alto,moto
ENV-002963,9.41,0.91,17.8,12.6,9.3,2.09,0,0,2616.72,express,residencial,despejado,15,alto,dron
ENV-002964,4.65,24.76,85.7,51.0,36.8,160.84,1,0,513.94,normal,residencial,viento_fuerte,14,alto,camioneta
ENV-002965,7.29,0.64,21.7,10.0,8.6,1.87,0,0,266.56,normal,periferia,lluvia,12,bajo,moto
ENV-002966,10.27,9.05,69.4,39.7,25.0,68.88,1,0,597.48,express,residencial,lluvia,9,alto,moto
ENV-002967,5.6,5.94,31.4,23.7,24.7,18.38,1,0,2559.58,express,residencial,despejado,12,bajo,bicicleta
ENV-002968,2.27,1.0,31.7,17.2,14.6,7.96,1,0,27003.39,normal,centro,viento_fuerte,12,medio,bicicleta
ENV-002969,2.23,64.76,101.1,64.7,61.2,400.32,0,0,6225.51,normal,centro,lluvia,10,alto,camioneta
ENV-002970,11.43,2.43,43.5,26.7,16.3,18.93,0,0,781.93,normal,residencial,despejado,16,bajo,moto
ENV-002971,18.46,2.1,29.9,20.7,22.0,13.62,0,0,181.57,express,periferia,despejado,17,alto,moto
ENV-002972,8.25,1.37,22.7,16.9,21.9,8.4,0,0,1147.81,express,residencial,despejado,7,bajo,dron
ENV-002973,12.79,1.27,25.2,16.4,8.0,3.31,0,0,2063.99,express,residencial,despejado,8,alto,dron
ENV-002974,3.33,8.02,55.9,27.5,28.4,43.66,0,0,509.28,normal,centro,despejado,9,alto,moto
ENV-002975,1.91,22.41,75.2,51.8,36.4,141.79,0,0,419.69,express,centro,despejado,14,medio,camioneta
ENV-002976,4.64,1.17,15.0,11.8,18.4,3.26,0,0,143.92,express,residencial,lluvia,13,medio,moto
ENV-002977,4.23,2.9,33.3,21.5,20.7,14.82,0,0,712.01,mismo_dia,residencial,despejado,15,alto,moto
ENV-002978,10.7,1.56,32.2,13.9,15.4,6.89,0,0,1088.35,normal,periferia,despejado,10,medio,dron
ENV-002979,4.88,0.87,18.6,13.6,16.4,4.15,0,0,2717.91,normal,residencial,despejado,17,bajo,bicicleta
ENV-002980,1.13,11.26,40.1,33.3,42.2,56.35,1,0,299.47,normal,centro,despejado,17,medio,moto
ENV-002981,20.83,0.82,23.8,19.1,10.5,4.77,1,1,831.22,mismo_dia,periferia,lluvia,17,bajo,camioneta
ENV-002982,6.69,0.2,12.5,10.3,8.0,1.03,0,0,220.58,normal,residencial,lluvia,6,bajo,moto
ENV-002983,4.93,11.95,48.5,47.9,29.2,67.84,0,0,286.12,express,residencial,despejado,21,medio,moto
ENV-002984,2.61,1.26,28.0,24.6,13.1,9.02,0,0,5763.66,normal,centro,lluvia,8,alto,moto
ENV-002985,25.94,0.7,24.7,16.7,12.9,5.32,0,0,953.28,express,periferia,viento_fuerte,13,alto,camioneta
ENV-002986,6.48,2.47,42.3,29.4,11.9,14.8,1,1,404.51,mismo_dia,residencial,despejado,6,medio,camioneta
ENV-002987,8.22,3.14,32.2,22.9,15.9,11.72,0,0,844.87,normal,residencial,despejado,8,medio,moto
ENV-002988,26.6,3.36,38.1,21.5,11.9,9.75,0,0,809.81,normal,rural,despejado,20,medio,moto
ENV-002989,6.75,2.27,34.6,22.0,19.3,14.69,0,0,243.69,normal,residencial,despejado,16,medio,bicicleta
ENV-002990,10.35,1.05,30.3,19.9,10.5,6.33,0,0,172.89,express,residencial,lluvia,5,bajo,moto
ENV-002991,7.61,0.63,18.1,11.8,20.4,4.36,0,0,165.09,express,residencial,lluvia,22,bajo,moto
ENV-002992,12.9,1.25,32.7,21.9,11.7,8.38,0,0,438.8,express,periferia,despejado,11,medio,dron
ENV-002993,5.37,0.54,17.2,18.1,11.6,3.61,0,0,622.77,mismo_dia,residencial,despejado,12,bajo,dron
ENV-002994,2.48,0.64,17.7,12.4,7.1,1.56,0,0,156.75,express,centro,despejado,13,alto,bicicleta
ENV-002995,6.59,0.43,19.3,14.2,7.3,2.0,0,0,3746.24,express,residencial,despejado,12,medio,dron
ENV-002996,2.54,0.5,25.7,15.3,9.7,3.81,0,0,252.3,normal,centro,despejado,21,bajo,moto
ENV-002997,5.2,2.56,28.9,17.0,22.1,10.86,0,0,300.67,express,centro,viento_fuerte,15,alto,bicicleta
ENV-002998,24.71,1.53,26.2,16.9,9.8,4.34,0,0,711.96,normal,periferia,lluvia,16,bajo,moto
ENV-002999,13.78,20.52,69.6,48.4,25.8,86.91,0,0,970.0,express,residencial,despejado,12,bajo,moto
ENV-003000,1.94,22.99,91.8,63.5,30.3,176.63,0,0,466.7,normal,centro,despejado,10,bajo,camioneta
ENV-003001,3.26,0.93,15.9,11.8,9.3,1.74,0,0,472.78,normal,centro,lluvia,8,alto,moto
ENV-003002,26.2,4.75,43.9,23.5,20.6,21.25,1,0,919.75,normal,periferia,lluvia,17,bajo,moto
ENV-003003,23.81,1.02,17.9,20.9,14.1,5.27,1,0,289.11,normal,periferia,despejado,11,bajo,moto
ENV-003004,45.82,2.52,35.3,27.1,16.0,15.31,0,0,791.38,normal,rural,viento_fuerte,14,alto,camioneta
ENV-003005,3.17,4.92,46.7,35.4,20.2,33.39,0,1,4598.16,mismo_dia,centro,viento_fuerte,8,medio,camioneta
ENV-003006,7.83,2.07,22.7,15.2,25.5,8.8,0,0,372.81,express,residencial,despejado,18,alto,dron
ENV-003007,3.42,0.68,29.3,19.8,8.3,4.82,0,0,2997.3,normal,residencial,lluvia,19,alto,moto
ENV-003008,22.62,1.83,26.7,23.7,16.0,10.12,0,0,2840.98,mismo_dia,rural,despejado,11,bajo,moto
ENV-003009,1.38,25.08,99.9,63.6,30.5,193.79,0,0,891.59,normal,centro,despejado,12,alto,camioneta
ENV-003010,8.08,0.37,24.1,15.2,7.7,2.82,1,0,184.9,express,residencial,despejado,6,medio,dron
ENV-003011,10.66,0.74,22.9,14.2,7.5,2.44,0,0,2955.94,express,periferia,lluvia,15,alto,moto
ENV-003012,3.08,3.1,36.8,23.5,26.7,23.09,0,0,6197.53,express,centro,despejado,16,bajo,bicicleta
ENV-003013,7.7,22.31,58.1,43.9,48.1,122.68,1,0,475.27,normal,residencial,despejado,20,medio,camioneta
ENV-003014,2.52,0.9,24.6,16.1,13.1,5.19,0,0,50,normal,centro,despejado,14,medio,bicicleta
ENV-003015,3.09,8.53,32.5,25.5,24.9,20.64,1,0,124.56,normal,centro,lluvia,21,medio,moto
ENV-003016,2.47,1.18,36.9,23.4,10.5,9.07,0,0,601.96,normal,centro,despejado,20,medio,bicicleta
ENV-003017,7.16,3.53,31.4,16.3,13.0,6.65,1,0,418.48,mismo_dia,residencial,lluvia,11,bajo,camioneta
ENV-003018,24.89,20.14,57.7,53.4,42.2,130.03,1,0,5852.98,express,rural,despejado,9,medio,camioneta
ENV-003019,2.37,1.52,20.3,18.7,17.2,6.53,0,0,12637.47,normal,centro,despejado,12,bajo,bicicleta
ENV-003020,1.78,0.39,11.1,12.1,8.1,1.09,0,0,4191.14,express,centro,despejado,10,bajo,moto
ENV-003021,7.71,0.59,16.3,7.8,8.2,1.04,0,0,381.77,express,residencial,despejado,10,medio,dron
ENV-003022,37.87,31.64,67.8,47.7,44.1,142.62,1,0,932.77,normal,rural,despejado,12,medio,camioneta
ENV-003023,3.42,0.39,20.8,10.7,7.4,1.65,0,0,4337.34,normal,residencial,viento_fuerte,18,alto,bicicleta
ENV-003024,4.48,0.57,17.1,13.9,6.7,1.59,0,0,1954.38,normal,centro,despejado,19,medio,bicicleta
ENV-003025,18.57,4.75,40.0,17.9,21.4,15.32,0,0,153.59,express,periferia,despejado,14,alto,moto
ENV-003026,6.13,0.52,22.8,18.8,9.2,3.94,0,0,396.81,normal,residencial,lluvia,8,alto,moto
ENV-003027,8.91,1.17,28.5,16.8,13.4,6.42,0,0,229.06,normal,residencial,despejado,17,medio,dron
ENV-003028,2.81,0.86,27.7,19.4,9.8,5.27,1,0,1390.74,normal,centro,despejado,6,medio,bicicleta
ENV-003029,5.45,1.41,30.4,15.4,17.5,8.19,0,0,1793.17,express,residencial,viento_fuerte,18,alto,bicicleta
ENV-003030,5.14,0.7,22.1,13.0,13.4,3.85,0,0,2006.49,express,residencial,lluvia,13,alto,moto
ENV-003031,5.68,2.36,22.9,17.5,17.5,7.01,0,1,1130.5,normal,residencial,despejado,18,alto,camioneta
ENV-003032,3.22,0.55,18.7,11.6,16.8,3.64,0,1,175.37,normal,residencial,despejado,7,medio,camioneta
ENV-003033,6.92,2.49,34.0,21.0,23.5,16.78,0,0,610.67,normal,residencial,viento_fuerte,9,alto,bicicleta
ENV-003034,27.66,4.69,55.7,28.4,20.1,31.8,0,0,1243.92,normal,periferia,lluvia,12,bajo,moto
ENV-003035,8.27,68.16,121.5,57.8,56.9,399.59,1,0,7354.57,mismo_dia,periferia,viento_fuerte,9,alto,camioneta
ENV-003036,3.99,2.62,27.5,25.2,22.7,15.73,0,0,6239.39,normal,residencial,despejado,22,bajo,moto
ENV-003037,3.74,0.68,27.6,12.5,11.5,3.97,0,0,206.8,express,centro,despejado,15,medio,bicicleta
ENV-003038,8.95,9.56,49.7,40.5,21.7,43.68,1,1,544.35,express,residencial,despejado,14,alto,camioneta
ENV-003039,4.84,50.22,122.7,54.7,58.2,390.62,0,0,3422.05,normal,centro,despejado,16,bajo,camioneta
ENV-003040,8.8,7.92,50.2,31.8,21.8,34.8,1,0,451.4,express,residencial,despejado,18,alto,moto
ENV-003041,12.37,1.14,26.8,14.2,18.0,6.85,0,0,137.88,normal,periferia,despejado,13,bajo,dron
ENV-003042,32.2,0.77,16.9,14.2,16.2,3.89,0,0,121.02,normal,rural,despejado,11,bajo,moto
ENV-003043,3.55,6.55,39.5,40.3,24.3,38.68,0,0,401.61,mismo_dia,residencial,despejado,16,bajo,bicicleta
ENV-003044,22.19,2.91,23.3,18.5,16.5,7.11,0,0,1320.23,normal,periferia,despejado,9,medio,moto
ENV-003045,7.97,1.84,23.5,17.2,21.5,8.69,0,0,2407.25,normal,residencial,despejado,18,medio,dron
ENV-003046,26.63,7.53,50.3,27.2,32.1,43.92,0,0,710.31,mismo_dia,rural,despejado,13,alto,moto
ENV-003047,1.92,3.88,26.6,15.7,21.0,8.77,0,0,10781.05,express,centro,despejado,16,bajo,bicicleta
ENV-003048,4.36,10.05,45.2,28.6,44.4,57.4,0,0,405.12,normal,centro,lluvia,8,alto,moto
ENV-003049,2.55,2.15,17.0,19.7,13.4,4.49,0,0,926.45,normal,centro,viento_fuerte,12,bajo,bicicleta
ENV-003050,1.97,0.18,13.4,7.5,10.1,1.02,0,0,910.32,mismo_dia,centro,viento_fuerte,14,alto,bicicleta
ENV-003051,6.78,0.15,9.9,9.4,6.2,0.58,0,0,1743.0,express,residencial,despejado,20,medio,dron
ENV-003052,9.31,1.87,26.6,13.5,14.6,5.24,0,0,1041.28,normal,residencial,lluvia,23,alto,moto
ENV-003053,4.99,1.77,26.9,25.4,17.8,12.16,0,0,1601.21,express,centro,despejado,16,alto,bicicleta
ENV-003054,0.86,63.68,78.6,68.0,74.9,400.33,0,0,76.2,express,centro,despejado,12,alto,camioneta
ENV-003055,24.58,2.0,21.5,20.0,17.1,7.35,0,0,4181.73,express,rural,despejado,9,alto,moto
ENV-003056,7.2,5.08,53.5,38.7,19.2,39.75,0,0,3811.48,express,residencial,despejado,7,medio,moto
ENV-003057,6.29,3.19,30.2,27.0,24.3,19.81,0,0,415.06,express,residencial,despejado,17,medio,bicicleta
ENV-003058,8.67,2.08,23.1,16.4,26.1,9.89,1,0,269.99,mismo_dia,residencial,despejado,17,alto,dron
ENV-003059,13.57,1.12,23.5,17.2,9.0,3.64,0,0,995.39,express,periferia,despejado,2,bajo,moto
ENV-003060,3.2,0.55,14.4,12.9,8.7,1.62,1,0,2256.23,normal,centro,lluvia,16,bajo,bicicleta
ENV-003061,3.69,3.09,28.2,27.3,17.4,13.4,1,0,143.21,normal,residencial,lluvia,11,bajo,bicicleta
ENV-003062,5.52,1.28,17.9,17.5,17.3,5.42,0,0,318.92,normal,residencial,despejado,13,medio,bicicleta
ENV-003063,5.85,1.08,23.0,16.8,14.1,5.45,0,0,559.26,express,residencial,despejado,11,medio,dron
ENV-003064,7.91,1.56,22.2,13.1,15.6,4.54,1,0,99.47,mismo_dia,residencial,despejado,8,alto,dron
ENV-003065,22.94,2.48,24.2,20.2,15.9,7.77,0,0,2994.36,express,periferia,despejado,18,medio,moto
ENV-003066,2.77,3.18,31.6,14.4,16.7,7.6,0,0,150.38,mismo_dia,centro,despejado,7,alto,bicicleta
ENV-003067,16.64,8.05,29.7,26.9,23.8,19.01,0,0,6184.01,express,periferia,despejado,13,alto,moto
ENV-003068,10.88,2.21,23.9,19.0,18.3,8.31,0,0,262.26,mismo_dia,residencial,despejado,16,bajo,dron
ENV-003069,12.65,1.24,19.8,11.4,17.1,3.86,0,0,500.89,express,periferia,despejado,15,medio,dron
ENV-003070,5.2,3.01,18.4,14.0,23.3,6.0,0,0,1009.41,normal,residencial,despejado,21,medio,moto
ENV-003071,4.85,1.13,27.6,20.6,15.7,8.93,0,0,729.63,normal,residencial,despejado,10,bajo,bicicleta
ENV-003072,15.49,2.0,35.9,24.7,10.3,9.13,0,0,757.58,normal,periferia,despejado,8,alto,moto
ENV-003073,8.16,1.92,30.6,21.4,16.4,10.74,0,0,1871.66,normal,residencial,viento_fuerte,7,alto,moto
ENV-003074,28.74,1.26,22.3,21.4,14.4,6.87,0,0,1644.22,express,rural,viento_fuerte,13,alto,moto
ENV-003075,13.76,9.07,45.2,29.3,18.5,24.5,0,0,5433.87,mismo_dia,residencial,despejado,14,alto,moto
ENV-003076,9.84,1.36,26.3,17.2,8.1,3.66,0,0,876.28,express,periferia,viento_fuerte,6,bajo,moto
ENV-003077,14.43,0.29,10.5,7.2,12.1,0.91,0,0,3127.07,normal,periferia,despejado,11,bajo,dron
ENV-003078,36.24,2.54,38.9,25.3,14.1,13.88,1,0,306.77,normal,rural,lluvia,16,alto,moto
ENV-003079,4.35,2.76,31.4,18.5,31.6,18.36,0,0,113.22,express,centro,despejado,16,bajo,bicicleta
ENV-003080,12.82,3.36,24.3,22.0,15.8,8.45,1,0,2811.33,normal,periferia,lluvia,15,medio,moto
ENV-003081,3.17,0.86,14.4,14.7,11.2,2.37,0,0,673.58,normal,centro,viento_fuerte,23,medio,moto
ENV-003082,9.49,5.01,34.5,23.6,36.9,30.04,0,0,3074.8,normal,residencial,viento_fuerte,14,medio,moto
ENV-003083,7.78,0.67,18.3,11.8,8.3,1.79,0,0,2008.18,express,residencial,lluvia,15,bajo,moto
ENV-003084,3.23,1.56,25.1,13.5,17.2,5.83,1,0,1090.45,express,centro,despejado,20,alto,bicicleta
ENV-003085,2.68,2.69,48.4,30.4,14.2,20.89,0,0,306.98,mismo_dia,centro,lluvia,19,alto,moto
ENV-003086,7.55,1.88,31.1,14.6,15.6,7.08,0,0,1529.74,normal,residencial,lluvia,0,medio,moto
ENV-003087,9.1,5.98,28.0,24.2,14.2,9.62,0,0,74.66,normal,residencial,despejado,20,alto,moto
ENV-003088,22.54,21.94,57.3,38.8,35.3,78.48,0,0,6011.99,normal,periferia,despejado,15,alto,moto
ENV-003089,11.67,0.55,22.1,12.0,14.9,3.95,0,0,1126.86,express,periferia,despejado,7,bajo,dron
ENV-003090,1.99,0.76,23.8,9.5,10.2,2.31,0,0,4174.71,normal,centro,despejado,21,medio,moto
ENV-003091,5.14,2.99,24.8,22.8,14.0,7.92,0,0,183.0,mismo_dia,centro,lluvia,17,alto,moto
ENV-003092,5.59,0.54,15.7,14.5,8.9,2.03,0,0,316.04,normal,residencial,despejado,18,alto,bicicleta
ENV-003093,12.4,1.31,28.4,22.3,13.3,8.42,1,0,2133.27,express,residencial,despejado,19,medio,dron
ENV-003094,4.19,0.64,20.6,11.0,13.3,3.01,0,0,235.48,mismo_dia,centro,despejado,10,bajo,bicicleta
ENV-003095,3.74,0.58,19.5,16.8,11.1,3.64,0,0,1278.54,normal,centro,despejado,20,medio,bicicleta
ENV-003096,38.92,1.3,24.2,17.2,15.9,6.62,0,0,1332.52,normal,rural,viento_fuerte,17,alto,moto
ENV-003097,10.29,37.57,67.2,51.3,65.4,225.46,0,0,14089.19,normal,residencial,despejado,11,medio,camioneta
ENV-003098,6.08,0.4,17.1,10.9,6.1,1.14,0,0,11334.64,mismo_dia,residencial,despejado,10,medio,dron
ENV-003099,11.56,4.67,26.4,26.6,19.7,13.83,1,0,665.17,express,residencial,despejado,11,bajo,moto
ENV-003100,4.48,1.15,28.0,19.0,13.7,7.29,0,0,364.4,express,residencial,viento_fuerte,16,medio,bicicleta
ENV-003101,14.71,2.54,24.3,16.6,14.4,5.81,0,0,93.32,normal,periferia,despejado,4,bajo,moto
ENV-003102,2.3,0.37,21.6,9.5,8.8,1.81,1,0,4878.06,normal,centro,despejado,7,bajo,bicicleta
ENV-003103,5.8,0.5,24.9,15.5,8.6,3.32,0,0,125.99,normal,residencial,despejado,18,alto,bicicleta
ENV-003104,54.22,0.12,13.1,7.0,9.2,0.84,0,0,202.72,normal,rural,despejado,17,alto,camioneta
ENV-003105,2.01,22.48,57.4,50.4,39.2,113.4,0,0,294.56,mismo_dia,centro,despejado,19,medio,camioneta
ENV-003106,8.53,2.24,26.2,20.2,23.6,12.49,0,0,201.15,normal,residencial,despejado,13,alto,moto
ENV-003107,52.62,0.32,20.8,12.2,6.8,1.73,0,0,861.53,normal,rural,lluvia,15,medio,camioneta
ENV-003108,2.25,0.51,21.2,11.3,15.5,3.71,0,0,1263.84,express,centro,lluvia,18,alto,moto
ENV-003109,4.12,1.45,26.6,18.5,22.2,10.92,0,1,3490.92,express,residencial,despejado,9,alto,camioneta
ENV-003110,2.55,2.3,26.5,19.8,11.7,6.14,0,0,1301.52,express,centro,viento_fuerte,18,medio,bicicleta
ENV-003111,6.83,4.36,46.9,33.2,15.3,23.82,1,0,2299.04,express,residencial,viento_fuerte,20,alto,bicicleta
ENV-003112,9.29,4.16,33.3,16.0,15.7,8.36,0,0,1632.38,express,residencial,despejado,20,alto,camioneta
ENV-003113,13.28,1.91,27.0,17.8,18.6,8.94,0,0,220.56,normal,periferia,lluvia,18,medio,moto
ENV-003114,0.37,1.56,26.0,23.4,18.2,11.07,0,0,879.1,express,centro,despejado,15,medio,bicicleta
ENV-003115,20.38,1.72,18.7,16.8,10.3,3.24,0,0,1669.34,express,rural,lluvia,14,alto,moto
ENV-003116,7.08,5.38,35.6,21.9,31.5,24.56,0,0,323.4,normal,residencial,despejado,11,alto,moto
ENV-003117,5.07,1.04,21.8,14.1,6.9,2.12,0,0,644.58,mismo_dia,residencial,despejado,9,medio,dron
ENV-003118,7.24,1.02,13.9,8.7,12.9,1.56,0,0,68.5,normal,residencial,despejado,3,medio,moto
ENV-003119,6.98,2.37,35.4,29.8,16.7,17.62,0,0,439.32,normal,residencial,viento_fuerte,8,medio,bicicleta
ENV-003120,2.1,3.55,30.6,21.8,25.9,17.28,1,0,1190.39,normal,centro,despejado,12,bajo,bicicleta
ENV-003121,6.12,3.34,22.8,24.0,16.3,8.92,1,0,2680.78,normal,residencial,despejado,6,medio,bicicleta
ENV-003122,2.68,0.95,18.7,15.6,16.5,4.81,0,0,731.25,normal,centro,despejado,7,alto,bicicleta
ENV-003123,1.16,1.06,33.4,23.1,10.1,7.79,0,0,263.83,express,centro,despejado,4,medio,moto
ENV-003124,11.78,0.86,30.1,16.2,10.4,5.07,0,0,165.8,express,residencial,viento_fuerte,19,alto,moto
ENV-003125,2.79,10.47,44.5,47.2,31.7,66.58,0,0,969.28,express,centro,despejado,16,alto,moto
ENV-003126,20.84,1.72,29.4,18.1,10.5,5.59,0,0,1022.23,express,rural,despejado,14,bajo,moto
ENV-003127,8.78,2.58,29.6,17.5,22.7,11.76,0,0,956.45,express,residencial,despejado,8,medio,moto
ENV-003128,5.77,2.07,34.0,15.2,14.5,7.49,0,0,970.38,normal,residencial,despejado,16,bajo,bicicleta
ENV-003129,2.35,1.74,33.1,16.7,13.3,7.35,1,0,72.3,mismo_dia,centro,despejado,13,medio,bicicleta
ENV-003130,1.87,0.53,23.9,15.2,8.7,3.16,0,0,118.58,express,centro,lluvia,17,bajo,moto
ENV-003131,3.9,73.35,111.5,54.5,65.8,399.85,0,0,1128.71,normal,centro,lluvia,22,alto,camioneta
ENV-003132,12.44,11.33,64.9,35.3,33.0,75.6,0,0,499.33,mismo_dia,periferia,despejado,5,medio,moto
ENV-003133,7.7,0.93,25.0,15.9,16.3,6.48,0,0,2857.59,normal,residencial,lluvia,14,alto,moto
ENV-003134,5.98,3.31,34.4,25.2,28.3,24.53,0,0,197.29,normal,residencial,despejado,17,bajo,bicicleta
ENV-003135,28.56,1.44,17.4,13.9,12.0,2.9,0,0,1061.8,normal,rural,viento_fuerte,17,bajo,moto
ENV-003136,10.63,0.51,22.3,13.9,7.1,2.2,0,0,837.23,normal,residencial,despejado,12,medio,dron
ENV-003137,1.71,71.5,94.5,46.1,39.9,173.82,0,0,4494.56,normal,residencial,despejado,18,alto,camioneta
ENV-003138,0.65,4.03,40.5,26.9,22.1,24.08,0,0,68.48,express,centro,despejado,11,bajo,bicicleta
ENV-003139,10.97,0.91,17.7,12.4,13.6,2.98,0,0,820.79,normal,residencial,despejado,19,alto,dron
ENV-003140,5.39,3.32,27.9,14.4,19.5,7.83,0,0,1375.26,normal,centro,despejado,20,alto,bicicleta
ENV-003141,1.88,2.79,29.5,19.4,28.8,16.48,0,0,4400.84,normal,residencial,despejado,8,medio,bicicleta
ENV-003142,13.28,0.42,22.3,13.7,10.8,3.3,0,0,293.27,normal,residencial,viento_fuerte,7,alto,moto
ENV-003143,10.64,2.85,45.8,18.0,20.3,16.74,0,0,428.83,normal,periferia,lluvia,8,bajo,moto
ENV-003144,43.78,0.29,16.6,7.2,8.1,0.97,0,0,1182.09,mismo_dia,rural,despejado,9,medio,camioneta
ENV-003145,14.15,1.63,33.9,20.2,18.2,12.46,1,0,271.82,express,residencial,viento_fuerte,8,alto,moto
ENV-003146,2.68,1.59,26.7,20.3,22.2,12.03,0,0,2697.58,normal,centro,lluvia,15,alto,moto
ENV-003147,28.27,0.79,26.4,18.4,12.2,5.93,0,0,1581.57,normal,periferia,despejado,15,medio,moto
ENV-003148,21.77,6.15,31.9,22.7,14.9,10.79,0,0,3485.54,mismo_dia,periferia,despejado,21,bajo,moto
ENV-003149,10.33,2.94,33.7,22.0,19.3,14.31,0,1,409.05,express,periferia,viento_fuerte,16,bajo,camioneta
ENV-003150,13.07,0.56,21.1,12.0,13.7,3.47,0,0,3741.45,express,periferia,despejado,5,bajo,moto
ENV-003151,6.6,2.49,42.7,22.8,18.6,18.11,0,0,663.03,express,residencial,lluvia,6,medio,moto
ENV-003152,10.03,0.42,15.1,12.6,11.0,2.09,0,0,3013.61,mismo_dia,residencial,despejado,18,alto,dron
ENV-003153,2.85,0.9,22.1,16.0,7.5,2.65,0,0,926.69,normal,centro,despejado,12,bajo,bicicleta
ENV-003154,4.73,1.08,19.2,15.4,18.1,5.35,0,0,126.56,normal,centro,lluvia,9,medio,moto
ENV-003155,42.24,1.82,28.6,22.5,12.5,8.04,0,0,1036.08,normal,rural,despejado,19,alto,camioneta
ENV-003156,6.91,0.29,13.4,12.4,8.1,1.35,0,0,2496.4,express,residencial,lluvia,1,bajo,moto
ENV-003157,13.04,2.11,28.2,20.6,20.4,11.85,0,0,3385.42,normal,periferia,viento_fuerte,11,medio,moto
ENV-003158,8.27,0.86,24.8,16.8,8.3,3.46,0,0,698.23,express,residencial,despejado,10,medio,dron
ENV-003159,4.11,0.12,14.6,10.8,5.4,0.85,0,0,1163.6,express,centro,despejado,9,medio,bicicleta
ENV-003160,5.23,11.51,50.0,44.3,29.3,64.9,0,0,2462.47,normal,residencial,viento_fuerte,7,alto,moto
ENV-003161,13.36,0.3,13.8,12.5,7.6,1.31,0,0,1873.64,mismo_dia,periferia,lluvia,14,alto,moto
ENV-003162,9.21,4.39,49.0,23.4,18.2,20.87,0,0,6418.17,mismo_dia,residencial,lluvia,16,medio,camioneta
ENV-003163,17.7,0.48,11.6,9.5,11.5,1.27,1,0,1571.6,normal,periferia,despejado,9,medio,moto
ENV-003164,5.84,0.94,21.4,18.4,15.9,6.26,0,0,204.54,normal,residencial,lluvia,15,alto,moto
ENV-003165,6.64,4.09,34.1,24.2,19.0,15.68,0,0,3307.88,mismo_dia,residencial,lluvia,12,medio,moto
ENV-003166,5.52,1.89,29.3,24.1,13.0,9.18,0,0,671.75,normal,centro,despejado,7,bajo,bicicleta
ENV-003167,18.78,0.36,13.4,8.9,7.2,0.86,0,0,677.22,mismo_dia,periferia,despejado,9,medio,moto
ENV-003168,4.26,6.23,41.5,34.2,32.4,45.99,0,0,222.76,mismo_dia,residencial,despejado,15,alto,moto
ENV-003169,6.89,1.99,38.9,23.3,14.4,13.05,1,1,2480.71,express,residencial,despejado,14,alto,camioneta
ENV-003170,1.52,0.53,21.0,9.4,8.8,1.74,0,0,485.96,normal,centro,despejado,14,medio,bicicleta
ENV-003171,20.13,0.6,21.2,14.0,15.3,4.54,0,0,882.0,normal,periferia,despejado,12,alto,moto
ENV-003172,6.66,0.74,17.3,13.4,20.5,4.75,0,0,497.35,express,residencial,lluvia,12,bajo,moto
ENV-003173,8.23,0.72,27.0,17.0,8.6,3.95,0,0,131.47,mismo_dia,residencial,despejado,17,alto,dron
ENV-003174,1.7,5.43,24.5,18.8,26.4,12.16,0,0,2470.92,express,centro,viento_fuerte,9,alto,bicicleta
ENV-003175,16.6,43.69,101.4,57.1,39.1,226.39,0,0,645.5,express,periferia,despejado,10,bajo,camioneta
ENV-003176,10.41,4.22,26.7,20.9,28.4,15.85,0,0,4511.16,normal,residencial,despejado,15,medio,moto
ENV-003177,3.29,2.62,32.5,19.2,15.6,9.73,0,0,488.18,normal,centro,lluvia,19,bajo,moto
ENV-003178,1.79,0.28,16.1,11.7,6.5,1.22,1,0,319.85,normal,centro,despejado,10,medio,bicicleta
ENV-003179,4.82,20.97,91.4,49.3,32.9,148.25,0,0,1582.07,express,centro,despejado,17,bajo,camioneta
ENV-003180,8.31,0.5,22.5,15.2,10.3,3.52,0,0,444.99,normal,periferia,viento_fuerte,14,alto,moto
ENV-003181,9.83,6.01,48.4,26.6,16.0,20.6,0,0,4793.7,express,residencial,lluvia,14,alto,moto
ENV-003182,5.14,1.9,32.1,17.5,12.0,6.74,0,0,531.48,express,centro,despejado,6,medio,bicicleta
ENV-003183,4.0,2.3,43.4,28.0,12.4,15.07,0,0,11833.45,normal,residencial,viento_fuerte,8,bajo,bicicleta
ENV-003184,21.63,1.23,14.8,11.9,11.4,2.01,0,1,4127.66,express,rural,despejado,2,medio,camioneta
ENV-003185,5.61,0.71,25.3,19.3,10.0,4.88,0,0,933.21,normal,residencial,despejado,12,medio,moto
ENV-003186,18.54,2.83,20.2,19.5,18.9,7.44,0,0,521.97,normal,periferia,despejado,19,alto,moto
ENV-003187,7.31,1.99,33.2,27.3,15.3,13.87,0,0,1049.8,mismo_dia,residencial,despejado,7,medio,moto
ENV-003188,8.41,9.0,36.3,33.2,28.3,34.11,0,1,1422.16,normal,residencial,despejado,13,medio,camioneta
ENV-003189,4.17,9.5,58.2,28.0,27.6,44.98,0,0,572.24,normal,residencial,lluvia,13,alto,moto
ENV-003190,2.11,41.18,111.5,56.4,51.2,321.98,0,0,2891.52,normal,centro,despejado,15,alto,camioneta
ENV-003191,18.38,10.16,38.4,28.3,34.3,37.27,0,0,3385.78,normal,periferia,despejado,11,medio,moto
ENV-003192,14.35,0.88,20.4,12.0,7.9,1.93,1,0,1639.73,express,residencial,lluvia,12,bajo,moto
ENV-003193,6.08,1.43,24.4,20.1,17.5,8.58,0,0,2757.73,normal,residencial,despejado,10,medio,bicicleta
ENV-003194,29.41,1.06,21.7,18.7,19.6,7.95,0,0,2034.54,express,rural,despejado,12,alto,moto
ENV-003195,32.95,5.69,31.1,21.1,13.2,8.66,0,0,2576.88,normal,rural,despejado,14,alto,moto
ENV-003196,8.37,2.98,31.2,21.7,18.2,12.32,0,0,1679.06,express,residencial,despejado,5,medio,moto
ENV-003197,10.08,1.69,37.3,17.1,19.1,12.18,0,0,938.47,express,residencial,despejado,16,bajo,moto
ENV-003198,3.7,7.5,40.0,41.2,29.9,49.28,1,0,737.06,mismo_dia,residencial,lluvia,6,bajo,moto
ENV-003199,9.65,7.53,40.1,41.8,32.2,53.97,1,0,998.62,express,residencial,despejado,12,alto,moto
ENV-003200,17.58,0.26,17.7,10.5,5.9,1.1,0,0,3306.07,normal,periferia,lluvia,18,medio,moto
ENV-003201,23.15,6.68,32.4,21.3,24.7,17.05,0,1,260.61,express,periferia,lluvia,11,medio,camioneta
ENV-003202,15.41,0.71,17.1,16.2,17.8,4.93,0,0,1035.08,normal,periferia,despejado,14,alto,moto
ENV-003203,3.85,7.29,61.0,33.5,24.1,49.25,0,0,14783.04,express,centro,despejado,7,alto,moto
ENV-003204,11.54,3.13,24.6,23.6,20.6,11.96,1,0,477.26,normal,residencial,viento_fuerte,14,alto,moto
ENV-003205,12.5,0.47,21.4,11.0,11.6,2.73,1,0,1615.78,normal,periferia,despejado,8,medio,dron
ENV-003206,16.27,9.03,42.8,27.2,28.3,32.95,1,0,1206.78,express,periferia,despejado,13,alto,camioneta
ENV-003207,5.61,0.19,11.9,13.0,9.0,1.39,0,0,173.26,mismo_dia,residencial,despejado,22,medio,moto
ENV-003208,18.14,1.04,19.6,14.8,11.0,3.19,0,0,261.31,normal,periferia,despejado,11,medio,moto
ENV-003209,2.26,0.25,10.1,8.0,6.8,0.55,0,0,263.85,normal,centro,despejado,6,bajo,bicicleta
ENV-003210,5.98,1.29,26.5,13.0,9.9,3.41,1,0,301.37,normal,residencial,despejado,21,bajo,bicicleta
ENV-003211,2.6,40.71,61.8,42.2,53.8,140.31,0,0,9097.35,express,residencial,despejado,11,medio,camioneta
ENV-003212,14.1,3.39,35.1,23.5,9.2,7.59,1,0,818.42,express,periferia,despejado,16,bajo,moto
ENV-003213,9.02,2.46,22.8,16.4,13.6,5.09,0,0,4884.24,mismo_dia,residencial,despejado,12,bajo,dron
ENV-003214,49.89,1.12,20.5,18.9,10.6,4.11,0,0,761.6,normal,rural,despejado,15,alto,camioneta
ENV-003215,2.93,4.13,33.1,22.6,9.5,7.11,0,0,158.02,express,residencial,despejado,9,medio,bicicleta
ENV-003216,4.81,1.65,39.1,17.3,18.6,12.58,0,0,1059.93,mismo_dia,centro,despejado,15,alto,bicicleta
ENV-003217,7.67,1.99,33.1,25.6,13.1,11.1,0,0,228.81,normal,residencial,despejado,21,medio,moto
ENV-003218,13.01,0.84,18.0,12.6,20.3,4.6,1,0,635.62,express,residencial,despejado,12,bajo,dron
ENV-003219,10.23,0.5,22.7,11.4,10.5,2.72,1,0,969.57,normal,residencial,despejado,18,bajo,dron
ENV-003220,15.55,0.68,16.5,9.4,9.6,1.49,0,0,290.12,mismo_dia,periferia,despejado,19,bajo,moto
ENV-003221,2.83,0.78,23.5,15.4,12.7,4.6,1,0,719.06,mismo_dia,centro,despejado,9,alto,bicicleta
ENV-003222,2.06,0.64,29.8,19.4,8.5,4.91,0,0,1007.8,mismo_dia,centro,despejado,18,alto,bicicleta
ENV-003223,25.66,1.58,19.5,16.3,10.2,3.24,0,0,288.21,normal,periferia,lluvia,11,bajo,moto
ENV-003224,45.39,1.98,21.8,15.5,9.1,3.07,0,0,601.47,mismo_dia,rural,despejado,18,medio,camioneta
ENV-003225,1.38,29.41,97.4,59.0,32.1,184.47,0,0,504.53,normal,centro,lluvia,11,bajo,camioneta
ENV-003226,6.16,1.76,19.8,12.2,17.4,4.2,0,0,1020.77,normal,residencial,despejado,18,medio,bicicleta
ENV-003227,5.74,0.58,20.1,16.7,12.5,4.2,1,0,235.76,mismo_dia,residencial,despejado,11,medio,dron
ENV-003228,4.61,6.45,38.0,31.5,38.4,45.96,0,0,318.64,normal,residencial,despejado,13,alto,moto
ENV-003229,9.68,0.48,22.7,12.0,9.2,2.51,0,0,3780.12,normal,residencial,despejado,14,alto,dron
ENV-003230,2.65,1.17,24.8,15.0,24.4,9.08,0,0,695.83,normal,centro,lluvia,9,bajo,moto
ENV-003231,3.31,2.27,25.7,15.9,21.1,8.62,0,1,203.73,normal,centro,viento_fuerte,8,alto,camioneta
ENV-003232,12.81,2.65,28.2,19.9,15.1,8.47,0,0,153.61,express,periferia,lluvia,17,alto,moto
ENV-003233,8.17,57.92,104.7,76.3,34.4,274.81,1,0,780.45,mismo_dia,residencial,viento_fuerte,16,bajo,camioneta
ENV-003234,3.93,6.07,58.6,31.0,21.2,38.51,0,0,644.28,normal,residencial,despejado,11,bajo,bicicleta
ENV-003235,9.03,3.01,26.7,27.1,18.4,13.31,0,0,286.3,normal,periferia,viento_fuerte,10,bajo,moto
ENV-003236,3.65,5.68,35.5,39.0,32.0,44.3,0,0,3903.8,normal,residencial,despejado,22,bajo,moto
ENV-003237,9.52,1.39,31.5,20.5,11.1,7.17,0,0,225.67,express,residencial,lluvia,14,alto,moto
ENV-003238,3.25,4.49,40.9,27.7,30.5,34.55,1,0,83.22,normal,centro,despejado,17,bajo,bicicleta
ENV-003239,18.62,1.38,22.9,19.6,9.9,4.44,0,0,8790.81,express,periferia,despejado,14,alto,moto
ENV-003240,2.37,0.94,22.1,15.9,17.8,6.25,0,0,293.99,normal,residencial,despejado,12,bajo,bicicleta
ENV-003241,53.72,0.34,18.7,9.1,12.0,2.04,0,0,79.36,express,rural,despejado,12,bajo,camioneta
ENV-003242,14.03,1.32,19.4,10.6,12.5,2.57,1,1,442.98,normal,residencial,lluvia,14,alto,camioneta
ENV-003243,16.42,3.93,40.4,34.4,18.1,25.15,0,0,149.07,normal,periferia,despejado,15,medio,moto
ENV-003244,55.74,3.22,40.2,28.1,21.6,24.4,0,0,2306.65,normal,rural,despejado,22,medio,camioneta
ENV-003245,14.14,1.38,19.9,13.4,15.5,4.13,0,0,1598.48,normal,periferia,despejado,10,bajo,dron
ENV-003246,4.54,1.79,29.9,20.2,20.9,12.62,0,0,347.38,express,residencial,despejado,8,alto,bicicleta
ENV-003247,16.44,2.7,42.1,24.2,18.1,18.44,1,0,633.41,normal,periferia,despejado,14,bajo,moto
ENV-003248,5.78,3.05,27.2,14.3,20.3,7.9,0,0,1192.93,normal,residencial,lluvia,18,alto,moto
ENV-003249,11.08,1.21,25.9,19.6,15.2,7.72,0,0,1605.06,normal,residencial,viento_fuerte,21,bajo,moto
ENV-003250,8.97,2.77,37.7,23.4,16.2,14.29,0,0,3323.64,express,residencial,despejado,18,medio,moto
ENV-003251,8.46,2.21,17.9,18.6,12.0,4.0,0,0,1105.36,normal,residencial,viento_fuerte,11,medio,moto
ENV-003252,13.27,0.36,23.6,12.3,9.3,2.7,0,0,269.45,normal,residencial,despejado,19,alto,dron
ENV-003253,5.11,2.55,27.6,13.6,15.7,5.89,0,0,152.69,express,centro,viento_fuerte,14,alto,bicicleta
ENV-003254,13.69,1.2,25.4,10.6,12.8,3.45,0,0,473.1,normal,periferia,lluvia,19,bajo,moto
ENV-003255,18.7,2.88,30.5,25.5,16.4,12.76,0,0,168.52,mismo_dia,periferia,despejado,22,bajo,moto
ENV-003256,2.55,0.66,24.9,14.2,8.2,2.9,0,0,164.9,normal,residencial,despejado,13,alto,bicicleta
ENV-003257,25.95,1.06,18.4,9.1,10.9,1.83,0,0,1295.29,express,rural,despejado,16,alto,moto
ENV-003258,10.54,4.23,47.6,31.3,21.4,31.88,0,0,3381.41,normal,periferia,viento_fuerte,11,medio,moto
ENV-003259,7.79,2.03,32.0,22.3,9.4,6.71,1,0,3596.11,normal,residencial,despejado,14,alto,dron
ENV-003260,9.35,1.62,29.4,17.0,16.5,8.25,0,0,356.62,normal,periferia,despejado,11,bajo,dron
ENV-003261,12.51,3.48,34.8,19.9,17.0,11.77,0,0,956.44,mismo_dia,residencial,despejado,22,medio,moto
ENV-003262,5.51,4.15,29.0,20.0,39.6,22.97,0,0,777.26,express,centro,despejado,15,alto,moto
ENV-003263,14.5,0.89,17.8,19.1,16.1,5.47,0,0,5994.78,express,periferia,despejado,15,bajo,dron
ENV-003264,17.98,5.15,35.1,27.0,13.8,13.08,0,0,258.64,express,periferia,despejado,7,alto,moto
ENV-003265,3.72,5.2,43.3,34.9,18.7,28.26,1,0,878.84,express,centro,despejado,9,alto,bicicleta
ENV-003266,0.94,2.06,31.0,19.5,11.7,7.07,0,0,2183.72,normal,centro,despejado,17,alto,bicicleta
ENV-003267,48.76,3.9,27.4,18.5,21.9,11.1,1,0,4634.33,normal,rural,viento_fuerte,19,medio,camioneta
ENV-003268,3.58,43.82,108.6,74.8,42.1,341.99,0,0,140.75,normal,centro,despejado,9,alto,camioneta
ENV-003269,11.14,1.49,20.2,18.3,14.2,5.25,1,0,4951.53,mismo_dia,periferia,despejado,15,medio,dron
ENV-003270,8.03,3.05,34.6,29.6,16.1,16.49,1,0,1982.72,normal,residencial,despejado,12,bajo,moto
ENV-003271,6.33,2.09,15.6,13.0,15.7,3.18,0,0,900.4,normal,residencial,lluvia,19,alto,moto
ENV-003272,3.61,0.95,30.0,18.0,9.9,5.35,1,0,862.7,normal,centro,despejado,7,bajo,bicicleta
ENV-003273,49.22,26.8,69.6,48.7,58.5,198.29,0,0,12151.19,mismo_dia,rural,despejado,1,alto,camioneta
ENV-003274,13.79,1.08,16.6,15.9,15.6,4.12,0,0,17354.9,normal,periferia,despejado,17,alto,dron
ENV-003275,3.08,1.7,24.3,27.0,17.9,11.74,0,0,270.84,normal,centro,lluvia,17,bajo,bicicleta
ENV-003276,17.02,1.85,25.2,14.4,11.2,4.06,0,0,719.95,normal,periferia,despejado,0,bajo,moto
ENV-003277,6.41,0.97,18.6,17.3,15.2,4.89,0,0,1407.94,express,residencial,lluvia,16,bajo,moto
ENV-003278,19.17,2.12,32.2,16.9,13.7,7.46,0,0,513.43,express,periferia,despejado,21,medio,moto
ENV-003279,2.81,1.22,24.6,15.1,11.5,4.27,1,0,478.39,mismo_dia,centro,viento_fuerte,20,alto,bicicleta
ENV-003280,12.89,4.69,40.0,28.1,16.3,18.32,0,0,414.49,normal,periferia,lluvia,19,medio,moto
ENV-003281,34.21,2.95,42.4,31.3,16.8,22.3,0,0,1891.01,express,rural,despejado,15,bajo,moto
ENV-003282,0.55,0.46,18.0,9.5,10.8,1.85,1,0,657.61,normal,centro,despejado,16,medio,bicicleta
ENV-003283,3.78,9.81,40.2,24.5,42.6,41.96,0,0,3441.02,normal,centro,despejado,8,alto,moto
ENV-003284,3.73,0.66,16.2,10.2,11.8,1.95,0,0,206.76,normal,residencial,despejado,9,alto,bicicleta
ENV-003285,4.18,22.88,58.1,51.7,45.0,135.17,0,0,1508.24,normal,residencial,despejado,15,alto,camioneta
ENV-003286,8.07,0.75,22.2,12.7,13.0,3.67,1,0,1710.02,normal,periferia,despejado,22,bajo,moto
ENV-003287,2.68,3.64,30.5,31.9,19.5,18.97,0,0,101.45,express,centro,despejado,9,medio,bicicleta
ENV-003288,7.17,5.58,32.8,26.5,28.1,24.42,1,0,1892.71,normal,residencial,despejado,9,alto,moto
ENV-003289,4.42,3.19,27.4,19.7,9.4,5.07,0,1,514.72,normal,residencial,despejado,15,medio,camioneta
ENV-003290,4.37,2.15,35.8,20.7,18.2,13.49,0,0,900.44,express,residencial,despejado,15,alto,bicicleta
ENV-003291,3.45,1.72,19.9,18.1,10.9,3.93,0,0,815.18,mismo_dia,centro,lluvia,16,medio,moto
ENV-003292,12.74,1.41,18.1,20.3,14.6,5.36,0,0,695.35,normal,periferia,despejado,18,alto,dron
ENV-003293,5.3,0.25,21.2,8.7,9.8,1.81,1,0,2318.99,express,residencial,despejado,22,medio,bicicleta
ENV-003294,12.19,2.54,40.8,22.7,15.0,13.89,0,0,3944.54,normal,periferia,despejado,16,medio,moto
ENV-003295,10.16,1.22,18.2,16.3,9.0,2.67,1,0,1742.05,normal,residencial,despejado,23,bajo,moto
ENV-003296,2.6,2.44,32.3,26.7,21.7,18.71,0,0,364.76,mismo_dia,centro,viento_fuerte,16,bajo,bicicleta
ENV-003297,6.6,5.27,45.2,22.3,21.7,21.87,0,1,499.14,normal,residencial,lluvia,12,bajo,camioneta
ENV-003298,11.47,1.03,31.3,21.5,11.3,7.6,1,0,125.21,normal,residencial,despejado,7,alto,dron
ENV-003299,10.8,29.37,70.9,45.6,59.6,192.69,0,0,160.74,normal,periferia,lluvia,5,alto,camioneta
ENV-003300,21.46,2.05,36.8,19.6,20.1,14.5,0,0,248.61,express,periferia,despejado,6,bajo,moto
ENV-003301,11.16,0.36,10.6,12.0,8.5,1.08,0,0,707.53,normal,residencial,despejado,22,bajo,moto
ENV-003302,5.33,1.06,29.3,14.6,12.7,5.43,0,0,1561.0,express,residencial,despejado,8,medio,bicicleta
ENV-003303,1.17,1.17,36.1,20.0,11.2,8.09,1,0,380.71,express,centro,lluvia,9,bajo,camioneta
ENV-003304,9.03,1.11,19.8,14.0,10.0,2.77,1,0,1587.7,express,residencial,viento_fuerte,14,alto,moto
ENV-003305,1.16,0.32,21.8,14.8,7.7,2.48,0,0,103.17,normal,centro,despejado,9,medio,bicicleta
ENV-003306,6.15,0.53,21.2,13.6,6.2,1.79,0,0,391.79,express,residencial,despejado,11,bajo,bicicleta
ENV-003307,11.09,24.81,60.6,44.2,29.0,77.68,0,0,3096.52,mismo_dia,residencial,despejado,16,bajo,moto
ENV-003308,3.17,7.93,54.0,31.9,25.3,43.58,0,0,2302.14,express,centro,despejado,15,alto,moto
ENV-003309,2.06,45.87,89.3,42.6,37.5,142.66,1,0,280.24,express,centro,despejado,9,alto,camioneta
ENV-003310,1.15,0.83,20.8,11.1,7.9,1.82,0,0,8101.95,express,centro,despejado,19,alto,bicicleta
ENV-003311,4.7,2.35,43.7,31.0,13.0,17.61,0,0,598.19,normal,residencial,despejado,7,alto,bicicleta
ENV-003312,21.01,4.35,40.3,22.7,20.5,18.75,0,1,498.35,express,periferia,viento_fuerte,9,alto,camioneta
ENV-003313,8.51,2.46,31.4,18.0,17.7,10.0,0,0,236.97,normal,residencial,lluvia,9,alto,moto
ENV-003314,6.31,0.93,28.0,14.4,18.1,7.3,0,0,65.16,normal,residencial,despejado,4,medio,bicicleta
ENV-003315,19.44,4.43,33.4,28.3,21.6,20.42,0,0,1891.95,express,periferia,viento_fuerte,22,medio,moto
ENV-003316,46.57,2.86,36.8,28.1,13.5,13.96,1,0,669.56,normal,rural,despejado,8,alto,camioneta
ENV-003317,21.15,0.96,22.8,17.3,9.6,3.79,0,0,280.49,normal,periferia,despejado,13,alto,moto
ENV-003318,3.33,1.56,32.0,22.9,10.5,7.69,0,0,855.13,normal,residencial,despejado,9,bajo,bicicleta
ENV-003319,2.36,0.52,18.9,10.0,8.3,1.57,0,0,1804.7,express,centro,despejado,10,bajo,bicicleta
ENV-003320,3.64,7.98,60.2,46.4,20.9,58.38,0,0,859.21,normal,residencial,despejado,15,alto,moto
ENV-003321,6.66,7.56,40.2,29.2,22.8,26.76,0,0,463.58,normal,residencial,despejado,11,medio,bicicleta
ENV-003322,8.63,1.64,25.8,16.7,20.1,8.66,1,0,490.96,normal,residencial,viento_fuerte,7,bajo,moto
ENV-003323,12.76,8.96,44.0,42.1,26.8,49.64,0,0,1310.31,normal,residencial,lluvia,17,bajo,moto
ENV-003324,11.44,2.96,42.2,23.2,20.6,20.17,1,0,50,normal,residencial,despejado,18,medio,moto
ENV-003325,19.95,6.01,32.3,33.3,30.7,33.02,1,1,384.07,normal,periferia,viento_fuerte,10,bajo,camioneta
ENV-003326,6.67,1.77,26.7,18.4,25.4,12.48,0,0,702.7,express,residencial,despejado,12,medio,bicicleta
ENV-003327,2.92,2.84,39.6,25.9,19.6,20.1,0,0,3987.63,normal,centro,despejado,21,bajo,moto
ENV-003328,1.62,3.98,40.2,32.7,19.6,25.76,0,0,1297.98,express,centro,lluvia,13,medio,moto
ENV-003329,17.19,3.02,31.7,32.1,22.6,23.0,0,0,845.19,normal,periferia,lluvia,9,bajo,moto
ENV-003330,7.77,4.71,25.8,19.4,15.5,7.76,0,0,3341.89,normal,residencial,despejado,8,alto,moto
ENV-003331,8.2,1.15,21.0,15.5,8.6,2.8,0,0,835.99,normal,residencial,lluvia,19,bajo,moto
ENV-003332,5.63,4.55,44.8,19.7,25.0,22.06,0,0,589.52,express,residencial,despejado,12,bajo,bicicleta
ENV-003333,18.85,4.49,41.0,31.7,17.9,23.26,0,0,1828.5,express,periferia,despejado,13,alto,moto
ENV-003334,2.71,54.39,86.6,57.6,80.3,400.55,0,0,2081.87,express,centro,despejado,16,medio,camioneta
ENV-003335,16.56,0.65,12.1,13.3,10.0,1.61,1,0,427.47,normal,periferia,despejado,17,bajo,moto
ENV-003336,2.8,5.14,27.2,14.9,23.1,9.36,0,0,638.89,normal,centro,lluvia,19,alto,moto
ENV-003337,5.27,2.79,21.3,16.5,25.0,8.79,0,0,230.88,normal,residencial,despejado,15,medio,bicicleta
ENV-003338,16.25,34.1,67.9,53.3,66.3,239.94,0,0,862.86,express,periferia,despejado,1,medio,camioneta
ENV-003339,4.19,3.74,52.4,21.5,23.5,26.48,0,0,1036.38,normal,centro,despejado,12,bajo,bicicleta
ENV-003340,8.64,0.68,21.8,17.1,9.7,3.62,1,0,68.74,normal,residencial,despejado,3,bajo,moto
ENV-003341,2.93,4.11,51.9,28.2,20.2,29.56,1,0,1482.74,mismo_dia,centro,despejado,21,medio,bicicleta
ENV-003342,10.49,0.31,17.7,14.5,9.6,2.46,0,0,593.13,express,residencial,despejado,17,bajo,dron
ENV-003343,6.07,3.31,29.9,22.4,37.9,25.38,0,0,3531.45,normal,residencial,despejado,17,bajo,bicicleta
ENV-003344,24.8,1.63,26.6,16.2,18.8,8.1,0,0,93.14,express,periferia,lluvia,16,bajo,moto
ENV-003345,3.08,4.24,48.1,32.6,18.4,28.85,0,0,1281.4,normal,centro,lluvia,17,bajo,moto
ENV-003346,20.86,1.89,26.7,25.0,15.3,10.21,0,0,389.91,normal,periferia,despejado,8,alto,moto
ENV-003347,10.4,5.54,41.6,20.8,15.2,13.15,1,0,127.65,mismo_dia,periferia,lluvia,19,medio,moto
ENV-003348,5.2,4.5,32.3,30.5,25.2,24.83,1,0,2759.87,mismo_dia,centro,despejado,8,alto,bicicleta
ENV-003349,2.47,0.79,23.1,13.8,8.0,2.55,0,0,1425.23,express,centro,despejado,15,alto,bicicleta
ENV-003350,2.65,3.7,33.2,18.7,22.5,13.97,0,0,714.65,express,centro,despejado,16,medio,bicicleta
ENV-003351,24.83,1.37,38.2,25.1,10.1,9.68,0,0,226.92,express,periferia,despejado,8,medio,moto
ENV-003352,20.18,0.82,19.7,15.8,13.0,4.05,0,0,926.04,normal,periferia,despejado,19,bajo,moto
ENV-003353,1.32,0.91,26.7,15.7,16.3,6.83,0,0,390.86,normal,centro,despejado,14,alto,bicicleta
ENV-003354,2.86,0.55,16.2,18.3,12.3,3.65,0,0,2414.88,express,centro,despejado,17,bajo,bicicleta
ENV-003355,43.04,1.54,18.4,13.4,17.5,4.31,0,0,343.76,normal,rural,despejado,11,medio,camioneta
ENV-003356,3.31,1.05,22.8,10.2,12.2,2.84,1,0,112.49,mismo_dia,centro,despejado,18,alto,bicicleta
ENV-003357,4.37,5.46,31.6,24.7,14.0,10.93,0,0,1058.7,normal,centro,despejado,17,bajo,bicicleta
ENV-003358,4.95,74.56,108.1,62.3,42.2,284.2,0,0,1228.48,express,residencial,viento_fuerte,20,alto,camioneta
ENV-003359,43.95,0.54,14.8,9.8,9.8,1.42,0,0,155.05,normal,rural,viento_fuerte,16,bajo,camioneta
ENV-003360,5.0,1.13,23.7,12.4,11.5,3.38,0,0,4230.56,express,residencial,despejado,10,bajo,camioneta
ENV-003361,4.58,2.42,39.6,18.9,24.3,18.19,0,0,2001.24,mismo_dia,centro,despejado,12,bajo,bicicleta
ENV-003362,7.6,1.38,16.8,14.3,9.7,2.33,0,0,129.44,normal,periferia,despejado,18,medio,dron
ENV-003363,2.45,1.25,34.2,14.8,16.1,8.15,0,0,333.4,express,centro,despejado,12,alto,bicicleta
ENV-003364,5.18,0.59,20.4,9.2,10.6,1.99,0,0,4814.53,normal,centro,despejado,8,alto,bicicleta
ENV-003365,44.32,9.27,54.7,37.0,36.4,73.67,0,0,1266.96,mismo_dia,rural,despejado,7,medio,camioneta
ENV-003366,10.43,0.61,16.3,11.6,21.5,4.07,0,0,4065.95,normal,periferia,despejado,6,bajo,dron
ENV-003367,51.86,2.22,34.9,25.1,12.2,10.69,0,0,2464.37,normal,rural,despejado,8,alto,camioneta
ENV-003368,20.87,0.89,20.0,19.5,16.2,6.32,0,0,354.09,normal,periferia,despejado,14,alto,camioneta
ENV-003369,7.74,1.1,19.3,13.4,21.3,5.51,0,0,27680.52,mismo_dia,residencial,lluvia,9,alto,moto
ENV-003370,5.12,7.89,45.7,30.7,38.3,53.73,1,0,843.87,normal,centro,lluvia,4,bajo,moto
ENV-003371,13.06,2.03,22.5,14.8,21.7,7.23,0,0,1887.66,express,residencial,despejado,17,bajo,dron
ENV-003372,12.04,2.22,33.9,30.2,15.9,16.28,0,0,65.49,mismo_dia,periferia,despejado,9,bajo,moto
ENV-003373,1.91,0.71,18.2,14.0,7.4,1.89,1,1,1844.91,normal,centro,despejado,12,medio,camioneta
ENV-003374,3.35,2.77,32.0,19.4,19.9,12.35,0,0,6972.23,express,centro,despejado,7,alto,bicicleta
ENV-003375,39.16,1.36,21.7,16.1,17.9,6.25,0,0,3458.33,normal,rural,despejado,7,alto,moto
ENV-003376,10.07,5.72,43.2,23.8,28.8,29.61,0,0,198.64,express,residencial,lluvia,14,medio,moto
ENV-003377,2.74,9.18,40.5,34.1,17.4,24.03,0,0,561.83,normal,centro,lluvia,14,alto,moto
ENV-003378,0.84,1.07,20.0,12.5,20.9,5.22,0,0,891.31,normal,centro,despejado,12,medio,bicicleta
ENV-003379,19.71,0.62,23.8,11.9,10.4,2.95,1,0,4318.47,express,periferia,despejado,11,bajo,moto
ENV-003380,4.21,1.54,27.4,20.4,13.0,7.27,1,0,25169.28,normal,centro,viento_fuerte,17,bajo,bicicleta
ENV-003381,7.52,20.79,96.0,45.8,37.5,164.88,0,0,184.18,normal,residencial,despejado,15,medio,camioneta
ENV-003382,5.06,4.12,31.7,31.6,22.5,22.54,0,0,2095.2,normal,residencial,despejado,19,bajo,camioneta
ENV-003383,2.61,0.75,18.5,11.7,10.5,2.27,0,0,3778.68,express,centro,despejado,9,bajo,bicicleta
ENV-003384,48.98,8.37,54.3,42.6,20.9,48.35,1,0,1098.84,normal,rural,despejado,13,alto,camioneta
ENV-003385,2.87,1.19,17.9,20.0,15.6,5.58,1,0,316.98,normal,residencial,viento_fuerte,21,bajo,bicicleta
ENV-003386,0.54,6.94,33.3,24.8,18.2,15.03,0,0,2318.98,normal,centro,lluvia,12,bajo,moto
ENV-003387,9.11,1.81,37.4,18.5,17.4,12.04,0,0,1602.49,mismo_dia,periferia,despejado,7,alto,moto
ENV-003388,44.95,2.87,28.7,17.9,14.7,7.55,0,0,676.71,mismo_dia,rural,lluvia,18,alto,camioneta
ENV-003389,31.13,1.33,13.8,15.6,10.3,2.22,1,0,1047.83,normal,rural,lluvia,15,medio,moto
ENV-003390,3.45,30.82,98.3,54.1,39.0,207.4,1,0,2207.67,normal,centro,viento_fuerte,9,bajo,camioneta
ENV-003391,5.97,1.12,24.4,12.4,9.5,2.87,0,0,268.98,normal,residencial,despejado,10,bajo,bicicleta
ENV-003392,3.17,2.1,32.1,21.3,13.2,9.03,0,0,828.51,normal,centro,despejado,10,bajo,bicicleta
ENV-003393,4.86,47.96,82.6,49.3,72.4,294.83,0,0,1779.91,mismo_dia,residencial,despejado,10,medio,camioneta
ENV-003394,1.23,0.72,19.5,19.3,11.2,4.22,0,0,4536.51,express,centro,despejado,6,medio,bicicleta
ENV-003395,0.47,0.32,15.3,12.6,8.8,1.7,1,0,2481.76,express,centro,lluvia,18,alto,bicicleta
ENV-003396,10.63,1.9,16.6,15.8,12.5,3.28,1,0,6595.65,normal,periferia,despejado,15,alto,dron
ENV-003397,7.13,0.79,17.7,15.1,7.8,2.08,0,0,12683.99,normal,residencial,despejado,6,medio,moto
ENV-003398,2.71,1.39,27.1,21.5,10.5,6.12,0,0,220.61,express,centro,despejado,14,bajo,bicicleta
ENV-003399,8.49,12.72,66.4,35.3,25.1,58.83,1,0,8087.1,express,residencial,despejado,6,medio,moto
ENV-003400,24.05,0.53,14.2,8.9,9.9,1.25,1,0,1823.28,express,rural,despejado,15,medio,moto
ENV-003401,29.05,9.29,41.5,29.9,32.0,39.71,1,0,251.68,normal,rural,despejado,7,medio,moto
ENV-003402,20.42,9.55,45.1,40.4,38.8,70.7,1,0,571.77,normal,periferia,despejado,22,medio,moto
ENV-003403,8.47,4.0,22.5,16.9,16.6,6.31,0,0,137.32,normal,residencial,despejado,12,medio,moto
ENV-003404,2.84,58.62,105.2,61.7,49.5,321.3,1,0,552.67,normal,centro,lluvia,7,medio,camioneta
ENV-003405,6.76,0.81,25.7,13.5,14.1,4.89,0,0,6362.24,normal,residencial,despejado,7,bajo,bicicleta
ENV-003406,3.08,0.6,17.4,17.8,14.6,4.52,0,0,5711.28,normal,centro,despejado,21,alto,moto
ENV-003407,29.5,7.26,52.0,28.2,37.0,54.26,0,0,340.62,normal,rural,despejado,10,medio,moto
ENV-003408,10.2,1.04,19.2,14.5,12.1,3.37,1,0,3191.42,normal,residencial,despejado,17,medio,dron
ENV-003409,5.58,22.84,76.3,52.1,30.1,119.65,0,0,4621.32,normal,residencial,despejado,15,alto,camioneta
ENV-003410,1.73,2.59,21.8,16.7,26.2,9.54,0,0,3242.29,normal,centro,despejado,6,bajo,bicicleta
ENV-003411,6.2,8.73,40.0,28.1,48.3,54.29,0,0,869.94,mismo_dia,residencial,despejado,20,alto,moto
ENV-003412,1.09,70.0,103.0,67.8,30.8,215.09,1,0,980.74,normal,centro,despejado,21,medio,camioneta
ENV-003413,30.61,4.15,54.8,23.6,22.0,28.45,0,0,273.35,normal,rural,despejado,20,alto,moto
ENV-003414,9.4,13.43,64.4,44.8,35.7,103.0,0,0,2120.39,normal,residencial,despejado,14,alto,camioneta
ENV-003415,3.18,5.95,46.0,42.5,23.7,46.33,1,0,757.04,normal,centro,viento_fuerte,12,medio,moto
ENV-003416,8.95,0.9,12.1,11.4,12.1,1.67,0,0,751.96,normal,residencial,despejado,20,medio,dron
ENV-003417,2.95,0.67,20.1,9.6,12.3,2.37,1,0,9436.85,normal,centro,despejado,16,alto,bicicleta
ENV-003418,5.89,0.97,20.8,11.2,16.6,3.87,0,0,374.84,express,residencial,despejado,0,alto,moto
ENV-003419,5.01,1.17,32.0,15.8,13.4,6.78,1,0,419.81,normal,centro,despejado,14,alto,bicicleta
ENV-003420,44.61,1.67,28.0,18.1,20.5,10.39,0,0,558.48,normal,rural,lluvia,12,medio,camioneta
ENV-003421,5.17,4.2,48.9,29.6,22.0,31.84,0,0,228.25,mismo_dia,residencial,viento_fuerte,7,alto,bicicleta
ENV-003422,6.32,0.93,15.6,15.0,11.8,2.76,0,0,1496.49,normal,residencial,despejado,16,medio,bicicleta
ENV-003423,7.09,9.27,27.8,22.0,29.2,17.86,0,0,2095.19,mismo_dia,residencial,despejado,20,alto,moto
ENV-003424,7.94,20.79,74.1,43.9,23.3,75.79,0,0,1074.33,normal,residencial,despejado,17,bajo,moto
ENV-003425,52.6,2.19,23.9,18.3,14.9,6.52,0,0,820.16,mismo_dia,rural,despejado,20,alto,camioneta
ENV-003426,1.95,2.0,26.2,25.7,21.4,14.41,0,0,300.61,normal,centro,despejado,8,alto,camioneta
ENV-003427,5.7,2.7,22.9,22.3,22.6,11.54,0,0,370.61,normal,residencial,despejado,13,alto,bicicleta
ENV-003428,6.65,17.87,65.6,31.6,24.2,50.17,0,0,171.31,normal,residencial,despejado,1,bajo,moto
ENV-003429,32.0,3.23,32.6,19.7,23.1,14.84,0,0,332.38,express,rural,viento_fuerte,16,medio,moto
ENV-003430,5.47,4.07,41.0,33.3,22.8,31.13,1,1,932.3,mismo_dia,residencial,despejado,11,alto,camioneta
ENV-003431,20.86,2.03,25.9,23.4,19.9,12.06,1,0,251.97,normal,periferia,despejado,16,medio,moto
ENV-003432,8.54,1.1,32.4,23.0,10.6,7.9,0,0,1715.27,normal,residencial,lluvia,15,alto,moto
ENV-003433,13.99,1.82,27.6,21.9,15.8,9.55,1,0,557.98,normal,periferia,viento_fuerte,9,medio,moto
ENV-003434,20.13,0.38,19.9,15.7,8.7,2.72,0,0,1092.88,normal,periferia,viento_fuerte,22,bajo,moto
ENV-003435,34.07,1.17,33.8,21.8,10.2,7.52,0,0,1036.84,express,rural,lluvia,7,alto,moto
ENV-003436,4.37,1.66,16.5,13.1,16.5,3.57,0,0,307.31,express,residencial,despejado,18,alto,bicicleta
ENV-003437,0.91,11.78,45.2,31.9,23.1,33.31,0,0,759.99,normal,centro,viento_fuerte,16,bajo,moto
ENV-003438,7.41,1.97,36.0,21.5,17.0,13.16,0,0,425.89,normal,residencial,despejado,18,medio,moto
ENV-003439,3.15,2.71,35.1,27.0,20.5,19.43,0,0,844.94,express,centro,despejado,10,bajo,bicicleta
ENV-003440,3.56,0.79,18.2,20.5,14.1,5.26,1,0,129.24,express,residencial,lluvia,10,bajo,bicicleta
ENV-003441,5.64,73.58,106.4,87.4,43.0,399.87,1,0,163.84,normal,residencial,despejado,8,alto,camioneta
ENV-003442,20.0,73.47,71.7,64.7,79.4,368.34,0,0,455.99,normal,periferia,despejado,14,medio,camioneta
ENV-003443,1.15,60.82,89.1,69.6,64.5,399.99,0,0,2394.88,mismo_dia,centro,despejado,7,alto,camioneta
ENV-003444,3.36,1.6,25.7,21.2,22.3,12.15,0,0,7159.55,express,residencial,lluvia,7,alto,moto
ENV-003445,2.54,7.15,59.0,39.3,15.3,35.48,0,0,2114.42,mismo_dia,centro,lluvia,13,bajo,moto
ENV-003446,3.39,0.83,27.4,18.0,13.0,6.41,0,0,51.06,normal,centro,viento_fuerte,11,medio,moto
ENV-003447,3.63,73.63,100.5,59.0,60.6,359.33,0,0,458.93,express,residencial,lluvia,14,alto,camioneta
ENV-003448,2.8,0.65,22.4,14.6,14.3,4.68,1,0,167.78,normal,centro,lluvia,12,medio,bicicleta
ENV-003449,0.75,0.97,23.6,13.1,12.8,3.96,0,0,1286.63,express,centro,lluvia,10,medio,moto
ENV-003450,12.25,0.87,19.8,18.1,17.0,6.09,0,0,105.17,mismo_dia,residencial,despejado,11,bajo,dron
ENV-003451,3.46,0.91,20.7,16.8,11.2,3.89,0,0,7289.12,express,centro,despejado,14,alto,bicicleta
ENV-003452,20.81,3.97,52.7,29.3,18.7,28.87,0,0,358.88,normal,periferia,lluvia,1,bajo,moto
ENV-003453,11.14,0.59,24.4,16.8,10.7,4.39,0,0,2696.79,mismo_dia,periferia,despejado,12,bajo,dron
ENV-003454,5.69,1.06,27.2,15.7,11.0,4.7,0,0,799.59,normal,residencial,lluvia,9,bajo,moto
ENV-003455,5.36,2.89,27.3,20.1,22.7,12.46,0,0,3577.12,express,residencial,lluvia,12,bajo,moto
ENV-003456,0.81,51.74,49.2,47.3,49.3,114.73,0,0,1268.52,express,centro,despejado,14,bajo,camioneta
ENV-003457,7.33,0.99,22.2,12.5,10.0,2.77,0,0,1015.07,mismo_dia,residencial,despejado,10,medio,dron
ENV-003458,14.28,1.08,22.7,15.9,21.9,7.9,0,0,180.38,normal,residencial,despejado,14,medio,camioneta
ENV-003459,12.63,0.86,21.1,21.7,14.8,6.78,0,0,972.49,normal,periferia,despejado,3,bajo,moto
ENV-003460,2.25,0.44,22.3,13.2,8.3,2.44,0,0,279.77,normal,centro,despejado,18,alto,bicicleta
ENV-003461,8.84,4.36,29.3,25.8,22.7,17.16,1,0,420.13,express,residencial,despejado,18,alto,moto
ENV-003462,1.33,0.98,32.2,18.3,13.0,7.66,0,0,712.18,normal,centro,despejado,6,bajo,bicicleta
ENV-003463,5.09,1.05,25.0,17.3,11.2,4.84,0,0,928.49,express,centro,despejado,14,alto,bicicleta
ENV-003464,5.88,0.26,15.7,9.2,6.6,0.95,0,0,1888.02,normal,residencial,despejado,17,medio,bicicleta
ENV-003465,27.58,36.02,79.9,54.3,42.6,184.82,0,0,821.24,normal,periferia,despejado,11,bajo,camioneta
ENV-003466,37.93,6.8,48.6,25.0,25.9,31.47,1,1,361.09,normal,rural,despejado,8,alto,camioneta
ENV-003467,22.42,0.34,19.6,12.8,5.9,1.48,0,0,1650.04,normal,rural,lluvia,17,bajo,moto
ENV-003468,20.95,2.68,27.8,12.7,12.2,4.31,1,0,79.2,normal,periferia,despejado,9,alto,moto
ENV-003469,2.08,0.95,15.7,12.6,7.7,1.52,1,0,1654.89,express,centro,despejado,15,alto,bicicleta
ENV-003470,19.66,35.28,94.1,42.4,45.4,181.14,0,0,1074.11,normal,periferia,despejado,8,bajo,camioneta
ENV-003471,38.73,3.34,38.2,25.2,27.5,26.47,1,0,436.63,express,rural,despejado,18,alto,moto
ENV-003472,12.52,4.66,48.6,23.0,24.8,27.72,0,0,361.08,mismo_dia,periferia,despejado,11,bajo,moto
ENV-003473,9.4,0.53,13.9,11.4,6.0,0.95,0,0,692.06,express,residencial,lluvia,11,bajo,moto
ENV-003474,3.83,0.6,21.5,13.9,13.8,4.12,0,0,661.65,normal,residencial,viento_fuerte,20,medio,bicicleta
ENV-003475,2.22,12.98,66.8,40.5,30.9,83.6,1,0,1127.06,normal,centro,despejado,14,alto,moto
ENV-003476,9.18,3.36,24.5,20.1,24.0,11.82,1,0,705.32,normal,periferia,despejado,16,bajo,moto
ENV-003477,4.17,6.03,36.6,29.4,22.1,23.78,0,0,50,express,centro,viento_fuerte,6,medio,bicicleta
ENV-003478,10.64,3.99,39.5,31.7,22.6,28.3,0,1,420.12,express,periferia,despejado,7,medio,camioneta
ENV-003479,18.0,1.86,41.0,20.9,14.5,12.43,0,0,862.03,normal,periferia,viento_fuerte,12,medio,moto
ENV-003480,7.21,11.04,62.9,45.0,29.3,82.93,0,0,349.08,normal,residencial,despejado,13,medio,camioneta
ENV-003481,6.77,24.14,58.0,60.6,38.7,136.02,1,0,2151.42,express,residencial,despejado,7,alto,camioneta
ENV-003482,13.26,2.68,25.4,18.0,25.3,11.57,1,0,365.68,mismo_dia,residencial,despejado,11,bajo,moto
ENV-003483,2.21,0.83,19.2,13.9,23.9,6.38,1,0,1213.0,express,residencial,despejado,8,alto,bicicleta
ENV-003484,6.82,2.61,30.9,22.9,22.4,15.85,0,0,529.63,mismo_dia,residencial,despejado,14,alto,moto
ENV-003485,4.83,0.39,12.7,9.6,8.4,1.02,0,0,4649.18,normal,residencial,despejado,13,alto,bicicleta
ENV-003486,5.32,4.7,27.9,25.2,19.8,13.92,0,0,368.25,normal,residencial,viento_fuerte,17,bajo,bicicleta
ENV-003487,4.08,1.4,18.2,11.3,15.2,3.13,0,0,632.63,express,centro,despejado,19,medio,bicicleta
ENV-003488,3.69,58.12,71.7,50.4,44.6,161.17,0,0,639.62,mismo_dia,residencial,despejado,17,alto,camioneta
ENV-003489,1.81,0.1,14.4,8.1,6.7,0.78,0,0,2628.34,normal,centro,lluvia,17,medio,moto
ENV-003490,4.81,2.58,44.1,17.9,18.8,14.84,0,0,1522.29,normal,centro,lluvia,6,bajo,moto
ENV-003491,5.46,0.85,20.1,11.2,7.8,1.76,0,1,691.43,express,residencial,viento_fuerte,14,medio,camioneta
ENV-003492,3.52,1.51,20.1,12.5,19.8,4.97,0,0,83.55,mismo_dia,centro,despejado,10,alto,bicicleta
ENV-003493,2.44,0.15,10.7,6.4,4.6,0.32,0,0,1969.9,express,centro,despejado,6,bajo,bicicleta
ENV-003494,12.22,0.58,12.4,9.9,10.0,1.23,0,0,1050.5,express,periferia,despejado,14,alto,dron
ENV-003495,3.18,2.73,33.7,20.0,20.3,13.68,0,0,536.12,normal,residencial,despejado,16,medio,bicicleta
ENV-003496,5.1,2.11,23.2,17.0,27.8,10.96,0,0,1895.41,normal,residencial,despejado,14,bajo,bicicleta
ENV-003497,9.67,16.08,83.5,33.9,39.9,112.94,1,0,4015.49,express,periferia,despejado,15,alto,camioneta
ENV-003498,10.9,60.39,62.5,64.5,38.9,156.82,1,0,308.77,normal,periferia,lluvia,23,alto,camioneta
ENV-003499,12.29,5.95,48.3,36.2,23.1,40.39,1,0,1197.66,normal,residencial,despejado,7,alto,moto
ENV-003500,7.31,2.26,35.4,21.8,20.5,15.82,0,0,5343.08,mismo_dia,residencial,despejado,18,alto,moto
ENV-003501,2.68,1.35,23.6,16.8,25.0,9.91,0,0,1306.85,normal,centro,lluvia,22,medio,moto
ENV-003502,10.89,0.89,17.6,10.6,10.5,1.96,1,0,5254.46,mismo_dia,residencial,viento_fuerte,11,medio,moto
ENV-003503,2.6,1.37,33.1,15.5,12.6,6.46,0,0,133.84,mismo_dia,centro,despejado,9,alto,bicicleta
ENV-003504,15.11,0.51,23.7,17.4,7.5,3.09,0,0,3939.34,normal,periferia,despejado,14,alto,moto
ENV-003505,2.37,0.32,11.0,8.7,7.0,0.67,0,0,350.05,normal,centro,despejado,16,medio,bicicleta
ENV-003506,12.4,0.5,16.9,14.8,11.4,2.85,1,0,610.79,normal,periferia,despejado,8,alto,dron
ENV-003507,3.56,3.1,34.6,23.4,16.8,13.6,0,0,1597.52,normal,centro,despejado,13,alto,bicicleta
ENV-003508,1.82,2.66,21.4,13.6,23.7,6.9,0,0,241.55,normal,centro,despejado,15,alto,bicicleta
ENV-003509,15.58,1.36,36.3,22.9,13.1,10.89,0,0,365.43,normal,periferia,viento_fuerte,10,bajo,moto
ENV-003510,23.98,1.68,27.8,19.7,9.7,5.31,0,0,383.86,normal,rural,despejado,8,medio,moto
ENV-003511,8.69,5.12,34.1,21.2,13.7,9.9,0,1,7900.17,normal,residencial,despejado,6,alto,camioneta
ENV-003512,6.15,1.65,41.0,24.2,12.5,12.4,0,0,751.19,normal,residencial,despejado,14,alto,bicicleta
ENV-003513,2.3,2.29,28.9,18.3,9.9,5.24,0,0,56.78,mismo_dia,centro,despejado,18,alto,bicicleta
ENV-003514,6.85,0.98,23.0,16.9,14.4,5.6,0,0,618.94,normal,residencial,lluvia,9,alto,bicicleta
ENV-003515,25.54,1.23,20.4,11.0,14.8,3.32,1,0,430.78,normal,rural,despejado,10,bajo,moto
ENV-003516,6.23,11.06,32.8,33.7,25.8,28.52,0,0,266.36,normal,residencial,despejado,8,alto,moto
ENV-003517,2.42,0.48,16.5,16.7,13.3,3.66,0,0,10911.8,mismo_dia,centro,viento_fuerte,10,bajo,bicicleta
ENV-003518,11.58,2.53,22.7,13.8,16.3,5.11,0,0,1311.25,normal,periferia,despejado,10,bajo,moto
ENV-003519,6.48,2.4,30.0,27.2,18.5,15.1,0,0,154.81,express,residencial,despejado,12,bajo,bicicleta
ENV-003520,5.75,1.89,19.7,21.5,17.3,7.33,0,0,243.3,normal,residencial,viento_fuerte,7,bajo,bicicleta
ENV-003521,33.69,1.8,18.9,13.1,18.0,4.46,1,0,641.6,express,rural,lluvia,20,alto,moto
ENV-003522,20.47,2.11,20.7,12.2,15.6,3.94,0,0,443.07,express,periferia,viento_fuerte,10,medio,moto
ENV-003523,10.71,0.61,20.1,10.5,10.6,2.24,0,0,513.01,express,residencial,despejado,12,bajo,dron
ENV-003524,9.06,1.17,33.2,18.0,11.9,7.11,1,0,232.05,normal,residencial,despejado,10,medio,dron
ENV-003525,4.29,1.79,25.3,11.7,10.0,2.96,0,0,2922.12,normal,residencial,lluvia,18,alto,moto
ENV-003526,4.97,0.29,18.3,10.8,6.8,1.34,0,0,461.28,normal,residencial,despejado,7,alto,bicicleta
ENV-003527,2.67,0.6,16.7,14.5,7.6,1.84,0,0,1370.59,express,centro,despejado,17,bajo,bicicleta
ENV-003528,18.0,0.65,28.1,11.8,13.2,4.38,0,0,319.64,normal,periferia,viento_fuerte,11,medio,moto
ENV-003529,11.08,6.66,48.7,33.1,26.8,43.2,0,0,4833.71,normal,residencial,despejado,8,alto,moto
ENV-003530,2.32,2.82,35.1,22.7,27.3,21.75,0,0,490.2,mismo_dia,centro,despejado,8,alto,bicicleta
ENV-003531,5.97,3.17,29.4,22.7,24.6,16.42,0,0,5229.21,normal,residencial,despejado,12,bajo,bicicleta
ENV-003532,13.47,0.49,21.3,16.6,8.6,3.04,0,0,505.67,normal,residencial,despejado,10,medio,camioneta
ENV-003533,7.93,1.37,21.3,23.5,15.4,7.71,1,1,335.64,express,residencial,despejado,14,alto,camioneta
ENV-003534,9.15,2.01,36.1,16.9,17.0,10.37,1,0,1529.52,normal,residencial,despejado,14,alto,dron
ENV-003535,4.99,1.39,28.2,14.6,17.2,7.08,0,0,262.56,mismo_dia,residencial,despejado,14,alto,dron
ENV-003536,15.78,12.96,64.0,43.5,23.0,64.03,0,0,250.2,express,periferia,lluvia,10,alto,moto
ENV-003537,25.31,1.63,35.2,18.6,19.9,13.03,0,0,1669.85,normal,rural,viento_fuerte,14,alto,moto
ENV-003538,8.66,0.23,14.4,8.7,11.7,1.47,0,0,134.24,normal,periferia,despejado,16,medio,dron
ENV-003539,2.19,0.45,14.9,10.1,7.9,1.19,0,0,1362.83,normal,centro,despejado,9,medio,bicicleta
ENV-003540,15.53,1.33,27.1,14.2,16.8,6.46,0,0,2643.68,normal,periferia,despejado,19,alto,moto
ENV-003541,4.23,2.86,24.5,21.4,12.2,6.4,0,0,308.12,normal,centro,lluvia,19,alto,moto
ENV-003542,4.06,5.97,45.4,26.5,18.6,22.38,0,0,924.87,express,centro,lluvia,12,alto,moto
ENV-003543,3.7,0.31,15.2,9.0,4.9,0.67,0,1,3650.24,express,residencial,lluvia,16,alto,camioneta
ENV-003544,30.0,8.19,57.5,29.9,27.2,46.76,0,0,1320.44,normal,rural,lluvia,23,bajo,moto
ENV-003545,5.32,0.92,20.8,20.4,14.0,5.94,0,0,2262.51,express,residencial,viento_fuerte,10,medio,bicicleta
ENV-003546,1.02,0.91,16.4,11.4,10.5,1.96,1,0,1831.49,normal,centro,viento_fuerte,13,medio,bicicleta
ENV-003547,2.76,1.8,27.3,16.6,13.8,6.25,0,0,139.91,normal,centro,despejado,12,alto,bicicleta
ENV-003548,2.41,36.82,58.9,40.3,62.9,149.3,0,0,646.53,normal,centro,lluvia,14,alto,camioneta
ENV-003549,2.82,0.66,31.0,19.8,8.4,5.16,0,0,50,express,centro,lluvia,18,bajo,moto
ENV-003550,2.4,68.53,71.8,58.1,36.7,153.1,0,0,1405.69,express,centro,despejado,21,bajo,camioneta
ENV-003551,2.56,2.65,25.5,14.7,21.9,8.21,1,0,94.59,normal,centro,despejado,15,alto,bicicleta
ENV-003552,9.03,1.4,34.7,19.6,12.9,8.77,0,0,1912.42,express,residencial,despejado,22,bajo,moto
ENV-003553,27.78,1.37,20.6,22.2,18.8,8.6,0,0,336.35,express,periferia,despejado,18,alto,moto
ENV-003554,18.26,2.85,31.6,20.1,15.5,9.84,0,0,814.94,mismo_dia,periferia,despejado,17,medio,moto
ENV-003555,8.92,3.91,34.9,25.8,16.4,14.77,0,0,150.0,express,residencial,despejado,16,alto,moto
ENV-003556,23.83,0.89,14.9,12.1,8.8,1.59,0,0,1086.23,normal,rural,despejado,13,alto,moto
ENV-003557,15.47,2.47,43.4,30.7,12.6,16.79,0,0,869.52,normal,periferia,despejado,9,alto,moto
ENV-003558,1.26,1.52,29.0,15.2,16.4,7.23,1,0,2388.86,normal,centro,viento_fuerte,11,medio,bicicleta
ENV-003559,6.48,1.13,21.6,19.3,15.3,6.38,0,0,1422.69,normal,residencial,despejado,10,bajo,bicicleta
ENV-003560,4.76,0.56,22.6,15.7,7.0,2.48,0,0,2286.66,normal,residencial,despejado,9,medio,bicicleta
ENV-003561,4.22,1.51,25.0,12.2,10.1,3.08,0,0,357.59,normal,centro,despejado,14,alto,bicicleta
ENV-003562,38.86,21.4,47.5,34.4,28.9,47.22,0,0,325.04,normal,rural,despejado,13,alto,moto
ENV-003563,2.08,2.02,36.8,21.0,20.2,15.61,0,0,163.47,express,centro,despejado,22,bajo,moto
ENV-003564,2.6,1.79,26.0,17.3,7.7,3.46,0,0,954.82,express,centro,despejado,6,bajo,bicicleta
ENV-003565,9.81,0.45,19.0,9.9,8.1,1.52,1,0,6282.62,normal,residencial,despejado,14,bajo,dron
ENV-003566,6.65,3.31,48.7,22.5,22.7,24.87,0,0,1443.11,mismo_dia,residencial,despejado,18,bajo,bicicleta
ENV-003567,11.72,1.59,34.9,16.8,16.2,9.5,0,1,1280.46,express,periferia,lluvia,15,alto,camioneta
ENV-003568,43.14,3.45,25.1,23.0,13.1,7.56,0,0,1802.41,mismo_dia,rural,despejado,7,medio,camioneta
ENV-003569,4.18,62.11,68.7,44.4,48.2,147.02,1,0,702.17,express,centro,lluvia,13,alto,camioneta
ENV-003570,8.38,0.84,18.3,10.9,14.8,2.95,0,0,701.95,normal,residencial,despejado,17,bajo,dron
ENV-003571,4.09,4.02,27.1,19.4,13.7,7.2,0,0,818.56,normal,residencial,despejado,16,bajo,bicicleta
ENV-003572,3.04,8.5,42.3,29.9,19.6,24.79,1,0,302.0,normal,centro,viento_fuerte,11,bajo,moto
ENV-003573,7.95,0.36,19.6,12.1,10.3,2.44,0,0,297.09,normal,residencial,despejado,19,bajo,dron
ENV-003574,4.14,0.51,19.7,12.7,7.7,1.93,0,1,1770.1,express,centro,despejado,18,alto,camioneta
ENV-003575,5.44,3.55,32.9,16.3,12.0,6.44,1,0,3704.98,normal,residencial,despejado,19,alto,bicicleta
ENV-003576,31.3,0.24,12.5,10.3,12.4,1.6,0,1,594.14,normal,rural,despejado,12,alto,camioneta
ENV-003577,6.31,2.16,27.9,18.0,19.1,9.59,1,0,502.27,mismo_dia,residencial,despejado,21,medio,moto
ENV-003578,7.55,1.83,25.6,20.9,19.3,10.33,0,0,5558.63,normal,residencial,lluvia,12,bajo,moto
ENV-003579,6.07,3.66,44.5,22.3,25.2,25.01,0,0,1173.79,normal,residencial,lluvia,12,bajo,moto
ENV-003580,5.86,11.76,55.2,43.2,29.6,70.59,0,0,2375.58,express,residencial,despejado,18,medio,moto
ENV-003581,2.68,2.35,32.9,25.2,11.6,9.62,0,0,1801.37,express,centro,despejado,18,alto,bicicleta
ENV-003582,17.73,1.55,25.1,16.4,8.1,3.33,1,0,178.91,normal,periferia,despejado,16,bajo,moto
ENV-003583,2.27,10.44,57.2,32.3,23.6,43.6,0,0,190.85,normal,centro,despejado,11,medio,moto
ENV-003584,6.55,4.72,30.9,19.7,23.6,14.37,0,0,1086.8,express,residencial,despejado,9,alto,bicicleta
ENV-003585,4.13,0.51,15.9,14.9,8.7,2.06,0,0,318.85,mismo_dia,centro,lluvia,10,bajo,moto
ENV-003586,19.05,1.53,19.7,14.4,23.4,6.64,1,0,515.53,express,periferia,despejado,16,medio,moto
ENV-003587,7.34,1.67,25.6,16.5,18.9,7.98,0,0,818.55,mismo_dia,residencial,despejado,10,medio,dron
ENV-003588,4.52,1.36,29.8,15.0,10.2,4.56,0,0,868.85,express,residencial,despejado,11,bajo,bicicleta
ENV-003589,27.63,0.47,19.3,14.3,9.8,2.7,1,0,507.42,mismo_dia,rural,despejado,15,alto,moto
ENV-003590,14.46,0.79,19.4,12.3,9.4,2.24,0,0,369.75,express,periferia,despejado,3,bajo,moto
ENV-003591,10.65,1.96,23.2,21.9,17.4,8.84,0,0,1601.04,normal,residencial,despejado,12,bajo,dron
ENV-003592,3.76,1.34,20.1,13.5,13.5,3.66,1,0,2121.53,normal,centro,lluvia,17,medio,bicicleta
ENV-003593,14.79,1.95,27.7,18.5,14.8,7.58,0,0,616.79,express,residencial,despejado,20,alto,dron
ENV-003594,10.85,34.72,66.0,60.4,56.7,226.03,1,0,1675.33,express,residencial,despejado,19,bajo,camioneta
ENV-003595,31.65,1.49,27.9,19.9,12.5,6.94,1,0,886.58,express,rural,despejado,18,alto,moto
ENV-003596,7.91,1.29,17.9,13.9,13.4,3.33,0,1,772.79,normal,residencial,viento_fuerte,18,alto,camioneta
ENV-003597,17.18,0.31,18.6,11.9,10.6,2.35,1,1,114.17,express,periferia,despejado,9,bajo,camioneta
ENV-003598,24.17,2.64,29.8,17.4,14.1,7.31,0,0,1913.24,mismo_dia,periferia,despejado,14,alto,moto
ENV-003599,3.09,0.95,22.7,21.1,11.9,5.7,0,0,2309.92,normal,centro,despejado,23,medio,moto
ENV-003600,43.02,1.69,24.0,18.0,30.7,13.26,0,0,608.89,express,rural,viento_fuerte,17,bajo,camioneta
ENV-003601,2.98,10.0,45.6,31.2,54.2,77.11,0,0,2386.42,express,residencial,despejado,20,medio,moto
ENV-003602,2.76,0.44,15.5,10.3,15.1,2.41,0,0,911.24,normal,centro,lluvia,10,bajo,moto
ENV-003603,4.57,0.6,15.3,11.8,6.4,1.16,1,0,2354.73,normal,centro,lluvia,19,alto,bicicleta
ENV-003604,4.94,0.68,22.6,11.2,9.7,2.46,0,0,718.51,normal,residencial,viento_fuerte,8,medio,bicicleta
ENV-003605,5.93,1.85,25.6,16.4,13.5,5.67,0,0,868.15,normal,residencial,despejado,8,alto,bicicleta
ENV-003606,5.17,1.71,29.1,16.0,16.5,7.68,0,0,454.28,normal,centro,despejado,16,alto,bicicleta
ENV-003607,18.39,2.5,34.8,19.6,15.3,10.44,0,0,396.9,express,periferia,lluvia,18,alto,moto
ENV-003608,1.64,0.9,23.9,11.0,13.2,3.47,1,0,13125.33,express,centro,despejado,19,alto,bicicleta
ENV-003609,9.51,7.56,31.2,35.9,24.9,27.89,0,0,2037.01,mismo_dia,residencial,despejado,14,bajo,moto
ENV-003610,9.34,2.31,20.5,14.5,11.9,3.54,0,0,187.44,express,residencial,despejado,19,alto,dron
ENV-003611,5.75,17.08,91.5,47.2,30.4,131.29,1,0,187.76,normal,residencial,despejado,15,medio,camioneta
ENV-003612,6.04,0.72,20.4,14.2,12.3,3.56,1,0,10041.69,normal,residencial,despejado,5,bajo,bicicleta
ENV-003613,5.81,4.11,22.4,18.8,17.5,7.37,1,0,3300.14,normal,residencial,lluvia,9,alto,bicicleta
ENV-003614,8.13,7.05,52.5,41.3,19.0,41.2,1,0,50,normal,residencial,despejado,13,bajo,moto
ENV-003615,2.56,1.06,16.7,15.2,16.8,4.26,0,0,682.98,mismo_dia,centro,lluvia,13,medio,moto
ENV-003616,3.29,3.55,40.5,34.0,20.5,28.23,0,0,794.53,normal,centro,despejado,20,medio,bicicleta
ENV-003617,14.99,1.44,29.0,13.1,15.9,6.04,1,0,1058.36,mismo_dia,periferia,despejado,12,bajo,dron
ENV-003618,16.07,3.41,32.1,22.8,33.9,24.81,0,0,579.33,normal,periferia,despejado,19,bajo,moto
ENV-003619,6.25,30.73,93.4,69.5,35.2,228.49,0,0,831.94,normal,residencial,despejado,11,medio,camioneta
ENV-003620,10.96,4.79,28.5,24.8,13.1,9.26,1,0,1179.82,express,residencial,viento_fuerte,11,bajo,moto
ENV-003621,4.35,7.15,42.5,32.5,26.7,36.88,0,1,504.27,express,centro,despejado,9,alto,camioneta
ENV-003622,4.74,0.71,21.1,13.7,12.3,3.56,1,1,229.04,express,centro,lluvia,12,alto,camioneta
ENV-003623,4.33,8.54,55.2,35.2,21.2,41.19,0,0,615.64,mismo_dia,centro,despejado,12,bajo,moto
ENV-003624,29.78,4.25,31.9,29.7,24.2,22.93,0,0,1014.09,normal,rural,lluvia,19,alto,camioneta
ENV-003625,2.84,2.83,29.4,28.8,20.9,17.7,0,1,738.95,normal,residencial,despejado,14,alto,camioneta
ENV-003626,49.25,1.21,30.2,15.8,14.4,6.87,0,0,2743.77,normal,rural,despejado,21,medio,camioneta
ENV-003627,24.32,0.6,19.7,16.5,11.0,3.58,0,0,1977.68,express,periferia,despejado,15,alto,moto
ENV-003628,13.07,3.07,29.0,20.6,19.3,11.53,0,0,4405.35,normal,residencial,despejado,10,medio,moto
ENV-003629,17.52,0.34,18.8,10.6,7.7,1.53,0,0,1014.35,mismo_dia,periferia,despejado,9,alto,moto
ENV-003630,9.63,11.7,45.0,31.5,28.9,40.97,1,0,363.22,normal,residencial,despejado,10,medio,moto
ENV-003631,2.01,0.64,24.8,18.8,8.5,3.96,0,0,205.29,mismo_dia,centro,despejado,7,medio,bicicleta
ENV-003632,10.5,2.2,22.4,16.8,10.8,4.06,1,0,1059.81,normal,residencial,despejado,13,alto,dron
ENV-003633,1.86,5.55,33.8,25.1,19.3,16.37,0,0,665.56,normal,centro,despejado,9,alto,bicicleta
ENV-003634,18.56,1.14,25.2,17.7,19.0,8.47,0,0,235.94,express,periferia,lluvia,12,bajo,moto
ENV-003635,1.44,76.07,98.3,74.4,54.7,400.05,0,0,1522.64,mismo_dia,centro,despejado,2,bajo,camioneta
ENV-003636,4.57,2.77,35.2,23.6,20.6,17.11,0,0,132.99,express,centro,lluvia,21,medio,moto
ENV-003637,6.19,4.94,40.6,18.6,23.8,17.97,1,0,273.91,normal,residencial,despejado,12,bajo,bicicleta
ENV-003638,3.92,3.37,31.6,25.4,24.8,19.91,0,0,2459.89,mismo_dia,residencial,despejado,15,alto,bicicleta
ENV-003639,9.07,14.16,62.7,34.5,43.9,94.96,0,0,446.23,normal,periferia,lluvia,7,medio,camioneta
ENV-003640,21.81,1.46,23.7,15.3,13.6,4.93,0,0,195.73,normal,periferia,despejado,18,medio,moto
ENV-003641,7.62,20.28,91.2,37.0,41.2,139.03,0,0,1146.39,express,residencial,despejado,20,alto,camioneta
ENV-003642,8.52,12.91,51.6,29.6,48.9,74.69,0,0,507.47,express,residencial,viento_fuerte,17,medio,moto
ENV-003643,7.55,3.39,38.2,22.9,17.9,15.66,0,0,1543.49,express,periferia,lluvia,11,bajo,moto
ENV-003644,3.04,5.32,39.1,18.1,17.6,12.46,0,1,1720.17,normal,centro,despejado,9,alto,camioneta
ENV-003645,13.84,3.35,42.3,26.5,18.4,20.63,0,0,462.32,normal,periferia,despejado,13,alto,moto
ENV-003646,41.26,2.04,28.9,16.7,10.2,4.92,0,0,615.59,normal,rural,lluvia,12,bajo,camioneta
ENV-003647,4.16,1.15,30.8,17.8,10.9,5.98,0,0,61.64,normal,residencial,despejado,15,medio,bicicleta
ENV-003648,4.03,1.28,28.5,21.4,14.0,8.54,1,0,2837.2,normal,residencial,despejado,6,bajo,bicicleta
ENV-003649,6.93,4.35,32.9,29.9,33.2,32.66,1,0,2894.58,express,periferia,despejado,17,alto,bicicleta
ENV-003650,2.09,7.59,50.5,30.5,20.0,30.8,0,0,7122.47,mismo_dia,centro,despejado,19,alto,bicicleta
ENV-003651,32.77,5.92,34.5,35.7,33.2,40.89,0,0,443.6,mismo_dia,rural,despejado,12,medio,moto
ENV-003652,2.37,3.91,49.6,29.7,19.4,28.58,0,0,1777.61,normal,residencial,despejado,18,alto,bicicleta
ENV-003653,5.63,0.81,20.6,14.5,6.7,2.0,0,0,1425.78,normal,centro,despejado,7,medio,bicicleta
ENV-003654,2.49,4.25,36.6,25.0,27.8,25.44,1,0,380.41,normal,residencial,lluvia,8,alto,bicicleta
ENV-003655,4.08,0.86,17.5,11.0,19.0,3.66,0,0,686.62,normal,residencial,despejado,6,bajo,bicicleta
ENV-003656,22.82,0.37,13.3,9.0,5.9,0.71,0,0,4870.76,normal,periferia,viento_fuerte,1,medio,moto
ENV-003657,11.0,43.78,83.4,56.6,43.3,204.4,0,0,2572.18,mismo_dia,residencial,lluvia,19,alto,camioneta
ENV-003658,10.0,0.5,13.5,12.1,12.4,2.03,1,0,482.16,normal,residencial,despejado,13,medio,dron
ENV-003659,0.66,1.51,26.9,14.1,15.7,5.95,0,0,853.9,express,centro,viento_fuerte,17,medio,bicicleta
ENV-003660,21.82,1.62,26.1,20.7,12.4,6.7,0,0,149.71,express,periferia,despejado,15,alto,moto
ENV-003661,20.42,69.34,97.1,54.9,75.1,400.34,0,0,416.21,mismo_dia,rural,despejado,14,alto,camioneta
ENV-003662,7.04,6.74,48.6,23.7,24.2,27.87,0,0,880.27,mismo_dia,residencial,despejado,6,bajo,moto
ENV-003663,12.96,4.47,35.0,28.3,24.7,24.47,0,0,1282.49,mismo_dia,periferia,despejado,11,bajo,moto
ENV-003664,9.02,1.46,23.7,21.4,12.4,6.29,0,0,824.54,express,residencial,lluvia,19,medio,moto
ENV-003665,8.23,12.35,44.3,34.1,17.8,26.89,0,0,2673.55,express,periferia,despejado,7,alto,moto
ENV-003666,49.79,4.11,52.2,26.4,18.2,25.08,0,0,410.33,express,rural,despejado,16,alto,camioneta
ENV-003667,17.83,2.21,23.3,19.6,19.5,8.91,1,0,1241.1,express,periferia,lluvia,7,medio,moto
ENV-003668,5.46,0.2,12.2,9.8,6.1,0.73,0,0,149.32,normal,residencial,despejado,19,alto,bicicleta
ENV-003669,16.68,2.78,32.4,28.5,14.6,13.48,0,0,758.0,express,periferia,viento_fuerte,21,alto,moto
ENV-003670,19.34,1.72,28.0,15.4,17.8,7.68,0,0,287.2,express,periferia,viento_fuerte,12,bajo,moto
ENV-003671,13.88,1.3,27.8,17.7,14.5,7.13,0,0,198.12,normal,periferia,despejado,16,bajo,dron
ENV-003672,2.79,1.65,28.6,16.6,19.8,9.4,0,0,543.44,express,residencial,despejado,10,bajo,bicicleta
ENV-003673,52.11,2.69,31.2,31.6,19.7,19.42,0,0,471.2,normal,rural,despejado,13,alto,camioneta
ENV-003674,4.12,1.75,31.6,25.2,11.9,9.48,0,0,653.25,mismo_dia,centro,despejado,18,medio,bicicleta
ENV-003675,4.13,1.02,26.4,17.8,13.7,6.44,1,0,781.89,normal,centro,viento_fuerte,17,bajo,moto
ENV-003676,20.98,1.68,36.7,23.6,10.2,8.83,0,0,1767.8,express,periferia,despejado,3,bajo,moto
ENV-003677,9.05,8.19,41.6,35.6,17.8,26.36,0,0,735.0,normal,residencial,despejado,13,alto,moto
ENV-003678,36.42,0.25,19.1,9.3,9.7,1.72,0,0,3202.17,mismo_dia,rural,despejado,15,alto,moto
ENV-003679,2.91,16.82,44.3,28.5,37.6,47.47,0,0,9535.8,express,centro,viento_fuerte,9,bajo,moto
ENV-003680,6.07,5.18,49.8,35.5,15.5,27.4,0,0,1945.23,express,periferia,lluvia,20,alto,moto
ENV-003681,4.8,1.08,15.4,15.9,11.7,2.86,0,1,1233.94,express,residencial,despejado,15,alto,camioneta
ENV-003682,3.85,1.76,26.7,22.5,17.0,10.21,0,0,590.65,normal,centro,despejado,18,medio,bicicleta
ENV-003683,5.07,1.67,23.4,13.8,9.5,3.07,0,0,520.42,normal,residencial,despejado,17,bajo,bicicleta
ENV-003684,19.85,2.95,26.0,15.9,25.4,10.5,1,0,218.58,express,periferia,despejado,23,medio,camioneta
ENV-003685,19.66,0.98,26.6,16.8,9.7,4.33,1,0,2089.03,mismo_dia,periferia,despejado,11,alto,moto
ENV-003686,47.53,2.92,39.3,24.8,14.2,13.84,1,0,2706.69,mismo_dia,rural,lluvia,7,alto,camioneta
ENV-003687,8.08,8.92,27.6,29.8,24.7,20.32,1,0,683.17,mismo_dia,periferia,despejado,12,medio,moto
ENV-003688,29.87,0.47,15.1,11.4,6.5,1.12,0,0,1619.58,express,rural,despejado,8,alto,moto
ENV-003689,16.1,19.77,55.1,53.1,51.5,150.68,0,0,2850.26,normal,periferia,despejado,9,bajo,camioneta
ENV-003690,5.18,0.15,15.2,11.1,5.7,0.96,1,0,2275.39,mismo_dia,residencial,lluvia,9,bajo,moto
ENV-003691,31.72,6.06,42.0,38.0,27.9,44.53,0,0,1938.04,express,rural,despejado,8,bajo,moto
ENV-003692,9.66,2.99,38.4,19.1,19.5,14.3,1,0,601.94,normal,residencial,despejado,7,alto,moto
ENV-003693,11.31,1.11,20.3,21.2,19.2,8.26,0,0,362.3,mismo_dia,periferia,despejado,19,alto,dron
ENV-003694,3.0,1.46,24.1,15.7,7.2,2.72,1,0,1810.25,express,centro,despejado,14,alto,bicicleta
ENV-003695,7.82,1.57,21.9,16.7,16.3,5.96,0,0,6354.3,normal,residencial,despejado,10,bajo,dron
ENV-003696,3.36,13.99,58.2,29.5,27.9,47.9,0,0,99.55,normal,centro,despejado,8,alto,moto
ENV-003697,8.63,3.09,37.3,26.4,18.5,18.22,0,0,437.7,mismo_dia,residencial,despejado,17,bajo,moto
ENV-003698,1.95,2.03,31.4,27.8,16.5,14.4,1,0,487.09,normal,centro,despejado,18,medio,bicicleta
ENV-003699,2.68,23.82,68.4,62.1,39.8,169.06,0,0,1165.56,express,residencial,despejado,7,alto,camioneta
ENV-003700,12.8,2.21,34.4,17.2,20.0,11.83,0,0,156.84,express,periferia,despejado,13,bajo,dron
ENV-003701,3.15,4.55,48.3,30.9,21.8,32.54,0,0,200.73,normal,centro,despejado,9,medio,bicicleta
ENV-003702,4.61,1.65,35.3,26.6,13.1,12.3,0,0,1183.11,normal,centro,lluvia,8,medio,moto
ENV-003703,3.04,2.53,33.0,18.3,27.7,16.73,0,0,851.41,express,centro,despejado,9,alto,bicicleta
ENV-003704,4.3,14.86,65.1,38.0,41.4,102.42,0,0,310.58,express,centro,despejado,19,alto,camioneta
ENV-003705,1.21,4.64,21.6,18.0,23.4,9.1,0,0,2407.52,mismo_dia,centro,despejado,17,bajo,bicicleta
ENV-003706,21.32,2.79,31.7,22.9,20.4,14.81,0,1,161.71,normal,rural,lluvia,13,alto,camioneta
ENV-003707,16.35,6.02,37.5,42.6,29.3,46.81,0,0,769.69,express,periferia,despejado,17,medio,moto
ENV-003708,9.75,2.85,33.4,20.6,19.5,13.42,1,0,1188.23,normal,residencial,lluvia,16,medio,moto
ENV-003709,19.78,0.7,26.0,17.7,7.6,3.5,1,0,258.25,normal,periferia,lluvia,16,medio,moto
ENV-003710,16.17,6.32,58.1,43.8,19.5,49.62,0,0,6165.82,normal,periferia,lluvia,22,medio,moto
ENV-003711,2.42,0.99,19.8,16.4,23.2,7.53,0,0,3233.39,express,centro,despejado,5,medio,moto
ENV-003712,3.5,34.2,106.3,45.1,48.3,231.56,0,0,887.24,express,centro,despejado,7,medio,camioneta
ENV-003713,3.96,0.5,16.2,16.3,9.7,2.56,1,0,18457.79,normal,residencial,despejado,11,bajo,bicicleta
ENV-003714,3.44,33.49,58.2,38.7,54.2,122.08,1,0,1498.25,express,centro,despejado,22,medio,camioneta
ENV-003715,1.59,1.87,23.4,23.3,21.0,11.45,0,0,494.36,express,centro,despejado,20,bajo,bicicleta
ENV-003716,9.23,1.2,19.6,18.5,10.3,3.73,0,0,1324.82,mismo_dia,residencial,despejado,22,bajo,moto
ENV-003717,27.2,5.22,37.3,21.8,29.2,23.74,0,0,2392.59,express,rural,lluvia,10,medio,moto
ENV-003718,5.3,58.17,82.9,59.9,80.6,400.24,1,0,15132.26,normal,residencial,lluvia,9,alto,camioneta
ENV-003719,0.97,0.57,14.2,12.1,13.4,2.3,0,0,520.57,normal,centro,despejado,16,bajo,bicicleta
ENV-003720,1.65,6.02,40.1,28.1,33.5,37.75,0,0,691.06,express,centro,despejado,9,alto,bicicleta
ENV-003721,12.56,2.91,49.2,20.8,20.4,20.88,0,0,557.23,normal,periferia,despejado,14,alto,moto
ENV-003722,3.07,0.89,27.8,13.0,14.8,5.35,0,0,342.81,normal,residencial,despejado,8,bajo,bicicleta
ENV-003723,12.14,0.9,24.9,17.4,8.5,3.68,0,0,455.58,normal,residencial,despejado,13,alto,moto
ENV-003724,13.37,6.16,48.3,32.3,16.9,26.37,0,0,336.81,mismo_dia,residencial,despejado,16,medio,moto
ENV-003725,4.87,0.67,13.7,8.8,15.8,1.9,1,0,1286.45,mismo_dia,residencial,viento_fuerte,12,alto,bicicleta
ENV-003726,6.16,1.31,14.4,14.3,10.7,2.2,0,0,6431.91,normal,residencial,lluvia,20,alto,moto
ENV-003727,3.45,0.47,18.4,12.6,6.1,1.41,0,0,394.55,express,residencial,despejado,18,alto,bicicleta
ENV-003728,3.81,3.15,32.1,23.5,16.0,12.07,1,0,580.91,express,centro,despejado,19,medio,bicicleta
ENV-003729,10.72,1.56,23.0,20.4,12.7,5.96,0,0,815.23,normal,residencial,lluvia,18,alto,camioneta
ENV-003730,10.52,0.28,14.1,8.9,6.9,0.87,0,0,1558.0,normal,residencial,despejado,10,bajo,dron
ENV-003731,3.15,0.48,21.8,17.2,8.8,3.3,0,0,1695.69,mismo_dia,residencial,viento_fuerte,15,alto,bicicleta
ENV-003732,1.71,2.95,29.5,34.0,22.9,22.97,0,0,821.93,normal,centro,despejado,18,bajo,bicicleta
ENV-003733,27.13,41.89,50.0,36.9,66.5,122.69,1,0,106.88,normal,rural,despejado,18,medio,camioneta
ENV-003734,10.93,25.47,60.6,45.5,25.2,69.48,1,0,1036.68,normal,periferia,despejado,14,alto,camioneta
ENV-003735,7.87,1.06,18.9,13.3,8.4,2.11,0,0,406.6,express,periferia,despejado,7,alto,dron
ENV-003736,3.49,1.94,27.0,21.0,22.1,12.53,0,0,11105.25,normal,centro,viento_fuerte,12,medio,bicicleta
ENV-003737,30.24,6.56,49.4,24.0,21.7,25.73,0,0,505.49,mismo_dia,rural,despejado,0,bajo,moto
ENV-003738,9.99,0.84,31.7,17.4,11.0,6.07,0,0,172.58,express,periferia,despejado,16,medio,dron
ENV-003739,54.34,18.02,57.1,43.4,37.1,91.94,0,0,85.87,normal,rural,despejado,17,bajo,camioneta
ENV-003740,32.12,4.03,41.0,27.3,15.0,16.79,0,0,892.59,express,rural,lluvia,18,alto,moto
ENV-003741,25.67,3.47,38.8,24.8,11.4,10.97,0,1,4348.78,normal,rural,viento_fuerte,12,bajo,camioneta
ENV-003742,8.3,6.74,37.4,17.3,16.2,10.48,0,0,2286.62,normal,residencial,despejado,0,alto,moto
ENV-003743,23.27,10.88,38.1,32.1,37.7,46.11,0,0,2186.84,normal,periferia,lluvia,13,medio,moto
ENV-003744,23.67,2.48,41.8,18.0,18.7,14.07,0,0,1039.87,normal,periferia,despejado,23,medio,moto
ENV-003745,1.83,2.91,25.8,26.6,24.3,16.68,0,0,985.41,express,centro,despejado,9,alto,bicicleta
ENV-003746,15.77,7.68,41.3,37.5,26.6,41.2,0,0,1036.81,express,periferia,despejado,15,alto,moto
ENV-003747,3.32,2.06,20.8,18.1,15.7,5.91,1,0,281.38,normal,residencial,despejado,14,medio,bicicleta
ENV-003748,4.69,12.57,35.4,26.3,37.8,35.19,0,0,7648.3,normal,centro,despejado,6,bajo,moto
ENV-003749,1.68,16.78,56.8,38.5,18.5,40.46,0,0,201.93,normal,centro,despejado,13,alto,moto
ENV-003750,3.63,5.95,53.5,36.1,17.9,34.57,1,0,1123.05,normal,centro,viento_fuerte,21,medio,moto
ENV-003751,1.75,43.66,82.4,57.2,50.0,235.66,0,0,6333.79,mismo_dia,centro,viento_fuerte,8,medio,camioneta
ENV-003752,2.49,0.27,12.5,8.8,6.8,0.75,0,0,1687.57,normal,centro,lluvia,15,medio,moto
ENV-003753,3.42,1.43,27.3,14.2,18.3,7.09,0,0,353.74,mismo_dia,residencial,despejado,8,alto,bicicleta
ENV-003754,3.78,3.64,49.9,22.6,19.2,21.65,0,0,6945.84,normal,residencial,despejado,9,bajo,bicicleta
ENV-003755,4.43,0.86,17.7,12.7,8.3,1.87,0,0,1627.03,normal,centro,lluvia,11,medio,moto
ENV-003756,3.19,3.92,42.6,21.5,19.4,17.77,0,0,328.75,express,centro,viento_fuerte,20,medio,bicicleta
ENV-003757,40.72,0.86,15.7,11.8,9.3,1.72,1,0,2201.53,normal,rural,despejado,5,medio,camioneta
ENV-003758,5.91,0.34,16.6,8.2,7.0,0.95,1,0,208.06,express,centro,lluvia,9,alto,moto
ENV-003759,10.29,2.41,20.2,19.4,19.7,7.72,0,0,1756.06,normal,residencial,despejado,15,medio,dron
ENV-003760,16.65,6.8,41.9,26.6,42.9,47.81,0,1,2657.37,mismo_dia,periferia,viento_fuerte,16,medio,camioneta
ENV-003761,9.81,4.72,27.7,16.9,19.8,9.27,0,0,277.3,normal,residencial,despejado,12,medio,moto
ENV-003762,4.0,2.08,25.3,17.4,17.5,7.7,1,0,779.41,express,residencial,despejado,10,medio,dron
ENV-003763,1.9,17.14,57.8,52.6,37.6,114.31,0,0,4909.58,express,centro,despejado,15,alto,camioneta
ENV-003764,0.8,4.35,40.4,36.4,20.8,30.59,1,0,60.67,mismo_dia,centro,despejado,8,medio,bicicleta
ENV-003765,26.31,3.28,35.3,21.5,16.2,12.29,0,0,564.16,mismo_dia,rural,lluvia,18,alto,moto
ENV-003766,10.66,10.93,40.9,35.1,34.6,49.67,0,0,828.14,express,residencial,despejado,23,alto,moto
ENV-003767,1.78,0.25,12.4,9.4,4.7,0.55,1,0,475.37,normal,centro,despejado,14,bajo,bicicleta
ENV-003768,5.21,0.8,31.0,13.8,13.0,5.56,0,0,2451.85,express,residencial,despejado,7,alto,dron
ENV-003769,2.08,1.56,35.4,18.4,16.7,10.88,1,0,254.0,normal,centro,despejado,15,alto,bicicleta
ENV-003770,4.19,0.99,27.5,13.5,18.5,6.87,0,0,1393.01,normal,centro,despejado,15,bajo,bicicleta
ENV-003771,4.96,3.07,49.3,19.8,22.5,21.96,0,0,70.89,normal,residencial,despejado,12,bajo,bicicleta
ENV-003772,9.76,0.97,20.4,16.3,12.2,4.06,0,0,4122.64,express,residencial,lluvia,18,alto,moto
ENV-003773,29.0,0.4,23.3,10.0,11.1,2.59,0,0,1281.7,express,rural,despejado,10,medio,moto
ENV-003774,1.99,1.38,24.7,19.0,17.4,8.17,0,0,764.99,normal,centro,lluvia,0,medio,moto
ENV-003775,33.49,2.21,19.2,16.4,16.3,5.13,0,0,4393.42,express,rural,despejado,11,bajo,moto
ENV-003776,3.16,3.21,33.7,24.8,26.1,21.81,1,0,629.18,normal,centro,despejado,19,medio,bicicleta
ENV-003777,13.2,0.56,18.4,16.3,12.7,3.81,0,0,2250.53,normal,residencial,viento_fuerte,15,alto,moto
ENV-003778,10.85,0.3,14.6,7.9,8.4,0.97,0,0,4187.11,mismo_dia,periferia,despejado,6,bajo,dron
ENV-003779,8.21,1.2,17.0,12.5,9.8,2.08,0,0,134.74,normal,periferia,despejado,15,alto,dron
ENV-003780,17.22,1.44,25.9,18.7,22.4,10.85,0,0,2158.63,normal,periferia,despejado,14,alto,moto
ENV-003781,2.36,1.04,21.3,14.2,10.6,3.21,0,0,377.41,normal,residencial,despejado,9,alto,bicicleta
ENV-003782,11.3,3.49,43.4,29.6,13.1,16.83,0,0,50,normal,residencial,despejado,5,medio,moto
ENV-003783,0.81,1.87,34.8,25.9,15.4,13.88,0,0,2752.85,mismo_dia,centro,viento_fuerte,22,medio,moto
ENV-003784,1.85,4.0,45.5,23.9,23.3,25.34,0,0,2474.52,normal,centro,despejado,18,alto,bicicleta
ENV-003785,11.07,1.2,25.7,21.1,12.6,6.83,0,1,656.17,normal,residencial,despejado,15,alto,camioneta
ENV-003786,4.75,0.47,21.5,14.9,9.0,2.88,0,0,2258.3,normal,residencial,despejado,10,medio,bicicleta
ENV-003787,12.38,0.49,24.6,14.2,10.2,3.56,0,0,850.43,mismo_dia,periferia,despejado,2,bajo,moto
ENV-003788,10.93,6.23,50.0,27.8,29.4,40.87,0,0,3387.28,mismo_dia,periferia,despejado,17,bajo,moto
ENV-003789,8.6,2.24,20.4,13.8,24.6,6.93,0,0,291.67,normal,residencial,lluvia,9,alto,moto
ENV-003790,2.92,0.89,21.3,14.3,10.2,3.11,0,0,536.72,normal,centro,despejado,9,alto,bicicleta
ENV-003791,5.66,6.18,42.1,24.2,14.6,14.87,0,0,435.65,normal,residencial,viento_fuerte,3,bajo,moto
ENV-003792,12.07,1.8,29.0,17.3,22.6,11.34,0,0,266.94,express,periferia,lluvia,12,medio,moto
ENV-003793,3.07,2.74,26.0,17.2,12.1,5.41,0,0,778.89,normal,residencial,despejado,8,alto,bicicleta
ENV-003794,43.33,0.79,16.3,9.8,8.0,1.28,1,0,4606.07,express,rural,viento_fuerte,10,medio,camioneta
ENV-003795,41.52,5.55,34.0,22.1,37.4,28.1,0,0,2473.03,normal,rural,despejado,0,medio,camioneta
ENV-003796,4.09,1.66,23.8,20.3,13.6,6.57,0,0,982.6,normal,centro,despejado,12,bajo,bicicleta
ENV-003797,44.58,17.66,49.2,52.4,45.9,118.33,1,0,278.93,normal,rural,despejado,15,medio,camioneta
ENV-003798,8.77,0.62,17.1,16.9,10.7,3.09,0,0,193.13,express,residencial,despejado,13,medio,dron
ENV-003799,32.01,1.87,22.0,14.9,14.6,4.79,0,0,54.22,mismo_dia,rural,lluvia,10,bajo,camioneta
ENV-003800,14.47,1.5,33.1,19.3,17.2,10.99,0,0,274.75,express,residencial,despejado,16,alto,dron
ENV-003801,4.04,2.83,31.6,24.1,15.5,11.8,0,0,857.11,normal,centro,despejado,14,alto,bicicleta
ENV-003802,1.94,0.69,16.2,12.0,17.0,3.3,1,0,2270.08,normal,centro,despejado,8,alto,bicicleta
ENV-003803,2.14,0.75,15.2,12.9,7.3,1.43,0,0,1818.62,normal,centro,lluvia,13,alto,moto
ENV-003804,15.91,1.49,15.4,11.3,19.4,3.38,0,0,213.64,normal,periferia,despejado,12,bajo,moto
ENV-003805,2.85,3.7,28.4,19.7,28.6,16.0,0,0,1879.94,express,residencial,despejado,17,medio,bicicleta
ENV-003806,4.74,26.37,75.5,47.7,37.7,135.77,0,0,949.6,normal,residencial,despejado,20,medio,camioneta
ENV-003807,7.82,1.2,23.1,16.9,24.0,9.37,1,0,458.46,express,residencial,despejado,15,alto,dron
ENV-003808,10.26,5.51,45.7,37.5,23.9,40.96,0,0,2217.64,normal,residencial,despejado,16,bajo,moto
ENV-003809,13.6,4.0,44.4,28.5,24.9,31.51,0,0,130.56,express,residencial,despejado,13,alto,moto
ENV-003810,7.31,2.14,40.3,22.5,17.7,16.05,1,0,862.66,normal,residencial,viento_fuerte,18,alto,camioneta
ENV-003811,5.98,0.59,13.2,13.4,12.1,2.14,0,1,852.31,express,residencial,despejado,13,alto,camioneta
ENV-003812,36.4,0.2,14.1,6.7,5.9,0.56,1,0,614.47,mismo_dia,rural,despejado,18,bajo,moto
ENV-003813,10.01,8.63,51.9,40.5,19.1,40.15,1,0,193.6,express,periferia,despejado,19,alto,moto
ENV-003814,1.23,4.21,41.5,32.4,20.3,27.3,1,0,1378.54,express,centro,despejado,7,medio,bicicleta
ENV-003815,7.17,5.12,42.3,33.7,16.2,23.09,1,0,4873.78,express,periferia,despejado,11,bajo,moto
ENV-003816,2.02,6.28,61.7,40.5,19.0,47.48,0,0,866.24,mismo_dia,centro,despejado,21,medio,moto
ENV-003817,1.82,5.68,31.9,18.9,23.2,13.99,1,0,4038.49,normal,centro,despejado,19,alto,bicicleta
ENV-003818,12.57,0.93,23.9,12.3,9.4,2.76,0,0,1023.68,normal,residencial,despejado,19,alto,camioneta
ENV-003819,7.19,2.97,26.1,12.7,15.2,5.04,0,0,225.41,normal,residencial,despejado,9,alto,moto
ENV-003820,3.34,0.39,17.6,15.3,8.6,2.32,0,0,967.45,express,centro,lluvia,14,bajo,moto
ENV-003821,3.82,1.99,25.8,16.5,14.8,6.3,0,0,3863.98,normal,residencial,despejado,19,alto,bicicleta
ENV-003822,6.62,0.58,18.5,12.2,17.7,3.99,0,0,594.43,normal,residencial,lluvia,10,medio,moto
ENV-003823,4.22,1.63,32.5,21.4,15.8,10.99,0,0,1424.63,normal,residencial,lluvia,21,bajo,moto
ENV-003824,14.84,0.99,25.8,10.9,12.8,3.6,0,0,993.09,normal,periferia,despejado,15,alto,dron
ENV-003825,3.42,4.41,38.0,25.0,16.0,15.2,0,0,3106.46,express,centro,lluvia,12,bajo,bicicleta
ENV-003826,1.25,1.72,27.6,19.9,24.0,13.18,0,0,305.28,express,centro,despejado,17,bajo,bicicleta
ENV-003827,10.87,1.32,21.4,12.9,10.9,3.01,0,0,858.69,normal,periferia,despejado,8,alto,dron
ENV-003828,0.84,14.15,63.8,38.1,27.3,66.36,0,0,213.3,express,centro,despejado,10,bajo,moto
ENV-003829,2.49,1.34,21.2,12.7,8.6,2.32,0,0,1271.36,normal,centro,despejado,21,medio,moto
ENV-003830,20.04,5.39,46.6,34.7,24.3,39.29,0,0,1417.33,mismo_dia,periferia,despejado,13,medio,moto
ENV-003831,12.2,0.9,30.5,13.3,12.6,5.11,0,0,886.5,express,residencial,despejado,17,bajo,dron
ENV-003832,0.98,45.05,102.8,60.4,46.5,288.72,0,0,1594.3,express,centro,despejado,11,bajo,camioneta
ENV-003833,5.84,2.15,29.1,25.2,16.3,11.95,0,0,193.47,normal,residencial,despejado,7,alto,bicicleta
ENV-003834,9.43,1.41,24.5,12.1,17.1,5.07,0,0,1552.66,express,residencial,despejado,12,medio,dron
ENV-003835,7.68,10.59,72.9,38.9,27.8,78.84,0,0,2245.19,mismo_dia,residencial,lluvia,8,alto,moto
ENV-003836,1.65,3.32,48.9,31.8,14.6,22.7,0,0,260.71,normal,centro,despejado,7,bajo,bicicleta
ENV-003837,28.55,1.63,24.0,14.4,18.5,6.39,0,0,517.04,express,rural,despejado,20,alto,moto
ENV-003838,24.49,1.0,17.9,8.9,11.8,1.88,0,0,1853.9,normal,rural,lluvia,8,alto,moto
ENV-003839,2.61,1.08,34.9,15.6,15.7,8.55,0,0,827.55,express,centro,despejado,8,alto,bicicleta
ENV-003840,11.72,4.15,38.6,26.7,10.8,11.13,0,0,382.9,mismo_dia,residencial,lluvia,13,medio,moto
ENV-003841,2.63,2.54,26.7,24.4,19.1,12.44,0,0,524.51,normal,centro,despejado,12,alto,bicicleta
ENV-003842,6.64,0.72,30.2,19.4,9.0,5.27,0,0,2425.83,normal,periferia,despejado,19,alto,bicicleta
ENV-003843,14.94,2.07,24.8,22.1,25.1,13.76,0,0,776.51,express,periferia,despejado,18,alto,moto
ENV-003844,8.73,2.24,23.9,16.6,15.4,6.11,0,0,6238.24,normal,residencial,despejado,20,bajo,dron
ENV-003845,1.05,0.56,26.2,14.2,9.0,3.35,0,0,3186.96,normal,centro,despejado,6,alto,bicicleta
ENV-003846,2.91,2.96,23.3,25.8,20.4,12.26,0,0,1628.61,normal,centro,despejado,14,alto,bicicleta
ENV-003847,16.25,8.15,36.7,24.4,21.6,19.34,0,0,1091.67,normal,periferia,lluvia,16,medio,moto
ENV-003848,23.21,1.6,28.2,24.4,12.7,8.74,0,0,4023.91,express,periferia,despejado,10,bajo,moto
ENV-003849,6.06,1.29,28.4,16.5,12.2,5.72,0,0,268.64,normal,residencial,despejado,10,bajo,bicicleta
ENV-003850,20.23,3.13,41.0,22.0,22.1,19.93,0,0,2610.61,express,periferia,viento_fuerte,11,bajo,moto
ENV-003851,8.67,3.54,32.8,23.0,33.8,25.5,0,0,5130.44,mismo_dia,residencial,lluvia,15,bajo,moto
ENV-003852,2.46,0.13,14.1,7.4,4.9,0.51,0,0,236.93,express,centro,despejado,14,alto,camioneta
ENV-003853,3.37,2.39,35.8,26.4,20.2,19.09,0,0,306.37,mismo_dia,centro,viento_fuerte,9,alto,moto
ENV-003854,2.63,41.46,100.3,63.5,29.7,189.16,0,0,138.4,mismo_dia,centro,viento_fuerte,15,alto,camioneta
ENV-003855,12.9,1.38,37.0,20.2,13.4,10.02,0,0,715.36,express,residencial,despejado,7,alto,dron
ENV-003856,3.8,7.87,41.2,25.6,41.9,44.19,0,0,373.05,normal,centro,viento_fuerte,15,medio,moto
ENV-003857,2.25,47.23,106.6,60.9,38.1,247.34,0,0,395.98,express,centro,despejado,14,bajo,camioneta
ENV-003858,20.87,30.17,48.5,38.0,55.6,102.47,0,0,561.21,express,periferia,viento_fuerte,11,bajo,camioneta
ENV-003859,3.92,0.72,15.8,13.1,7.0,1.45,1,0,589.21,express,residencial,despejado,14,medio,dron
ENV-003860,46.15,7.65,35.5,23.7,25.9,21.79,0,0,912.05,normal,rural,lluvia,16,bajo,camioneta
ENV-003861,3.77,1.84,24.8,20.6,11.9,6.08,0,0,79.87,normal,residencial,lluvia,20,alto,moto
ENV-003862,2.38,0.56,23.8,18.3,10.2,4.44,0,0,1295.55,express,centro,despejado,12,bajo,moto
ENV-003863,10.53,6.54,34.3,27.5,42.2,39.81,0,0,637.39,normal,residencial,despejado,6,bajo,moto
ENV-003864,12.59,1.35,20.3,16.1,20.3,6.63,0,0,667.62,normal,periferia,despejado,13,medio,dron
ENV-003865,29.75,1.21,31.2,12.6,14.5,5.7,1,1,3242.33,express,rural,viento_fuerte,9,alto,camioneta
ENV-003866,7.7,1.09,21.1,16.9,22.9,8.17,0,0,3521.74,normal,residencial,lluvia,11,bajo,moto
ENV-003867,5.74,1.64,24.5,14.6,8.7,3.11,0,1,113.83,normal,centro,despejado,8,alto,camioneta
ENV-003868,10.22,1.28,20.9,11.3,8.6,2.03,1,0,103.88,normal,residencial,despejado,17,medio,dron
ENV-003869,9.86,1.52,22.4,23.8,16.4,8.74,0,0,499.17,express,residencial,despejado,14,alto,dron
ENV-003870,5.14,12.56,40.1,29.1,54.1,63.13,0,0,454.83,normal,centro,despejado,10,bajo,moto
ENV-003871,10.6,2.01,28.9,15.2,14.1,6.19,0,0,271.89,mismo_dia,residencial,despejado,16,medio,dron
ENV-003872,2.67,30.4,57.1,32.3,40.8,75.25,0,1,734.54,express,centro,despejado,14,alto,camioneta
ENV-003873,3.23,0.5,21.0,12.9,6.5,1.76,0,0,811.74,normal,centro,lluvia,23,medio,moto
ENV-003874,1.59,0.21,14.9,7.2,5.9,0.63,0,0,894.83,normal,centro,lluvia,13,alto,moto
ENV-003875,19.36,0.8,16.9,8.8,12.0,1.78,0,0,3152.87,normal,periferia,despejado,19,medio,moto
ENV-003876,9.82,2.22,31.8,24.3,13.1,10.12,0,0,161.19,mismo_dia,residencial,lluvia,12,medio,moto
ENV-003877,3.1,1.47,39.2,27.2,10.9,11.62,0,0,1573.48,express,centro,despejado,7,medio,bicicleta
ENV-003878,2.59,1.38,23.8,18.0,23.4,10.02,1,0,2259.86,normal,centro,despejado,7,bajo,bicicleta
ENV-003879,2.6,1.09,16.4,11.5,17.3,3.26,0,0,962.6,normal,centro,despejado,11,bajo,bicicleta
ENV-003880,5.51,0.86,24.1,12.0,12.6,3.64,0,0,2299.61,mismo_dia,residencial,despejado,7,alto,dron
ENV-003881,15.71,4.26,37.6,26.3,32.5,32.14,0,0,1028.54,normal,periferia,despejado,11,bajo,moto
ENV-003882,3.35,1.63,22.7,20.3,10.8,4.98,0,0,1593.85,express,centro,lluvia,16,medio,moto
ENV-003883,8.21,2.04,20.0,15.0,11.4,3.42,0,0,1677.7,express,periferia,despejado,13,alto,dron
ENV-003884,3.23,1.12,32.3,18.2,11.6,6.82,0,0,68.75,express,centro,lluvia,7,medio,bicicleta
ENV-003885,10.01,76.57,104.8,64.2,34.3,230.78,0,0,2393.5,mismo_dia,residencial,lluvia,6,bajo,camioneta
ENV-003886,2.63,0.77,21.3,17.0,8.5,3.08,0,0,1324.15,express,centro,despejado,22,medio,moto
ENV-003887,8.07,7.54,36.7,19.0,22.5,15.69,0,0,941.39,express,residencial,despejado,15,alto,moto
ENV-003888,11.34,7.54,35.8,31.2,28.6,31.95,0,0,1578.63,express,residencial,despejado,17,bajo,moto
ENV-003889,30.34,0.85,20.2,16.1,19.7,6.41,0,0,1181.23,normal,rural,despejado,13,bajo,moto
ENV-003890,12.0,3.25,42.0,32.7,15.6,21.43,0,0,765.99,normal,residencial,despejado,10,bajo,camioneta
ENV-003891,12.2,2.79,30.4,22.9,29.2,20.33,0,0,350.85,mismo_dia,periferia,despejado,16,alto,moto
ENV-003892,10.14,1.07,14.0,10.2,17.1,2.44,0,0,144.38,express,residencial,lluvia,16,alto,moto
ENV-003893,19.05,9.16,55.6,29.2,27.2,44.16,0,0,461.63,normal,periferia,viento_fuerte,17,bajo,moto
ENV-003894,6.14,2.16,44.6,25.6,14.6,16.67,0,0,6406.6,mismo_dia,residencial,despejado,15,alto,moto
ENV-003895,9.08,0.87,27.8,15.1,14.9,6.25,0,0,822.14,mismo_dia,residencial,despejado,7,alto,dron
ENV-003896,2.66,2.44,22.9,13.1,17.0,5.1,0,0,2405.62,normal,centro,lluvia,14,alto,moto
ENV-003897,25.61,8.43,45.3,29.8,48.4,65.34,0,0,1752.12,mismo_dia,rural,despejado,19,alto,camioneta
ENV-003898,5.87,0.91,12.9,11.9,10.6,1.63,0,0,3887.67,normal,residencial,despejado,11,bajo,bicicleta
ENV-003899,22.59,2.28,39.9,25.0,17.3,17.26,1,1,2730.28,normal,periferia,despejado,8,medio,camioneta
ENV-003900,2.11,1.34,29.4,20.1,14.8,8.75,0,0,447.05,normal,residencial,despejado,9,alto,bicicleta
ENV-003901,5.99,20.85,85.3,49.2,36.9,154.86,0,0,1455.34,normal,residencial,despejado,17,medio,camioneta
ENV-003902,6.56,0.49,18.8,10.7,11.9,2.39,0,0,864.37,normal,residencial,despejado,12,bajo,bicicleta
ENV-003903,8.46,0.88,26.2,17.3,14.4,6.53,0,0,1102.48,normal,residencial,despejado,10,bajo,dron
ENV-003904,12.16,9.29,37.2,28.2,34.7,36.4,0,1,779.26,normal,periferia,lluvia,18,alto,camioneta
ENV-003905,11.26,44.37,97.8,55.6,53.1,288.74,0,0,814.93,mismo_dia,periferia,lluvia,11,bajo,camioneta
ENV-003906,4.82,0.85,23.0,15.2,18.9,6.61,0,0,357.8,normal,residencial,despejado,12,bajo,bicicleta
ENV-003907,12.78,7.57,52.1,33.4,26.6,46.29,0,0,390.34,normal,periferia,despejado,14,medio,moto
ENV-003908,2.9,3.43,23.0,19.3,21.6,9.59,0,0,489.95,normal,centro,despejado,7,medio,bicicleta
ENV-003909,18.44,10.88,38.6,29.3,43.3,48.97,0,0,212.31,express,periferia,despejado,22,bajo,moto
ENV-003910,13.33,5.26,33.8,32.1,28.8,31.25,0,0,184.77,normal,residencial,despejado,7,alto,moto
ENV-003911,12.57,7.56,53.4,22.7,26.7,32.37,0,0,958.47,normal,residencial,despejado,8,medio,moto
ENV-003912,49.87,15.93,59.3,43.3,38.4,98.6,0,0,149.25,normal,rural,despejado,15,medio,camioneta
ENV-003913,7.86,5.41,55.8,23.4,27.9,36.43,0,0,1627.82,normal,residencial,despejado,18,medio,moto
ENV-003914,8.41,3.71,35.3,21.7,10.9,8.35,0,0,556.1,normal,residencial,lluvia,19,alto,moto
ENV-003915,12.71,1.01,13.2,10.4,15.6,2.14,0,0,3454.02,express,periferia,despejado,11,medio,dron
ENV-003916,1.98,4.19,41.2,22.7,29.4,27.5,0,0,1420.13,normal,centro,despejado,13,alto,bicicleta
ENV-003917,15.57,2.11,35.3,21.2,15.9,11.9,0,0,393.93,normal,periferia,despejado,7,bajo,camioneta
ENV-003918,6.77,3.71,39.2,23.6,27.4,25.35,0,0,458.25,normal,residencial,despejado,10,medio,bicicleta
ENV-003919,31.45,8.5,46.0,41.0,24.5,46.21,0,0,576.08,normal,rural,despejado,15,bajo,moto
ENV-003920,7.44,0.99,20.7,17.0,9.8,3.45,0,0,479.22,express,residencial,despejado,9,alto,dron
ENV-003921,3.77,0.83,16.0,11.7,16.6,3.11,0,0,1405.63,normal,residencial,despejado,10,medio,bicicleta
ENV-003922,3.3,1.35,23.9,18.0,15.8,6.8,0,1,7063.69,normal,centro,despejado,14,alto,camioneta
ENV-003923,2.06,0.59,16.1,15.6,15.3,3.84,0,0,2682.59,normal,centro,despejado,10,medio,bicicleta
ENV-003924,2.1,0.36,14.5,11.0,7.4,1.18,0,0,1445.61,normal,centro,lluvia,17,bajo,moto
ENV-003925,6.33,3.25,37.0,26.9,18.7,18.61,1,0,2136.08,normal,residencial,despejado,11,bajo,bicicleta
ENV-003926,8.13,1.11,19.8,17.0,10.4,3.5,0,0,5524.54,normal,residencial,despejado,11,medio,dron
ENV-003927,6.42,1.23,23.2,14.4,9.0,3.01,1,1,3867.48,express,residencial,lluvia,15,medio,camioneta
ENV-003928,11.08,1.8,38.4,20.7,13.6,10.81,1,0,395.22,normal,residencial,despejado,22,bajo,moto
ENV-003929,3.16,5.47,33.6,20.3,13.2,9.0,0,0,2228.51,mismo_dia,residencial,despejado,2,bajo,moto
ENV-003930,18.75,6.16,28.0,19.4,19.9,10.81,0,0,2310.99,normal,periferia,lluvia,21,bajo,moto
ENV-003931,28.44,0.38,17.5,11.3,8.6,1.7,0,0,4343.9,normal,rural,despejado,20,alto,moto
ENV-003932,21.99,1.9,23.2,17.0,25.2,9.94,1,0,500.6,normal,periferia,despejado,11,medio,moto
ENV-003933,13.85,0.86,21.6,10.5,13.5,3.06,1,0,1979.38,normal,periferia,lluvia,17,medio,moto
ENV-003934,38.82,6.02,25.0,14.7,24.7,9.08,0,0,433.09,mismo_dia,rural,despejado,21,bajo,moto
ENV-003935,9.26,1.48,20.8,12.5,9.4,2.44,0,0,531.37,mismo_dia,residencial,despejado,15,alto,dron
ENV-003936,4.67,25.32,72.5,36.5,25.0,66.16,0,0,1182.12,normal,centro,lluvia,18,alto,camioneta
ENV-003937,16.82,9.71,46.5,46.0,28.6,61.18,0,0,219.49,express,periferia,lluvia,10,medio,moto
ENV-003938,2.02,0.97,20.0,15.2,15.0,4.56,0,0,6960.72,express,centro,despejado,15,alto,bicicleta
ENV-003939,13.05,4.13,24.6,24.3,17.8,10.64,0,0,1754.14,express,periferia,despejado,9,alto,moto
ENV-003940,18.21,8.28,35.5,30.3,19.9,21.41,0,1,350.56,mismo_dia,periferia,despejado,6,bajo,camioneta
ENV-003941,16.56,6.14,37.9,27.2,17.3,17.83,1,0,446.63,normal,periferia,lluvia,22,bajo,moto
ENV-003942,3.66,5.14,35.7,30.0,28.2,30.2,0,1,3060.25,express,centro,despejado,18,alto,camioneta
ENV-003943,16.26,28.65,53.2,34.7,54.9,101.35,0,0,1770.02,normal,periferia,despejado,12,bajo,camioneta
ENV-003944,11.97,1.7,20.1,19.3,20.8,8.07,0,0,59.98,mismo_dia,residencial,despejado,9,medio,dron
ENV-003945,10.02,45.38,59.4,50.6,34.9,104.9,0,0,2200.61,express,periferia,despejado,18,alto,camioneta
ENV-003946,3.06,1.5,28.3,25.9,14.1,10.33,0,0,4717.87,express,centro,despejado,12,bajo,bicicleta
ENV-003947,56.44,1.76,29.5,18.7,10.9,6.01,0,1,272.77,normal,rural,despejado,20,bajo,camioneta
ENV-003948,4.21,1.0,21.0,23.2,15.5,7.55,0,0,283.28,normal,centro,despejado,8,alto,bicicleta
ENV-003949,26.27,54.63,110.2,52.9,58.1,338.7,1,0,1944.51,normal,rural,despejado,22,bajo,camioneta
ENV-003950,7.44,1.23,21.9,15.1,14.0,4.63,0,1,1250.95,normal,residencial,lluvia,18,alto,camioneta
ENV-003951,22.02,3.03,39.0,21.3,19.6,16.28,0,0,462.21,express,rural,despejado,9,medio,moto
ENV-003952,3.93,0.51,14.3,10.7,10.5,1.61,0,0,496.25,express,centro,despejado,8,alto,bicicleta
ENV-003953,4.97,5.18,47.3,37.9,19.2,34.42,0,0,6553.3,express,residencial,despejado,12,medio,bicicleta
ENV-003954,36.4,3.94,38.8,26.4,11.0,11.27,0,0,862.21,express,rural,lluvia,15,alto,moto
ENV-003955,13.68,3.29,40.8,20.6,28.6,24.04,0,0,2698.67,mismo_dia,residencial,despejado,17,medio,moto
ENV-003956,15.42,2.17,40.1,25.7,15.0,15.46,1,0,860.17,mismo_dia,periferia,despejado,10,bajo,moto
ENV-003957,6.07,1.93,27.1,18.6,17.6,8.87,0,0,182.32,normal,residencial,despejado,8,medio,bicicleta
ENV-003958,4.14,48.06,87.1,49.1,46.8,200.15,1,0,4141.27,express,residencial,despejado,12,medio,camioneta
ENV-003959,1.5,0.7,21.0,12.6,16.2,4.29,1,0,870.41,normal,residencial,despejado,17,medio,bicicleta
ENV-003960,7.21,2.23,39.2,18.2,23.7,16.91,0,0,1450.72,express,residencial,despejado,11,medio,moto
ENV-003961,2.22,6.41,33.4,25.5,12.1,10.31,0,0,1070.31,mismo_dia,centro,despejado,17,bajo,bicicleta
ENV-003962,10.18,4.99,52.4,32.4,15.5,26.32,0,0,325.72,mismo_dia,periferia,lluvia,23,medio,moto
ENV-003963,6.25,3.32,41.2,31.9,18.3,24.05,0,0,54.42,mismo_dia,residencial,despejado,16,alto,moto
ENV-003964,12.06,0.59,22.6,10.0,10.4,2.35,0,0,50,express,periferia,despejado,12,alto,dron
ENV-003965,6.68,1.93,15.6,10.6,18.0,2.98,0,1,301.36,mismo_dia,residencial,despejado,2,bajo,camioneta
ENV-003966,19.15,2.61,29.8,16.1,9.6,4.61,0,0,122.47,normal,periferia,despejado,20,alto,moto
ENV-003967,23.17,60.64,100.6,62.1,33.2,207.41,0,0,281.5,normal,periferia,despejado,7,alto,camioneta
ENV-003968,9.04,1.23,37.0,16.5,14.8,9.04,0,0,1428.83,normal,residencial,viento_fuerte,11,bajo,moto
ENV-003969,5.94,0.65,17.3,12.8,17.7,3.92,0,0,923.78,normal,residencial,despejado,15,alto,bicicleta
ENV-003970,24.17,0.67,29.0,19.3,8.4,4.7,0,0,3491.42,normal,rural,lluvia,12,alto,moto
ENV-003971,13.5,53.47,94.2,67.9,38.1,243.69,0,0,82.52,express,periferia,despejado,19,alto,camioneta
ENV-003972,6.91,0.45,21.2,16.6,8.5,2.99,0,1,99.26,express,residencial,despejado,10,medio,camioneta
ENV-003973,14.23,4.27,47.0,24.4,19.7,22.59,1,0,1832.4,normal,periferia,despejado,7,alto,moto
ENV-003974,13.34,8.6,56.3,44.2,20.8,51.76,0,0,3827.94,normal,residencial,viento_fuerte,7,alto,moto
ENV-003975,15.49,2.17,32.2,16.6,19.2,10.26,0,0,4013.23,normal,periferia,despejado,8,bajo,moto
ENV-003976,21.73,0.83,22.8,14.7,18.9,6.33,0,0,759.47,mismo_dia,periferia,lluvia,18,alto,moto
ENV-003977,5.87,6.04,50.8,27.0,33.7,46.22,0,0,396.78,normal,periferia,lluvia,15,bajo,moto
ENV-003978,4.95,0.86,25.7,14.1,16.7,6.05,0,0,632.0,normal,centro,despejado,20,alto,bicicleta
ENV-003979,18.07,0.75,20.9,11.7,14.4,3.52,0,0,128.72,express,periferia,despejado,16,bajo,moto
ENV-003980,15.71,9.25,48.4,34.2,18.0,29.8,0,0,273.97,normal,periferia,lluvia,8,alto,moto
ENV-003981,4.25,4.07,31.7,17.3,23.3,12.78,0,0,130.1,mismo_dia,centro,viento_fuerte,21,alto,moto
ENV-003982,6.83,2.11,16.8,14.9,14.3,3.58,0,0,1131.13,express,residencial,lluvia,7,medio,moto
ENV-003983,25.75,3.8,34.2,31.9,20.6,22.47,0,0,109.38,express,periferia,despejado,15,alto,moto
ENV-003984,3.52,7.14,32.8,19.2,30.1,18.96,0,0,183.44,normal,residencial,viento_fuerte,7,medio,bicicleta
ENV-003985,21.39,53.15,56.1,42.4,35.1,83.49,0,0,2733.05,express,periferia,lluvia,18,alto,camioneta
ENV-003986,2.99,2.4,45.7,24.0,15.2,16.67,0,0,179.04,mismo_dia,centro,despejado,9,alto,bicicleta
ENV-003987,3.1,3.41,33.0,16.5,13.9,7.57,0,0,98.11,express,centro,despejado,10,medio,bicicleta
ENV-003988,25.57,0.85,25.9,13.7,15.2,5.39,0,0,1087.35,normal,rural,despejado,11,medio,moto
ENV-003989,3.39,0.43,15.6,9.4,10.5,1.54,0,0,1794.0,normal,residencial,despejado,19,alto,bicicleta
ENV-003990,58.58,1.04,35.1,21.4,10.3,7.74,0,0,711.34,normal,rural,viento_fuerte,8,bajo,camioneta
ENV-003991,27.19,6.94,42.7,31.8,22.7,30.82,1,0,172.26,normal,rural,despejado,13,medio,moto
ENV-003992,9.84,2.27,37.0,24.3,13.1,11.78,0,0,128.72,normal,residencial,despejado,9,alto,dron
ENV-003993,3.34,1.29,25.8,20.7,14.4,7.69,0,0,401.46,normal,residencial,despejado,18,medio,bicicleta
ENV-003994,2.9,1.09,19.7,15.5,22.9,6.99,0,0,574.24,normal,centro,despejado,18,alto,bicicleta
ENV-003995,4.21,1.85,39.2,18.2,20.0,14.27,0,0,1674.34,express,centro,lluvia,15,alto,moto
ENV-003996,5.53,0.36,12.4,9.3,7.9,0.91,0,0,406.05,normal,residencial,despejado,11,bajo,bicicleta
ENV-003997,4.51,4.24,34.8,32.8,24.7,28.19,0,0,252.54,normal,centro,despejado,17,bajo,bicicleta
ENV-003998,24.41,0.81,18.6,15.3,7.6,2.16,0,1,1790.62,mismo_dia,periferia,despejado,9,alto,camioneta
ENV-003999,19.97,6.69,39.8,33.6,22.6,30.22,0,1,1136.71,normal,periferia,despejado,10,alto,camioneta
ENV-004000,1.95,1.7,19.4,19.9,17.7,6.83,0,0,1377.5,normal,centro,despejado,8,medio,bicicleta
ENV-004001,28.42,2.2,41.3,24.5,13.5,13.66,0,0,10552.65,normal,rural,despejado,19,medio,moto
ENV-004002,1.14,1.83,16.9,18.6,14.3,4.5,0,0,314.82,normal,centro,lluvia,9,medio,moto
ENV-004003,37.78,4.33,34.7,33.3,25.0,28.89,0,0,4183.24,normal,rural,despejado,16,alto,moto
ENV-004004,11.48,1.66,20.5,13.3,19.2,5.23,1,1,7685.11,normal,residencial,despejado,21,bajo,camioneta
ENV-004005,2.17,2.52,26.2,18.3,24.8,11.89,0,0,1698.0,mismo_dia,centro,despejado,15,alto,moto
ENV-004006,3.99,21.06,79.9,53.3,28.1,119.67,0,0,329.64,normal,residencial,lluvia,11,medio,camioneta
ENV-004007,1.36,6.72,37.9,27.2,27.1,27.94,1,0,2527.63,normal,centro,despejado,5,bajo,bicicleta
ENV-004008,10.16,2.73,25.9,23.6,25.5,15.59,0,0,699.78,express,residencial,lluvia,19,alto,moto
ENV-004009,11.33,7.48,51.2,31.7,19.4,31.49,0,0,30507.41,normal,residencial,despejado,17,bajo,moto
ENV-004010,8.21,1.51,16.6,10.7,17.3,3.07,0,0,698.84,express,residencial,lluvia,18,alto,moto
ENV-004011,42.0,35.22,69.7,76.5,49.9,266.07,1,0,489.78,normal,rural,despejado,18,alto,camioneta
ENV-004012,4.59,1.56,30.0,15.7,12.8,6.03,0,0,6494.24,normal,centro,despejado,21,bajo,moto
ENV-004013,5.79,3.05,46.8,20.2,24.8,23.44,0,0,188.2,normal,residencial,despejado,14,alto,bicicleta
ENV-004014,22.06,0.55,15.4,11.3,11.3,1.97,1,0,210.78,normal,periferia,despejado,18,alto,moto
ENV-004015,6.33,0.76,25.7,11.3,12.1,3.51,0,0,3892.18,normal,residencial,despejado,12,bajo,bicicleta
ENV-004016,3.85,1.41,19.1,10.7,10.5,2.15,0,0,1370.98,normal,centro,despejado,20,medio,bicicleta
ENV-004017,5.31,3.3,34.3,20.8,20.2,14.41,0,0,1270.27,normal,residencial,despejado,13,alto,bicicleta
ENV-004018,3.1,4.21,51.5,22.4,23.4,26.99,0,0,245.73,express,centro,viento_fuerte,5,alto,moto
ENV-004019,12.49,4.32,43.5,32.4,14.9,21.0,0,0,1464.29,normal,residencial,despejado,14,bajo,moto
ENV-004020,1.44,3.6,33.1,28.8,14.5,13.82,0,0,289.27,normal,centro,despejado,12,bajo,bicicleta
ENV-004021,3.67,0.87,20.2,12.9,20.3,5.29,0,0,2053.3,normal,residencial,lluvia,12,bajo,bicicleta
ENV-004022,3.71,2.8,31.4,27.2,21.9,18.7,0,0,1317.08,mismo_dia,centro,lluvia,0,medio,moto
ENV-004023,37.11,1.96,40.4,18.4,18.5,13.75,0,0,1232.22,normal,rural,despejado,4,bajo,moto
ENV-004024,11.12,0.6,26.6,12.5,14.2,4.72,0,0,272.36,mismo_dia,residencial,lluvia,12,bajo,moto
ENV-004025,8.9,1.68,29.1,17.4,10.1,5.11,0,0,1377.35,normal,residencial,despejado,7,medio,dron
ENV-004026,1.6,0.25,12.8,7.4,10.8,1.02,0,0,434.52,mismo_dia,centro,lluvia,16,bajo,moto
ENV-004027,3.68,0.4,21.6,12.6,7.4,2.01,0,0,92.28,express,residencial,despejado,12,bajo,bicicleta
ENV-004028,15.23,1.6,20.9,16.8,14.5,5.09,0,0,1448.37,normal,periferia,lluvia,16,medio,moto
ENV-004029,2.45,4.91,35.5,20.6,21.2,15.5,0,0,401.46,express,centro,lluvia,13,medio,moto
ENV-004030,3.41,61.58,82.5,53.7,49.9,221.07,0,0,1429.7,normal,centro,despejado,9,medio,camioneta
ENV-004031,35.54,3.13,46.3,29.8,14.5,20.01,0,0,1270.84,mismo_dia,rural,despejado,9,alto,moto
ENV-004032,3.28,2.07,32.8,28.5,17.1,15.99,1,0,168.55,normal,centro,lluvia,9,medio,camioneta
ENV-004033,2.87,0.62,13.1,12.2,8.4,1.34,0,0,228.59,express,centro,despejado,13,alto,bicicleta
ENV-004034,5.46,2.97,30.7,22.1,14.1,9.57,0,0,355.55,normal,residencial,despejado,7,alto,bicicleta
ENV-004035,7.99,0.42,22.4,9.9,10.2,2.26,1,0,1591.13,normal,residencial,despejado,7,alto,dron
ENV-004036,10.5,4.17,46.8,23.0,28.8,31.0,0,0,1410.62,express,residencial,despejado,6,medio,moto
ENV-004037,10.37,0.77,25.3,15.4,15.1,5.88,1,0,2733.19,mismo_dia,residencial,despejado,13,alto,dron
ENV-004038,6.25,3.65,47.7,34.4,16.9,27.73,0,0,380.15,mismo_dia,residencial,lluvia,19,alto,moto
ENV-004039,5.25,5.93,57.8,27.3,24.1,38.03,1,0,534.72,mismo_dia,residencial,despejado,13,bajo,bicicleta
ENV-004040,23.03,2.97,42.5,23.8,13.9,14.06,0,0,1664.69,normal,rural,despejado,19,alto,moto
ENV-004041,4.25,0.63,15.5,12.6,6.3,1.23,0,0,2421.25,mismo_dia,residencial,despejado,14,bajo,dron
ENV-004042,7.78,74.7,131.5,65.3,46.6,400.15,0,0,450.7,normal,residencial,despejado,13,alto,camioneta
ENV-004043,36.48,3.21,23.4,19.6,12.0,5.5,1,0,3389.58,normal,rural,despejado,12,medio,moto
ENV-004044,8.26,0.45,17.1,8.9,6.6,1.0,0,0,203.17,normal,residencial,despejado,15,bajo,dron
ENV-004045,17.81,4.1,40.9,30.6,18.9,23.65,0,0,710.12,mismo_dia,periferia,viento_fuerte,19,alto,moto
ENV-004046,46.57,2.99,27.5,21.6,11.6,6.89,0,0,2223.44,normal,rural,despejado,9,alto,camioneta
ENV-004047,8.87,3.7,41.4,24.0,26.7,26.53,0,0,4419.21,express,residencial,despejado,7,alto,moto
ENV-004048,1.87,2.25,30.4,27.3,17.7,14.69,0,0,298.62,mismo_dia,centro,lluvia,7,medio,moto
ENV-004049,13.55,3.7,38.3,15.5,16.5,9.8,0,0,628.48,normal,periferia,despejado,18,medio,moto
ENV-004050,4.5,2.17,35.0,25.8,19.1,17.25,0,0,2122.1,express,centro,viento_fuerte,14,alto,bicicleta
ENV-004051,5.75,34.08,58.8,67.8,46.5,185.38,0,0,4140.41,normal,residencial,despejado,16,bajo,camioneta
ENV-004052,6.02,2.81,29.6,23.0,19.7,13.41,0,0,704.79,normal,residencial,lluvia,15,medio,moto
ENV-004053,13.17,0.62,13.6,9.0,14.5,1.77,1,1,196.17,express,residencial,lluvia,10,medio,camioneta
ENV-004054,1.93,8.73,58.4,41.2,25.1,60.39,1,0,1452.32,normal,centro,despejado,17,medio,moto
ENV-004055,9.89,0.57,25.8,17.6,9.2,4.18,1,0,1306.46,normal,residencial,viento_fuerte,11,bajo,moto
ENV-004056,8.38,0.75,23.9,12.2,15.7,4.58,1,0,10484.51,normal,periferia,despejado,10,bajo,dron
ENV-004057,10.99,1.17,18.4,14.1,23.0,5.97,0,1,2877.22,normal,periferia,despejado,9,bajo,camioneta
ENV-004058,4.78,5.51,40.1,30.1,14.8,17.86,0,1,255.51,normal,centro,viento_fuerte,4,bajo,camioneta
ENV-004059,3.37,2.15,39.9,19.7,19.4,15.25,0,0,307.9,mismo_dia,residencial,lluvia,9,alto,moto
ENV-004060,1.92,3.08,25.9,23.1,16.8,10.05,0,0,1907.77,mismo_dia,centro,despejado,14,medio,bicicleta
ENV-004061,2.46,1.07,26.8,14.1,16.7,6.31,0,0,201.42,normal,centro,despejado,8,alto,bicicleta
ENV-004062,8.47,1.97,40.4,18.6,19.9,14.95,0,0,493.69,normal,residencial,lluvia,16,medio,moto
ENV-004063,6.73,0.97,22.1,14.8,21.8,7.13,0,0,812.96,express,residencial,despejado,7,alto,bicicleta
ENV-004064,4.74,35.26,108.3,55.7,40.9,246.72,0,0,1832.93,express,centro,despejado,19,medio,camioneta
ENV-004065,7.77,0.6,19.1,18.8,13.4,4.81,0,0,1226.05,mismo_dia,residencial,despejado,14,alto,dron
ENV-004066,9.79,1.89,30.2,19.5,17.5,10.31,0,0,602.89,normal,residencial,despejado,12,bajo,camioneta
ENV-004067,0.96,5.48,32.9,23.7,11.8,9.2,0,0,5760.27,normal,centro,despejado,18,bajo,bicicleta
ENV-004068,9.49,2.73,24.7,16.1,23.2,9.23,0,0,894.53,express,residencial,despejado,20,medio,moto
ENV-004069,2.29,7.99,39.5,34.7,19.6,26.86,1,0,542.48,normal,centro,despejado,7,medio,bicicleta
ENV-004070,4.29,0.81,22.3,17.0,10.8,4.09,0,0,3162.3,normal,residencial,despejado,22,alto,moto
ENV-004071,28.2,0.16,14.4,8.1,9.6,1.12,0,0,115.54,normal,periferia,despejado,20,alto,moto
ENV-004072,10.5,2.29,39.8,26.3,14.3,14.97,0,0,1034.9,normal,residencial,despejado,12,medio,moto
ENV-004073,3.15,5.8,50.4,29.7,19.0,28.44,0,0,2283.34,normal,centro,despejado,6,bajo,bicicleta
ENV-004074,5.01,1.95,21.1,19.7,22.2,9.23,0,0,2580.52,normal,centro,despejado,6,medio,bicicleta
ENV-004075,22.77,3.55,39.1,22.1,31.5,27.22,0,0,479.61,normal,periferia,viento_fuerte,22,medio,moto
ENV-004076,18.28,2.11,35.5,22.7,10.1,8.14,1,0,351.93,normal,periferia,despejado,9,alto,moto
ENV-004077,5.38,0.12,7.9,6.9,5.5,0.3,0,0,1337.56,normal,periferia,viento_fuerte,16,medio,bicicleta
ENV-004078,9.93,10.95,70.7,37.7,29.9,79.7,1,1,1844.25,express,residencial,despejado,11,medio,camioneta
ENV-004079,1.04,2.5,36.3,22.6,14.6,11.98,0,1,402.93,express,centro,viento_fuerte,19,alto,camioneta
ENV-004080,9.52,10.77,36.9,36.8,22.8,30.96,0,0,1057.75,normal,periferia,lluvia,19,alto,moto
ENV-004081,1.71,1.95,26.6,18.5,29.8,14.66,1,0,457.76,normal,centro,despejado,9,alto,bicicleta
ENV-004082,16.79,4.72,36.2,23.9,12.3,10.64,0,0,968.94,mismo_dia,periferia,despejado,8,bajo,moto
ENV-004083,2.2,1.84,21.7,15.6,10.1,3.42,0,0,86.47,express,centro,despejado,6,bajo,bicicleta
ENV-004084,24.83,0.51,16.6,9.4,6.7,1.05,0,0,3440.91,normal,rural,despejado,9,bajo,moto
ENV-004085,24.46,2.14,32.2,18.9,27.5,16.74,0,0,2584.81,normal,rural,despejado,9,alto,moto
ENV-004086,10.28,7.56,51.1,29.8,36.5,55.58,0,0,937.51,normal,residencial,despejado,15,bajo,moto
ENV-004087,8.29,24.82,92.7,56.6,33.6,176.29,0,0,1506.86,express,residencial,despejado,21,medio,camioneta
ENV-004088,9.15,68.39,68.7,63.7,50.0,218.81,1,0,786.85,normal,residencial,lluvia,20,medio,camioneta
ENV-004089,2.38,1.68,21.2,13.2,15.9,4.45,1,0,2812.76,express,centro,despejado,14,medio,bicicleta
ENV-004090,5.78,1.9,26.9,21.5,24.6,14.23,0,0,882.06,normal,residencial,despejado,6,alto,bicicleta
ENV-004091,12.77,1.96,19.5,17.1,11.7,3.9,0,0,82.17,express,residencial,lluvia,17,bajo,moto
ENV-004092,15.96,10.46,47.2,26.8,25.9,32.76,0,0,141.22,normal,periferia,despejado,12,alto,moto
ENV-004093,1.66,4.66,41.7,21.9,27.8,25.39,0,0,886.39,express,centro,despejado,14,alto,bicicleta
ENV-004094,1.24,2.81,27.7,20.1,32.8,18.26,0,0,1415.01,normal,centro,lluvia,6,medio,moto
ENV-004095,5.55,3.69,34.0,26.3,24.3,21.73,0,0,4054.84,normal,residencial,despejado,1,bajo,moto
ENV-004096,1.37,0.54,24.2,15.5,8.6,3.23,1,0,727.82,mismo_dia,centro,despejado,17,bajo,bicicleta
ENV-004097,17.86,1.14,17.8,14.6,16.4,4.26,1,0,191.72,mismo_dia,periferia,despejado,19,alto,moto
ENV-004098,3.1,20.91,67.6,41.2,28.7,79.93,0,0,602.28,express,centro,lluvia,5,medio,moto
ENV-004099,6.59,2.26,35.1,23.5,21.3,17.57,1,0,433.2,express,residencial,despejado,11,bajo,bicicleta
ENV-004100,14.62,8.74,65.0,27.5,26.8,47.91,0,0,1718.28,express,periferia,viento_fuerte,9,medio,moto
ENV-004101,6.84,0.94,25.2,13.4,12.4,4.19,0,0,3878.14,mismo_dia,residencial,despejado,12,medio,dron
ENV-004102,8.92,3.78,23.1,22.3,22.6,11.64,0,0,2812.33,express,residencial,despejado,20,alto,moto
ENV-004103,43.54,0.67,18.1,9.3,12.5,2.1,1,0,3891.03,express,rural,despejado,8,alto,camioneta
ENV-004104,24.75,3.97,38.8,37.0,20.8,29.86,0,0,6339.47,express,periferia,despejado,10,bajo,moto
ENV-004105,13.82,4.27,28.6,27.5,17.4,13.69,0,0,237.99,normal,periferia,despejado,11,bajo,moto
ENV-004106,21.83,4.15,34.1,29.1,23.1,22.92,0,0,2170.74,normal,periferia,viento_fuerte,12,medio,moto
ENV-004107,22.24,1.11,18.6,14.7,7.0,1.91,0,0,6087.98,normal,periferia,despejado,10,medio,moto
ENV-004108,20.59,4.8,41.6,32.3,19.3,25.93,0,0,440.22,normal,periferia,viento_fuerte,11,medio,moto
ENV-004109,4.03,12.04,46.9,43.7,39.2,80.34,0,0,2534.17,normal,centro,despejado,15,bajo,moto
ENV-004110,1.66,5.92,45.7,30.3,23.9,33.09,0,0,214.77,express,centro,despejado,16,bajo,bicicleta
ENV-004111,30.17,22.14,45.6,38.6,34.7,61.08,1,0,126.14,express,rural,despejado,21,bajo,moto
ENV-004112,0.74,2.75,35.6,27.0,12.9,12.4,1,0,433.97,normal,centro,despejado,7,medio,bicicleta
ENV-004113,11.59,2.84,31.0,21.4,11.1,7.36,0,0,241.49,normal,residencial,lluvia,12,medio,moto
ENV-004114,12.57,1.05,20.1,9.1,9.5,1.74,1,0,334.63,normal,residencial,lluvia,20,medio,moto
ENV-004115,4.66,0.82,17.7,11.8,13.9,2.9,0,0,1517.21,normal,residencial,despejado,20,medio,bicicleta
ENV-004116,4.24,0.22,13.9,12.8,8.4,1.49,0,0,440.92,normal,centro,lluvia,9,medio,moto
ENV-004117,11.63,0.44,21.2,15.7,8.7,2.9,0,0,10995.85,normal,residencial,despejado,1,bajo,moto
ENV-004118,4.81,2.91,28.2,20.4,20.4,11.74,0,0,2434.65,normal,centro,lluvia,16,bajo,moto
ENV-004119,2.06,3.43,44.6,20.8,20.7,19.2,0,1,582.82,normal,centro,despejado,16,bajo,camioneta
ENV-004120,16.18,0.94,23.2,13.7,16.3,5.18,0,0,271.39,normal,periferia,despejado,9,alto,camioneta
ENV-004121,24.02,1.62,20.9,19.8,14.7,6.08,0,0,1289.66,normal,periferia,despejado,12,medio,moto
ENV-004122,2.56,3.83,36.7,21.7,22.3,17.76,0,0,771.74,normal,centro,despejado,12,bajo,bicicleta
ENV-004123,11.65,1.16,31.7,15.8,13.2,6.61,0,0,253.45,normal,periferia,despejado,0,bajo,moto
ENV-004124,15.5,2.54,19.8,20.5,13.0,5.28,0,0,391.24,express,periferia,despejado,19,alto,moto
ENV-004125,5.1,5.97,36.8,21.3,23.0,18.03,0,1,50,normal,residencial,viento_fuerte,11,bajo,camioneta
ENV-004126,22.29,0.61,22.0,13.2,10.9,3.17,1,0,2965.87,express,periferia,despejado,8,medio,moto
ENV-004127,21.15,7.38,52.3,31.0,32.6,52.85,0,0,222.39,express,rural,viento_fuerte,17,alto,moto
ENV-004128,31.53,22.35,51.5,32.0,47.9,78.94,0,0,1179.53,normal,rural,despejado,18,alto,moto
ENV-004129,6.74,0.91,22.9,11.5,10.5,2.77,0,0,5623.6,normal,periferia,despejado,7,medio,bicicleta
ENV-004130,17.96,1.45,21.9,17.3,25.8,9.77,0,0,329.75,normal,periferia,despejado,17,bajo,moto
ENV-004131,2.94,1.78,23.3,14.9,22.0,7.64,0,0,1529.88,normal,centro,despejado,11,bajo,bicicleta
ENV-004132,8.93,2.99,25.5,18.1,26.5,12.23,1,0,1373.38,mismo_dia,residencial,despejado,11,alto,moto
ENV-004133,9.12,1.57,35.1,22.9,10.5,8.44,1,0,1208.45,normal,residencial,lluvia,13,alto,moto
ENV-004134,3.86,4.7,41.4,38.4,21.5,34.18,0,0,375.36,normal,centro,lluvia,12,alto,moto
ENV-004135,16.52,2.08,20.9,11.5,14.9,3.58,0,0,860.17,normal,periferia,viento_fuerte,10,bajo,moto
ENV-004136,3.05,3.48,29.6,17.1,10.9,5.52,0,0,5905.63,express,centro,despejado,13,alto,bicicleta
ENV-004137,17.04,0.44,12.9,11.2,13.2,1.91,0,0,1767.02,normal,periferia,despejado,20,alto,moto
ENV-004138,13.13,2.51,22.1,17.5,14.8,5.72,1,0,579.29,express,periferia,despejado,9,alto,moto
ENV-004139,11.07,0.29,12.7,12.8,9.9,1.61,0,0,151.49,mismo_dia,periferia,lluvia,13,medio,moto
ENV-004140,15.12,16.32,51.0,37.9,39.4,76.16,1,0,149.73,express,periferia,despejado,18,alto,moto
ENV-004141,5.4,1.11,28.5,18.7,8.4,4.48,0,0,657.34,normal,residencial,viento_fuerte,9,medio,bicicleta
ENV-004142,9.1,3.98,49.1,25.1,17.4,21.44,0,0,711.1,normal,residencial,lluvia,16,medio,moto
ENV-004143,12.7,2.9,41.9,29.1,15.1,18.41,1,0,352.82,mismo_dia,residencial,despejado,14,alto,moto
ENV-004144,10.64,0.92,24.7,15.0,9.6,3.56,0,0,1380.14,normal,periferia,lluvia,13,alto,moto
ENV-004145,33.72,3.39,35.5,23.1,13.3,10.91,0,0,442.15,mismo_dia,rural,lluvia,11,bajo,moto
ENV-004146,11.74,17.24,79.1,51.3,27.1,109.97,0,0,2376.58,normal,residencial,lluvia,15,alto,camioneta
ENV-004147,26.02,1.8,24.7,11.7,11.0,3.18,0,0,3509.26,normal,periferia,despejado,13,medio,moto
ENV-004148,14.45,2.98,38.1,25.8,11.2,11.01,0,0,1408.13,express,periferia,viento_fuerte,9,medio,moto
ENV-004149,1.47,4.39,37.8,25.2,32.1,30.58,0,0,371.05,express,centro,viento_fuerte,22,medio,moto
ENV-004150,3.59,0.34,10.7,8.4,11.7,1.05,0,0,1746.21,express,centro,despejado,15,medio,bicicleta
ENV-004151,19.58,3.07,41.0,22.5,23.2,21.4,0,0,812.5,normal,periferia,despejado,21,bajo,moto
ENV-004152,2.42,2.44,40.5,28.6,13.4,15.52,0,0,661.59,mismo_dia,centro,despejado,10,bajo,bicicleta
ENV-004153,13.85,1.41,17.0,18.4,13.6,4.25,0,0,1390.1,express,periferia,viento_fuerte,8,medio,moto
ENV-004154,19.98,0.31,13.7,10.6,13.5,1.96,0,0,50,express,periferia,despejado,13,alto,moto
ENV-004155,4.48,6.85,45.9,33.4,15.2,23.3,0,0,58.51,normal,centro,despejado,7,bajo,bicicleta
ENV-004156,5.7,0.74,13.8,13.1,8.7,1.57,0,0,862.86,normal,residencial,despejado,9,bajo,bicicleta
ENV-004157,12.54,3.77,37.1,33.0,22.2,27.18,0,0,540.67,mismo_dia,periferia,despejado,17,medio,moto
ENV-004158,3.92,55.35,81.9,42.9,64.7,227.32,0,0,950.86,express,centro,despejado,6,medio,camioneta
ENV-004159,6.62,0.89,19.4,20.8,16.2,6.54,1,0,589.03,express,residencial,lluvia,20,alto,bicicleta
ENV-004160,0.48,0.72,19.1,18.3,11.8,4.12,0,0,636.0,normal,centro,lluvia,20,medio,moto
ENV-004161,3.34,2.55,21.8,13.3,22.7,6.58,0,0,1239.71,express,centro,despejado,7,alto,bicicleta
ENV-004162,34.11,10.19,45.8,49.0,35.8,80.34,1,0,7834.86,express,rural,despejado,20,alto,moto
ENV-004163,13.05,2.63,25.7,23.0,18.3,10.82,0,0,323.29,mismo_dia,periferia,viento_fuerte,14,alto,moto
ENV-004164,4.47,0.99,33.6,16.2,13.1,7.13,0,0,492.36,normal,residencial,despejado,7,alto,bicicleta
ENV-004165,3.18,1.87,28.6,18.9,7.7,4.16,0,0,3058.39,normal,centro,lluvia,21,medio,moto
ENV-004166,2.27,7.72,39.5,34.5,30.4,41.43,0,0,777.97,normal,centro,lluvia,14,alto,camioneta
ENV-004167,31.1,4.38,43.1,21.4,24.6,22.69,1,0,798.05,normal,rural,despejado,14,alto,moto
ENV-004168,5.12,0.51,19.0,9.7,13.6,2.51,0,0,502.34,normal,centro,viento_fuerte,17,bajo,bicicleta
ENV-004169,21.32,4.48,34.4,21.2,37.2,27.13,1,0,1537.49,normal,periferia,despejado,13,bajo,moto
ENV-004170,1.79,0.29,13.2,8.3,4.6,0.5,0,1,398.53,mismo_dia,centro,despejado,9,alto,camioneta
ENV-004171,11.66,5.57,47.7,26.5,29.8,37.67,0,0,380.13,normal,residencial,despejado,2,alto,moto
ENV-004172,13.21,8.73,34.1,24.8,25.8,21.82,0,0,6503.02,mismo_dia,periferia,despejado,14,medio,moto
ENV-004173,7.77,40.41,81.1,53.7,71.2,310.08,0,0,2280.29,express,residencial,despejado,8,alto,camioneta
ENV-004174,17.42,3.35,40.0,19.3,25.9,19.99,1,0,398.44,express,periferia,despejado,11,medio,moto
ENV-004175,2.81,1.71,28.3,23.9,14.3,9.67,1,0,2765.15,normal,centro,despejado,12,bajo,bicicleta
ENV-004176,12.77,2.95,24.6,23.2,18.7,10.67,0,0,1731.92,normal,residencial,lluvia,14,medio,moto
ENV-004177,4.21,1.17,21.0,14.3,15.9,4.77,0,0,250.84,normal,centro,despejado,22,medio,bicicleta
ENV-004178,47.05,2.43,42.8,21.2,19.4,17.6,0,1,907.16,express,rural,despejado,12,bajo,camioneta
ENV-004179,1.6,0.7,15.0,10.6,13.6,2.16,0,0,1206.42,express,residencial,lluvia,17,alto,moto
ENV-004180,1.08,0.72,18.6,13.2,17.7,4.35,1,0,1560.19,express,centro,despejado,10,medio,bicicleta
ENV-004181,6.72,3.36,42.3,19.1,16.1,13.01,0,0,206.07,normal,residencial,lluvia,13,medio,bicicleta
ENV-004182,8.89,8.57,43.4,35.6,17.6,27.19,1,0,2003.44,express,residencial,despejado,5,alto,moto
ENV-004183,11.77,0.8,21.3,16.3,18.1,6.28,0,0,5691.79,mismo_dia,residencial,despejado,15,medio,dron
ENV-004184,3.17,1.28,21.2,21.0,12.8,5.7,0,0,1299.43,mismo_dia,centro,despejado,10,bajo,bicicleta
ENV-004185,6.12,0.81,24.7,12.5,16.9,5.22,0,0,789.38,mismo_dia,residencial,despejado,17,alto,dron
ENV-004186,6.64,1.35,32.8,20.7,9.0,6.11,0,1,353.36,express,residencial,despejado,19,medio,camioneta
ENV-004187,4.19,0.7,20.0,16.2,16.8,5.44,0,0,882.27,normal,residencial,lluvia,13,alto,moto
ENV-004188,8.84,1.25,27.4,15.4,12.1,5.11,1,0,116.63,normal,residencial,despejado,7,alto,dron
ENV-004189,48.0,7.14,61.0,31.9,24.6,47.87,1,0,173.88,mismo_dia,rural,viento_fuerte,17,medio,camioneta
ENV-004190,14.02,17.43,44.1,28.3,28.3,35.32,0,0,381.67,normal,periferia,despejado,6,bajo,moto
ENV-004191,6.56,5.07,39.1,25.5,14.5,14.46,0,0,352.93,normal,residencial,lluvia,10,medio,moto
ENV-004192,12.23,9.11,40.7,35.2,34.8,49.86,0,0,1737.81,express,residencial,despejado,17,bajo,moto
ENV-004193,3.14,2.47,27.9,21.4,21.4,12.78,0,0,2383.19,express,centro,despejado,19,alto,bicicleta
ENV-004194,15.68,38.01,90.7,61.5,41.3,230.37,1,0,1978.44,normal,periferia,despejado,15,medio,camioneta
ENV-004195,2.78,4.78,39.9,25.2,24.0,24.13,1,0,140.59,mismo_dia,centro,lluvia,19,alto,moto
ENV-004196,9.74,2.3,21.8,14.7,13.1,4.2,0,0,2522.48,express,residencial,despejado,12,medio,dron
ENV-004197,29.44,2.95,27.8,21.4,10.3,6.13,0,0,5051.79,express,rural,despejado,9,bajo,moto
ENV-004198,2.57,73.81,69.4,65.3,55.6,251.97,1,0,527.52,express,centro,despejado,15,medio,camioneta
ENV-004199,2.2,1.08,19.5,14.0,12.6,3.44,1,0,4649.54,normal,residencial,despejado,7,medio,bicicleta
ENV-004200,2.46,2.21,32.2,17.8,22.2,12.72,0,0,143.01,express,residencial,despejado,8,alto,bicicleta
ENV-004201,2.77,0.54,23.8,16.1,8.3,3.18,0,0,1010.05,normal,centro,despejado,19,medio,bicicleta
ENV-004202,4.35,4.39,42.2,31.2,20.8,27.39,0,0,3208.13,express,centro,despejado,18,medio,bicicleta
ENV-004203,28.61,8.51,50.3,34.3,14.5,25.02,0,0,735.12,mismo_dia,rural,despejado,9,medio,moto
ENV-004204,11.75,1.49,21.0,12.8,16.1,4.33,0,0,50,express,periferia,despejado,2,medio,moto
ENV-004205,5.26,1.56,19.6,16.0,15.4,4.83,1,0,238.82,normal,residencial,despejado,8,medio,bicicleta
ENV-004206,1.06,0.18,7.2,6.4,7.1,0.33,1,0,1105.51,normal,centro,despejado,7,alto,bicicleta
ENV-004207,12.79,1.52,27.4,15.5,15.0,6.37,0,0,1680.39,normal,periferia,despejado,12,bajo,dron
ENV-004208,8.86,3.29,36.2,18.0,17.5,11.4,0,0,4809.69,normal,periferia,despejado,7,alto,moto
ENV-004209,6.96,0.42,14.1,10.2,6.3,0.91,0,0,1129.16,normal,residencial,viento_fuerte,16,bajo,bicicleta
ENV-004210,7.17,74.17,103.4,78.0,49.6,400.03,0,0,90.41,mismo_dia,residencial,despejado,11,bajo,camioneta
ENV-004211,26.43,0.43,15.1,13.1,9.5,1.88,0,0,611.83,express,rural,despejado,15,alto,moto
ENV-004212,9.61,0.64,20.4,10.3,9.7,2.04,0,0,225.98,express,residencial,despejado,9,alto,dron
ENV-004213,15.03,2.43,35.9,29.2,16.6,17.4,1,1,1689.28,mismo_dia,periferia,despejado,18,alto,camioneta
ENV-004214,10.64,10.22,43.6,37.5,42.0,68.67,0,0,1325.76,normal,residencial,despejado,15,bajo,moto
ENV-004215,9.67,3.85,38.7,18.2,15.9,11.2,0,0,931.44,normal,residencial,despejado,14,bajo,moto
ENV-004216,50.97,3.18,26.2,23.4,19.9,12.2,0,0,504.12,express,rural,despejado,7,bajo,camioneta
ENV-004217,6.28,1.85,24.2,26.9,18.8,12.24,0,0,2414.03,express,periferia,despejado,13,alto,moto
ENV-004218,9.88,1.86,31.4,19.7,12.4,7.67,0,0,5026.32,normal,periferia,lluvia,6,medio,moto
ENV-004219,2.19,0.6,14.7,9.2,9.2,1.24,0,0,1117.57,mismo_dia,centro,despejado,13,medio,bicicleta
ENV-004220,9.61,1.96,21.8,19.9,23.5,10.19,0,0,2080.45,normal,residencial,despejado,13,medio,dron
ENV-004221,25.31,1.89,38.1,21.4,13.6,11.09,0,0,1960.47,normal,periferia,despejado,13,alto,moto
ENV-004222,2.45,1.08,27.9,20.8,13.8,8.01,0,0,415.88,express,centro,lluvia,20,alto,moto
ENV-004223,10.33,0.59,25.3,16.3,10.8,4.45,0,0,260.49,express,periferia,despejado,12,bajo,dron
ENV-004224,3.35,3.51,46.2,23.8,22.2,24.41,1,1,643.64,express,residencial,lluvia,13,alto,camioneta
ENV-004225,18.8,0.98,27.9,13.6,11.9,4.52,1,0,707.25,normal,periferia,despejado,7,medio,moto
ENV-004226,0.65,0.94,23.5,11.0,11.9,3.08,1,0,616.31,normal,centro,despejado,12,bajo,bicicleta
ENV-004227,17.9,0.17,15.0,9.7,8.2,1.19,0,0,2601.21,normal,periferia,lluvia,12,bajo,moto
ENV-004228,1.71,1.03,14.4,12.9,14.2,2.64,0,0,371.73,express,centro,despejado,20,alto,bicicleta
ENV-004229,2.47,0.14,15.9,7.3,8.1,0.94,0,0,570.47,mismo_dia,centro,despejado,17,alto,bicicleta
ENV-004230,2.71,3.57,25.8,25.2,23.9,15.54,1,0,379.37,express,centro,lluvia,13,medio,bicicleta
ENV-004231,18.2,1.2,16.0,14.4,10.3,2.37,0,0,510.31,express,periferia,despejado,9,alto,moto
ENV-004232,10.1,1.57,27.0,14.8,15.3,6.11,1,0,1214.23,normal,residencial,lluvia,17,medio,moto
ENV-004233,7.67,0.51,24.5,13.8,9.3,3.14,0,0,839.26,express,residencial,despejado,13,medio,dron
ENV-004234,5.5,3.92,29.3,24.6,24.5,17.66,0,0,153.34,mismo_dia,residencial,viento_fuerte,16,alto,bicicleta
ENV-004235,20.28,1.59,28.9,25.5,15.1,11.13,1,0,968.19,express,periferia,despejado,18,alto,moto
ENV-004236,23.11,0.63,13.4,11.9,12.0,1.91,0,0,2605.85,mismo_dia,periferia,despejado,13,medio,moto
ENV-004237,3.98,2.65,22.7,12.7,17.6,5.07,0,0,355.89,normal,residencial,despejado,6,bajo,bicicleta
ENV-004238,4.47,1.87,30.5,23.4,10.4,7.42,1,0,387.21,normal,centro,lluvia,10,bajo,bicicleta
ENV-004239,3.57,6.01,35.3,25.5,17.9,16.11,0,0,6998.85,normal,centro,lluvia,7,alto,bicicleta
ENV-004240,8.74,2.47,26.8,13.1,14.3,5.02,1,0,7336.96,normal,residencial,despejado,9,bajo,dron
ENV-004241,3.42,1.47,21.5,15.4,21.5,7.12,1,0,715.38,express,centro,despejado,7,alto,bicicleta
ENV-004242,7.56,4.95,45.9,27.5,16.4,20.7,0,0,1022.73,normal,residencial,despejado,16,bajo,moto
ENV-004243,31.13,0.82,12.2,8.9,14.4,1.56,0,0,1732.6,express,rural,despejado,11,bajo,moto
ENV-004244,1.46,0.86,18.3,9.1,10.5,1.75,0,0,1561.64,express,centro,despejado,7,alto,bicicleta
ENV-004245,3.85,10.14,31.5,20.8,38.8,25.42,0,0,436.53,mismo_dia,residencial,despejado,6,medio,moto
ENV-004246,11.61,76.16,91.9,48.9,67.0,301.09,0,0,100.44,express,residencial,despejado,20,alto,camioneta
ENV-004247,11.12,0.68,20.3,12.6,14.3,3.66,0,1,1201.49,normal,periferia,despejado,22,medio,camioneta
ENV-004248,16.02,3.59,32.2,19.6,29.3,18.49,0,0,468.27,normal,periferia,lluvia,16,alto,moto
ENV-004249,4.29,1.42,25.1,18.2,21.3,9.73,1,0,314.12,normal,residencial,viento_fuerte,8,medio,bicicleta
ENV-004250,12.22,4.36,37.8,22.9,23.9,20.69,0,0,4186.46,normal,residencial,despejado,17,medio,moto
ENV-004251,7.62,0.38,21.2,11.7,8.9,2.21,0,0,5250.38,express,periferia,despejado,13,alto,dron
ENV-004252,39.47,0.67,26.6,12.0,12.2,3.89,0,0,469.52,normal,rural,despejado,11,medio,moto
ENV-004253,13.32,1.17,18.3,13.3,16.2,3.94,0,0,2641.7,normal,periferia,despejado,21,bajo,moto
ENV-004254,36.18,0.23,13.0,6.8,6.0,0.53,0,0,256.54,mismo_dia,rural,despejado,15,alto,moto
ENV-004255,4.48,2.77,32.8,27.5,23.4,21.11,0,0,1028.43,normal,residencial,lluvia,13,medio,bicicleta
ENV-004256,3.86,67.65,98.1,58.0,41.1,233.85,0,0,1671.53,normal,centro,despejado,14,alto,camioneta
ENV-004257,2.79,5.31,40.7,31.2,22.2,28.19,0,0,1177.31,express,centro,despejado,10,bajo,bicicleta
ENV-004258,6.58,4.73,34.7,24.9,19.5,16.85,0,0,2396.33,normal,residencial,despejado,10,bajo,bicicleta
ENV-004259,2.14,14.23,69.8,39.3,26.2,71.87,0,0,298.41,express,centro,lluvia,13,alto,moto
ENV-004260,23.82,0.38,14.7,14.5,14.0,2.98,1,0,9228.94,express,rural,despejado,3,medio,moto
ENV-004261,2.74,54.08,52.1,46.6,50.7,123.09,0,0,208.06,express,centro,viento_fuerte,11,medio,camioneta
ENV-004262,5.28,5.55,39.0,16.7,17.3,11.27,0,0,780.31,express,residencial,despejado,11,bajo,bicicleta
ENV-004263,13.08,4.61,30.1,19.3,27.9,16.21,0,0,174.02,normal,residencial,despejado,18,alto,moto
ENV-004264,19.46,4.53,42.8,38.0,20.3,33.02,0,0,474.85,normal,rural,viento_fuerte,20,alto,camioneta
ENV-004265,8.64,2.53,36.8,16.1,15.2,9.01,0,0,3545.22,normal,residencial,despejado,11,medio,moto
ENV-004266,3.13,3.59,20.4,12.7,22.9,5.93,0,0,229.25,normal,centro,despejado,15,alto,bicicleta
ENV-004267,5.28,2.91,29.3,20.9,22.1,13.53,0,0,647.55,normal,centro,lluvia,6,medio,bicicleta
ENV-004268,2.73,0.74,13.0,12.6,13.0,2.13,0,0,83.74,express,centro,lluvia,22,bajo,moto
ENV-004269,10.6,78.03,75.6,39.2,46.2,136.91,0,0,1615.13,normal,periferia,despejado,13,medio,camioneta
ENV-004270,14.23,1.51,25.5,14.8,10.5,3.96,0,0,60.0,mismo_dia,periferia,despejado,10,bajo,dron
ENV-004271,3.37,5.87,55.2,29.8,20.4,33.56,0,0,649.93,normal,residencial,despejado,7,bajo,bicicleta
ENV-004272,9.83,1.2,32.6,15.4,16.4,8.23,0,0,144.23,normal,residencial,despejado,10,bajo,moto
ENV-004273,11.09,4.19,47.2,21.9,22.2,22.95,0,0,57.07,normal,residencial,viento_fuerte,15,bajo,moto
ENV-004274,4.69,2.21,37.8,24.5,11.2,10.37,0,0,272.66,normal,residencial,despejado,18,bajo,bicicleta
ENV-004275,1.98,0.51,17.4,13.2,8.3,1.91,0,0,290.08,normal,centro,viento_fuerte,15,bajo,bicicleta
ENV-004276,15.97,8.37,44.5,34.7,21.5,33.2,1,0,437.94,normal,periferia,despejado,18,bajo,moto
ENV-004277,25.44,2.46,39.4,25.9,17.1,17.45,0,0,2220.13,express,periferia,lluvia,19,alto,moto
ENV-004278,39.33,6.09,44.2,40.1,26.1,46.26,0,0,323.73,normal,rural,lluvia,18,alto,moto
ENV-004279,4.04,4.31,50.5,28.2,19.6,27.91,0,0,284.39,normal,centro,lluvia,10,bajo,moto
ENV-004280,4.98,0.55,11.7,11.8,7.8,1.08,1,0,590.15,normal,centro,despejado,23,bajo,bicicleta
ENV-004281,16.0,2.41,30.8,21.8,24.5,16.45,0,0,103.83,express,periferia,viento_fuerte,11,alto,moto
ENV-004282,24.16,0.71,16.5,8.8,11.0,1.6,0,0,3379.28,normal,periferia,despejado,11,bajo,moto
ENV-004283,4.94,1.1,29.9,17.4,14.4,7.49,1,1,297.98,mismo_dia,residencial,despejado,12,medio,camioneta
ENV-004284,9.78,0.57,24.8,12.8,10.0,3.17,1,0,272.34,express,residencial,despejado,20,medio,dron
ENV-004285,4.41,1.34,24.2,15.5,9.3,3.49,0,0,10275.88,express,centro,despejado,18,medio,bicicleta
ENV-004286,9.41,5.8,30.1,19.2,15.1,8.73,0,0,4354.59,express,residencial,despejado,9,medio,moto
ENV-004287,13.53,1.26,31.2,20.7,11.3,7.3,0,0,640.45,normal,periferia,lluvia,11,medio,moto
ENV-004288,5.58,3.64,25.4,17.4,19.1,8.44,0,0,704.51,normal,residencial,despejado,8,alto,bicicleta
ENV-004289,5.62,9.04,38.3,26.0,45.3,45.11,0,0,256.32,mismo_dia,residencial,despejado,17,medio,moto
ENV-004290,5.38,0.51,15.4,11.4,6.6,1.16,1,0,1814.01,normal,residencial,despejado,16,bajo,bicicleta
ENV-004291,24.56,4.62,34.3,33.0,23.3,26.37,0,0,1228.51,normal,periferia,despejado,10,medio,moto
ENV-004292,4.74,1.19,24.8,14.5,16.5,5.93,0,0,2737.37,normal,residencial,despejado,13,medio,bicicleta
ENV-004293,14.64,1.81,33.3,22.7,18.2,13.76,0,0,200.83,normal,periferia,lluvia,7,medio,moto
ENV-004294,6.11,43.82,95.5,60.1,26.6,152.67,0,0,129.44,mismo_dia,residencial,despejado,8,alto,camioneta
ENV-004295,2.35,1.48,35.7,22.0,10.5,8.25,0,0,69.22,mismo_dia,residencial,despejado,16,medio,bicicleta
ENV-004296,1.37,53.71,81.3,45.8,39.2,145.96,1,0,719.82,normal,centro,despejado,6,alto,camioneta
ENV-004297,1.4,1.7,26.8,15.7,19.9,8.37,0,0,133.96,mismo_dia,centro,despejado,12,alto,bicicleta
ENV-004298,20.63,1.32,35.2,20.2,13.3,9.46,1,0,1197.04,normal,periferia,despejado,12,bajo,moto
ENV-004299,43.69,6.2,22.3,19.4,23.7,10.25,0,0,3403.72,normal,rural,despejado,10,alto,camioneta
ENV-004300,5.36,8.08,44.1,22.1,30.9,30.12,0,0,233.79,normal,residencial,despejado,15,alto,moto
ENV-004301,6.13,1.09,24.1,15.0,8.2,2.96,0,0,1539.02,normal,residencial,viento_fuerte,10,medio,bicicleta
ENV-004302,1.98,2.24,37.1,25.9,18.6,17.87,1,0,525.56,mismo_dia,centro,despejado,18,medio,bicicleta
ENV-004303,8.59,0.62,13.7,10.4,15.0,2.14,0,0,3716.92,express,residencial,despejado,7,medio,dron
ENV-004304,2.41,1.08,31.8,15.9,15.7,7.94,0,0,63.77,normal,centro,viento_fuerte,7,bajo,bicicleta
ENV-004305,4.15,1.04,19.7,21.3,13.5,5.66,0,0,238.77,normal,centro,despejado,14,alto,bicicleta
ENV-004306,3.63,3.2,38.1,21.4,30.6,24.95,0,0,207.77,express,centro,lluvia,10,bajo,moto
ENV-004307,2.66,1.37,20.5,13.6,18.6,5.19,0,0,609.54,normal,residencial,despejado,14,alto,bicicleta
ENV-004308,7.93,2.26,32.4,20.2,20.7,13.55,0,0,864.44,normal,residencial,lluvia,14,alto,moto
ENV-004309,8.35,0.55,25.7,12.9,8.9,2.95,0,0,1960.37,normal,residencial,lluvia,17,bajo,moto
ENV-004310,27.64,1.58,23.0,16.8,29.6,11.44,0,0,2004.56,express,periferia,despejado,6,bajo,moto
ENV-004311,3.52,1.11,18.2,16.4,15.0,4.48,0,0,622.67,express,centro,despejado,21,bajo,moto
ENV-004312,8.65,2.79,21.7,11.6,17.6,4.43,0,0,410.41,normal,residencial,lluvia,4,medio,camioneta
ENV-004313,8.05,2.15,24.6,24.9,16.5,10.11,0,0,2290.96,normal,residencial,despejado,11,bajo,dron
ENV-004314,12.73,1.32,24.3,24.5,16.2,9.64,0,1,67.27,mismo_dia,residencial,despejado,15,medio,camioneta
ENV-004315,13.03,6.18,46.8,31.4,18.8,27.63,0,0,651.0,mismo_dia,residencial,despejado,7,bajo,moto
ENV-004316,5.6,2.43,32.8,19.0,17.9,11.16,1,0,1382.19,express,residencial,viento_fuerte,7,alto,bicicleta
ENV-004317,8.47,0.61,21.6,8.9,10.2,1.96,0,0,9191.64,normal,residencial,despejado,17,medio,dron
ENV-004318,5.53,6.85,47.6,25.2,21.7,26.03,0,0,477.17,normal,residencial,despejado,20,alto,bicicleta
ENV-004319,4.33,4.81,34.8,34.4,22.5,26.94,0,0,2572.49,express,centro,lluvia,13,alto,moto
ENV-004320,3.12,2.01,40.2,21.5,15.5,13.4,0,0,5606.26,normal,centro,despejado,7,alto,bicicleta
ENV-004321,1.95,2.43,32.1,13.8,13.9,6.16,1,0,6540.04,normal,centro,despejado,18,alto,bicicleta
ENV-004322,32.83,15.17,69.8,31.5,37.4,82.23,0,0,1825.47,normal,rural,lluvia,2,medio,moto
ENV-004323,42.54,3.54,31.0,24.4,30.9,23.37,0,0,405.48,mismo_dia,rural,despejado,8,alto,camioneta
ENV-004324,7.88,2.18,26.8,12.1,14.2,4.6,0,0,895.42,express,residencial,despejado,3,bajo,moto
ENV-004325,1.47,1.42,33.1,23.0,13.6,10.35,1,0,155.76,normal,centro,despejado,12,bajo,bicicleta
ENV-004326,4.03,0.25,9.2,7.3,5.7,0.38,0,0,8094.04,normal,centro,despejado,16,medio,bicicleta
ENV-004327,6.37,9.09,43.3,27.5,29.1,34.65,0,0,998.81,mismo_dia,residencial,lluvia,16,alto,moto
ENV-004328,4.33,4.55,32.2,20.0,14.3,9.21,0,0,344.69,express,residencial,despejado,8,alto,bicicleta
ENV-004329,12.56,2.58,23.6,22.4,12.7,6.71,0,1,129.94,normal,residencial,despejado,13,alto,camioneta
ENV-004330,2.76,5.27,49.5,22.8,30.4,34.31,0,0,1422.67,normal,centro,despejado,16,medio,bicicleta
ENV-004331,7.72,3.92,28.6,24.2,23.3,16.13,0,0,415.93,express,residencial,viento_fuerte,18,alto,moto
ENV-004332,5.38,0.36,12.9,11.2,13.6,1.96,0,0,487.12,mismo_dia,centro,despejado,18,medio,moto
ENV-004333,2.33,0.25,11.8,7.7,7.7,0.7,0,0,206.71,express,centro,despejado,17,medio,bicicleta
ENV-004334,6.82,76.31,88.4,55.4,25.7,125.86,0,0,6501.21,normal,periferia,despejado,11,alto,camioneta
ENV-004335,22.66,0.83,20.8,12.3,7.2,1.84,0,0,2859.06,normal,periferia,despejado,20,alto,moto
ENV-004336,16.99,12.33,42.7,36.6,33.8,52.82,0,0,1028.65,normal,periferia,despejado,12,medio,moto
ENV-004337,10.37,2.91,45.9,28.2,13.8,17.86,0,0,377.73,normal,residencial,lluvia,5,bajo,moto
ENV-004338,54.92,8.99,63.6,33.9,20.5,44.2,0,0,1863.55,normal,rural,despejado,10,bajo,camioneta
ENV-004339,5.27,5.87,47.8,35.9,23.7,40.67,0,0,371.31,normal,centro,despejado,3,medio,moto
ENV-004340,14.04,0.56,17.0,17.0,12.7,3.67,0,0,1774.82,normal,residencial,lluvia,19,medio,moto
ENV-004341,9.87,0.98,15.7,15.9,13.6,3.39,0,0,1318.6,mismo_dia,residencial,lluvia,19,alto,moto
ENV-004342,35.36,1.93,22.1,21.4,14.4,6.81,0,0,1179.81,normal,rural,despejado,20,alto,moto
ENV-004343,3.98,3.8,49.7,35.7,15.6,27.68,0,0,364.0,normal,residencial,lluvia,8,alto,bicicleta
ENV-004344,16.47,1.24,24.4,15.8,10.4,4.01,0,0,723.48,express,periferia,despejado,9,medio,moto
ENV-004345,2.07,1.93,28.6,19.7,20.3,11.44,1,0,1314.74,express,residencial,despejado,20,alto,dron
ENV-004346,45.41,2.15,25.7,25.8,22.0,14.59,0,0,307.34,normal,rural,lluvia,14,alto,camioneta
ENV-004347,22.28,1.02,14.6,10.6,17.2,2.66,0,0,1681.54,normal,periferia,despejado,13,alto,moto
ENV-004348,5.08,4.52,36.5,21.4,15.9,12.42,0,0,590.06,express,centro,lluvia,10,medio,moto
ENV-004349,6.91,4.32,24.1,18.1,25.6,11.17,1,0,176.91,normal,residencial,despejado,13,alto,bicicleta
ENV-004350,1.09,0.7,18.1,12.8,13.5,3.13,1,1,2333.83,normal,centro,despejado,13,alto,camioneta
ENV-004351,6.44,0.23,14.4,9.6,7.5,1.04,0,0,133.75,normal,residencial,lluvia,4,medio,moto
ENV-004352,38.39,2.22,35.0,19.8,21.5,14.9,0,0,1127.09,mismo_dia,rural,lluvia,14,alto,moto
ENV-004353,3.37,1.87,33.5,20.9,12.5,8.75,0,0,313.55,mismo_dia,centro,lluvia,13,alto,moto
ENV-004354,9.09,1.06,30.6,13.9,14.1,6.0,0,0,10044.8,normal,residencial,despejado,18,medio,dron
ENV-004355,1.56,1.11,20.6,14.4,13.4,3.97,1,0,138.75,express,centro,despejado,16,medio,bicicleta
ENV-004356,6.35,2.15,23.9,13.5,13.3,4.29,0,0,860.03,express,periferia,despejado,7,alto,dron
ENV-004357,6.45,0.76,18.6,16.0,13.0,3.87,0,0,316.2,mismo_dia,residencial,despejado,5,bajo,moto
ENV-004358,4.54,0.44,16.0,15.2,9.0,2.19,0,0,1283.16,normal,residencial,despejado,9,bajo,bicicleta
ENV-004359,11.38,6.86,52.2,36.1,19.1,35.99,0,0,353.38,normal,residencial,despejado,11,medio,moto
ENV-004360,42.74,1.82,19.1,12.9,15.3,3.77,0,0,319.49,normal,rural,despejado,10,medio,camioneta
ENV-004361,26.96,1.43,24.2,18.3,8.3,3.68,0,0,1312.19,normal,periferia,despejado,4,medio,moto
ENV-004362,1.57,4.34,32.9,21.3,18.2,12.75,0,0,166.1,normal,centro,despejado,16,medio,bicicleta
ENV-004363,4.48,1.04,21.5,20.2,18.6,8.08,0,0,2787.77,normal,centro,despejado,7,alto,bicicleta
ENV-004364,6.61,6.47,34.1,27.2,33.2,30.79,0,1,1687.43,normal,residencial,despejado,12,alto,camioneta
ENV-004365,16.8,3.16,33.9,25.6,23.4,20.31,1,0,632.02,normal,periferia,despejado,2,bajo,moto
ENV-004366,2.02,0.74,15.5,14.6,13.0,2.94,1,0,514.58,express,centro,lluvia,9,alto,bicicleta
ENV-004367,15.42,0.39,16.6,10.2,12.3,2.08,0,0,700.3,normal,periferia,despejado,12,medio,camioneta
ENV-004368,15.36,0.75,26.3,17.5,12.8,5.89,0,0,3025.02,normal,periferia,despejado,7,alto,moto
ENV-004369,2.85,6.63,40.4,23.5,29.6,28.1,0,0,50,normal,centro,despejado,16,bajo,bicicleta
ENV-004370,15.98,0.9,22.1,16.8,12.1,4.49,1,0,588.11,normal,periferia,despejado,18,alto,moto
ENV-004371,4.77,3.09,28.7,19.1,31.4,17.21,0,0,360.21,normal,residencial,despejado,21,bajo,moto
ENV-004372,2.29,4.89,47.9,26.5,18.0,22.85,0,0,836.58,normal,centro,despejado,8,alto,bicicleta
ENV-004373,35.78,2.14,21.5,17.4,25.3,9.46,0,1,517.5,normal,rural,despejado,15,alto,camioneta
ENV-004374,11.96,0.94,30.4,15.7,12.0,5.73,0,0,554.49,mismo_dia,periferia,despejado,7,alto,dron
ENV-004375,3.58,4.29,42.6,35.3,21.2,31.88,0,0,488.59,express,centro,despejado,12,bajo,bicicleta
ENV-004376,24.23,0.56,19.3,12.4,14.0,3.35,1,0,2133.43,normal,periferia,despejado,7,alto,moto
ENV-004377,1.56,2.59,29.0,19.3,23.3,13.04,0,0,1643.79,normal,centro,despejado,16,medio,bicicleta
ENV-004378,10.92,1.4,24.8,18.7,18.4,8.53,0,0,1552.76,express,residencial,despejado,15,alto,dron
ENV-004379,3.25,3.26,36.4,31.0,21.5,24.26,0,0,282.15,normal,centro,despejado,16,bajo,bicicleta
ENV-004380,13.88,1.96,35.1,19.9,18.0,12.57,0,0,6107.05,mismo_dia,periferia,despejado,19,alto,camioneta
ENV-004381,7.04,2.36,27.1,23.7,13.2,8.48,0,0,9897.29,normal,periferia,despejado,15,medio,dron
ENV-004382,2.85,1.07,27.2,12.9,11.0,3.86,0,0,2089.77,express,centro,despejado,7,alto,bicicleta
ENV-004383,8.52,4.03,43.2,23.3,17.4,17.51,0,0,223.42,express,residencial,despejado,7,medio,moto
ENV-004384,5.31,3.59,37.7,32.3,21.6,26.3,0,0,1713.52,express,centro,despejado,14,alto,bicicleta
ENV-004385,26.35,1.47,26.5,22.4,14.5,8.61,1,0,86.9,normal,rural,despejado,8,medio,moto
ENV-004386,7.69,1.14,14.8,9.5,17.2,2.42,1,0,185.42,normal,residencial,viento_fuerte,17,alto,moto
ENV-004387,13.23,55.31,77.3,78.1,62.0,374.3,0,0,1549.43,normal,residencial,despejado,13,medio,camioneta
ENV-004388,4.87,2.86,30.7,26.5,13.5,10.98,0,1,110.99,normal,centro,despejado,9,medio,camioneta
ENV-004389,11.38,0.89,26.2,18.1,10.1,4.79,1,0,7516.24,mismo_dia,residencial,lluvia,3,alto,moto
ENV-004390,39.38,59.26,129.8,80.9,38.1,400.08,0,0,945.29,express,rural,despejado,18,alto,camioneta
ENV-004391,6.52,0.57,17.9,14.0,8.9,2.23,0,1,948.1,normal,residencial,despejado,7,bajo,camioneta
ENV-004392,44.35,5.15,44.9,30.0,27.2,36.64,0,0,2806.95,express,rural,lluvia,8,alto,camioneta
ENV-004393,2.31,2.36,39.6,24.7,15.9,15.55,0,0,1482.11,express,residencial,lluvia,11,bajo,moto
ENV-004394,4.22,0.54,14.4,12.5,8.5,1.53,0,0,8416.08,normal,residencial,despejado,21,bajo,moto
ENV-004395,25.41,4.99,48.1,26.7,18.2,23.37,1,0,1520.5,mismo_dia,rural,despejado,15,alto,moto
ENV-004396,8.71,6.44,35.3,25.0,43.3,38.21,0,0,3335.39,express,residencial,despejado,11,medio,moto
ENV-004397,2.86,2.23,41.3,25.6,12.4,13.11,0,0,130.93,express,centro,viento_fuerte,22,medio,moto
ENV-004398,4.54,0.9,27.5,13.1,16.8,6.05,0,0,622.7,normal,centro,despejado,8,alto,bicicleta
ENV-004399,3.23,3.79,35.7,24.5,15.1,13.21,1,0,5857.39,express,residencial,lluvia,20,medio,bicicleta
ENV-004400,21.04,9.93,41.2,31.1,39.5,50.61,0,1,773.17,mismo_dia,periferia,despejado,16,medio,camioneta
ENV-004401,4.1,1.02,19.8,15.1,13.0,3.89,0,0,2717.53,normal,residencial,lluvia,16,bajo,moto
ENV-004402,11.73,2.64,25.6,17.5,18.0,8.06,0,0,328.79,normal,residencial,despejado,14,medio,moto
ENV-004403,6.42,0.8,29.1,13.9,14.2,5.74,0,0,328.17,normal,periferia,despejado,17,bajo,bicicleta
ENV-004404,27.12,1.27,27.2,19.4,14.1,7.44,1,0,701.22,normal,rural,despejado,9,medio,moto
ENV-004405,5.55,2.01,24.0,18.7,14.9,6.69,0,0,169.81,normal,residencial,despejado,20,alto,bicicleta
ENV-004406,3.68,1.72,24.5,20.4,10.0,5.0,0,0,347.23,normal,centro,despejado,10,bajo,bicicleta
ENV-004407,44.21,73.82,92.2,41.9,47.3,182.73,0,0,50,mismo_dia,rural,lluvia,11,alto,camioneta
ENV-004408,1.42,6.92,36.6,26.3,16.6,15.98,0,0,10600.31,express,centro,despejado,9,alto,bicicleta
ENV-004409,2.65,9.1,69.0,42.5,22.8,66.86,0,0,96.61,express,centro,viento_fuerte,4,bajo,moto
ENV-004410,6.79,4.68,40.2,25.6,27.9,28.71,0,0,895.71,normal,residencial,despejado,15,alto,bicicleta
ENV-004411,45.54,1.5,24.6,17.3,23.5,10.0,1,0,1410.76,mismo_dia,rural,despejado,11,alto,camioneta
ENV-004412,5.81,25.82,43.7,30.1,45.4,59.72,0,0,1419.09,normal,residencial,despejado,6,bajo,camioneta
ENV-004413,12.72,4.29,48.3,37.6,17.7,32.14,0,0,1356.1,express,periferia,despejado,18,alto,moto
ENV-004414,11.88,2.76,24.3,16.0,12.8,4.98,0,0,4880.22,express,periferia,lluvia,10,bajo,moto
ENV-004415,27.45,6.61,55.1,24.0,24.2,32.0,0,0,55.18,normal,rural,despejado,10,alto,moto
ENV-004416,12.66,3.82,33.7,22.1,12.8,9.53,0,0,688.47,express,periferia,despejado,18,alto,camioneta
ENV-004417,16.29,0.7,28.9,19.6,8.3,4.7,0,1,720.9,normal,periferia,despejado,11,bajo,camioneta
ENV-004418,30.7,4.37,46.9,34.1,15.2,24.31,0,0,138.07,normal,rural,despejado,9,medio,moto
ENV-004419,7.87,0.27,17.8,9.4,12.2,2.04,1,0,245.93,mismo_dia,periferia,despejado,13,bajo,dron
ENV-004420,46.19,1.47,27.4,21.5,17.2,10.13,0,0,50,normal,rural,despejado,17,bajo,camioneta
ENV-004421,3.85,0.42,19.8,17.6,9.1,3.17,0,0,159.92,express,centro,despejado,17,alto,bicicleta
ENV-004422,14.56,0.8,19.4,14.3,7.3,2.03,0,0,1887.66,mismo_dia,periferia,despejado,16,bajo,dron
ENV-004423,42.76,4.32,51.1,33.7,13.8,23.76,1,0,2850.08,express,rural,despejado,8,alto,camioneta
ENV-004424,2.03,44.23,72.3,75.8,60.9,333.75,0,0,2770.1,normal,centro,despejado,16,bajo,camioneta
ENV-004425,3.11,70.43,108.9,51.0,49.5,274.92,0,0,474.94,normal,centro,despejado,10,medio,camioneta
ENV-004426,4.78,6.91,48.4,26.4,16.3,20.83,0,0,6831.96,express,centro,lluvia,8,medio,moto
ENV-004427,17.76,0.63,18.9,14.7,17.7,4.92,0,0,1138.0,normal,periferia,despejado,13,medio,moto
ENV-004428,2.18,15.4,58.9,29.5,30.3,52.65,0,0,815.76,normal,centro,despejado,16,alto,moto
ENV-004429,20.02,1.0,26.8,13.2,15.3,5.41,0,0,1599.17,normal,rural,despejado,10,medio,moto
ENV-004430,16.77,4.02,44.3,27.4,17.9,21.73,0,0,1342.09,normal,rural,despejado,10,medio,moto
ENV-004431,7.69,2.15,23.3,17.3,23.5,9.47,0,0,332.5,normal,residencial,despejado,15,alto,dron
ENV-004432,4.24,1.73,22.4,15.3,15.4,5.28,0,0,1532.08,normal,residencial,lluvia,15,medio,moto
ENV-004433,14.63,1.17,21.7,15.7,18.6,6.34,0,0,9547.64,normal,periferia,despejado,9,medio,dron
ENV-004434,10.99,0.92,25.7,20.7,13.2,7.02,0,0,2217.57,normal,residencial,viento_fuerte,15,medio,moto
ENV-004435,4.74,12.82,50.8,37.2,26.1,49.32,0,0,1359.42,express,centro,despejado,18,medio,moto
ENV-004436,2.13,0.81,19.4,11.6,17.8,4.01,1,0,789.38,mismo_dia,centro,despejado,9,bajo,bicicleta
ENV-004437,3.86,0.91,15.4,10.4,19.2,3.08,0,0,390.46,express,centro,despejado,15,alto,bicicleta
ENV-004438,51.14,2.21,26.5,17.0,20.2,9.1,0,0,997.16,normal,rural,despejado,16,medio,camioneta
ENV-004439,7.85,0.31,13.6,10.6,9.1,1.31,0,0,5101.27,express,residencial,despejado,13,medio,dron
ENV-004440,27.66,1.77,28.1,18.9,9.1,4.83,0,1,195.26,normal,rural,despejado,9,alto,camioneta
ENV-004441,8.11,6.72,47.5,38.3,25.6,46.57,0,0,427.91,normal,residencial,despejado,10,alto,moto
ENV-004442,0.79,6.29,37.0,36.0,36.2,48.22,0,0,1954.37,normal,centro,despejado,20,alto,moto
ENV-004443,12.96,3.48,34.2,20.0,24.2,16.55,0,0,422.32,normal,periferia,despejado,7,alto,moto
ENV-004444,11.26,57.56,92.1,62.0,36.0,205.57,0,0,345.69,normal,residencial,lluvia,9,alto,camioneta
ENV-004445,11.9,1.47,23.4,16.3,7.3,2.78,0,0,1614.69,normal,periferia,lluvia,21,medio,moto
ENV-004446,25.94,3.63,35.7,23.5,11.9,9.98,0,0,149.98,express,rural,despejado,12,medio,moto
ENV-004447,12.73,0.79,22.1,20.6,12.6,5.74,0,0,444.36,express,periferia,despejado,14,alto,dron
ENV-004448,10.6,1.94,33.4,17.5,15.2,8.88,0,0,1378.04,express,residencial,despejado,21,bajo,moto
ENV-004449,11.87,1.9,16.0,13.7,13.2,2.89,1,0,1065.23,normal,residencial,lluvia,6,bajo,moto
ENV-004450,13.01,6.66,47.3,26.6,32.6,41.02,1,0,2173.8,normal,periferia,lluvia,13,medio,moto
ENV-004451,6.48,1.17,32.1,17.0,15.4,8.4,1,0,425.97,normal,residencial,despejado,9,alto,bicicleta
ENV-004452,5.54,2.61,31.7,20.0,22.6,14.33,0,0,3656.7,mismo_dia,residencial,despejado,7,alto,moto
ENV-004453,2.12,0.72,17.6,11.7,8.1,1.67,0,0,1725.49,normal,centro,despejado,8,medio,bicicleta
ENV-004454,2.5,2.5,36.0,15.0,16.8,9.07,0,0,610.29,normal,residencial,lluvia,15,alto,moto
ENV-004455,12.18,12.21,54.1,31.0,20.3,34.05,0,0,1447.72,normal,periferia,viento_fuerte,10,bajo,moto
ENV-004456,6.39,0.55,17.2,12.4,6.4,1.36,0,0,2854.79,express,residencial,lluvia,10,bajo,moto
ENV-004457,2.18,0.66,17.3,18.3,12.9,4.08,0,0,596.61,express,centro,despejado,14,bajo,bicicleta
ENV-004458,4.35,13.09,69.5,30.4,33.0,69.72,0,1,664.08,normal,residencial,despejado,9,alto,camioneta
ENV-004459,25.23,2.62,24.2,19.6,23.2,11.0,0,0,2419.95,normal,rural,lluvia,20,alto,moto
ENV-004460,4.39,10.84,39.4,42.3,27.3,45.5,0,0,3169.76,mismo_dia,residencial,despejado,16,bajo,moto
ENV-004461,4.37,3.39,27.5,23.0,19.9,12.59,0,0,907.5,mismo_dia,centro,viento_fuerte,16,medio,bicicleta
ENV-004462,1.76,14.46,53.4,29.5,35.8,56.4,0,0,635.19,normal,centro,viento_fuerte,12,alto,moto
ENV-004463,13.68,78.03,111.0,81.3,44.3,399.78,1,0,926.06,normal,residencial,viento_fuerte,10,medio,camioneta
ENV-004464,4.56,0.91,15.3,10.5,14.8,2.38,0,0,654.78,normal,centro,despejado,16,bajo,bicicleta
ENV-004465,4.26,6.12,45.7,25.5,20.0,23.31,0,0,197.02,normal,centro,lluvia,11,alto,bicicleta
ENV-004466,5.53,3.03,27.4,18.7,14.3,7.33,0,0,3570.17,express,residencial,despejado,7,medio,bicicleta
ENV-004467,4.88,2.61,42.4,29.3,14.1,17.52,1,0,393.85,mismo_dia,centro,lluvia,9,medio,moto
ENV-004468,5.53,0.9,12.8,11.4,12.0,1.75,0,0,4448.45,mismo_dia,residencial,despejado,12,bajo,dron
ENV-004469,55.62,7.51,56.1,29.2,21.4,35.06,0,0,505.39,normal,rural,despejado,7,medio,camioneta
ENV-004470,10.09,0.28,14.0,8.5,7.9,0.94,0,0,6397.52,normal,residencial,despejado,1,bajo,moto
ENV-004471,6.3,11.35,58.2,53.1,29.1,89.93,0,0,2023.07,normal,residencial,despejado,21,alto,moto
ENV-004472,2.76,6.39,37.2,27.1,22.2,22.38,0,0,1269.58,mismo_dia,centro,despejado,11,medio,bicicleta
ENV-004473,25.61,4.93,50.6,31.6,23.7,37.9,1,0,6156.37,express,periferia,despejado,16,bajo,moto
ENV-004474,8.46,1.15,20.7,16.1,10.7,3.57,0,0,50,normal,periferia,despejado,13,alto,dron
ENV-004475,2.53,1.15,26.5,14.7,23.0,8.96,0,1,5655.74,mismo_dia,residencial,despejado,15,alto,camioneta
ENV-004476,3.18,8.09,66.5,37.7,21.7,54.4,0,0,107.74,normal,centro,despejado,10,bajo,moto
ENV-004477,8.38,4.16,37.5,28.9,14.2,15.39,1,0,351.71,normal,residencial,despejado,17,medio,moto
ENV-004478,12.86,3.71,39.3,24.9,15.4,15.07,0,0,2094.28,normal,periferia,despejado,12,alto,moto
ENV-004479,2.2,10.0,68.5,48.0,23.8,78.25,0,0,2087.81,mismo_dia,centro,despejado,20,medio,moto
ENV-004480,11.63,2.52,27.0,27.3,26.2,19.31,0,0,4660.26,normal,periferia,despejado,21,medio,moto
ENV-004481,11.97,5.84,42.1,21.7,17.7,16.17,0,0,909.25,normal,periferia,despejado,13,alto,moto
ENV-004482,4.16,2.4,34.1,29.9,15.3,15.6,0,0,206.15,express,residencial,despejado,7,alto,bicicleta
ENV-004483,2.9,9.62,55.0,37.2,30.2,61.79,1,0,1505.71,normal,centro,lluvia,11,bajo,camioneta
ENV-004484,3.02,4.75,33.4,35.9,24.7,29.62,0,0,1847.39,normal,centro,despejado,20,medio,bicicleta
ENV-004485,3.03,1.61,28.0,19.3,19.7,10.65,0,0,322.31,normal,centro,despejado,13,medio,bicicleta
ENV-004486,8.21,1.54,35.3,25.1,11.8,10.46,0,0,1457.15,normal,residencial,despejado,9,alto,dron
ENV-004487,23.84,0.34,16.7,8.1,7.1,0.96,1,0,2755.95,mismo_dia,rural,despejado,10,bajo,moto
ENV-004488,30.87,2.91,21.1,21.7,19.5,8.93,0,0,505.99,normal,rural,despejado,2,alto,camioneta
ENV-004489,9.22,0.41,10.7,11.1,8.5,1.01,0,0,82.39,normal,residencial,despejado,2,medio,moto
ENV-004490,45.27,10.16,34.9,27.0,20.3,19.13,0,0,1263.35,mismo_dia,rural,viento_fuerte,18,medio,camioneta
ENV-004491,9.99,3.32,26.1,18.6,10.9,5.29,0,0,3854.46,normal,periferia,despejado,10,bajo,moto
ENV-004492,3.13,0.4,20.2,9.5,11.2,2.15,0,0,7202.21,express,centro,lluvia,13,bajo,moto
ENV-004493,1.19,2.67,25.9,22.9,20.3,12.04,0,0,332.77,normal,centro,lluvia,9,bajo,moto
ENV-004494,8.26,1.31,34.5,17.4,12.6,7.56,0,0,2833.85,normal,residencial,despejado,13,alto,dron
ENV-004495,8.54,0.99,30.1,21.6,11.9,7.74,0,0,1485.05,mismo_dia,residencial,despejado,18,bajo,dron
ENV-004496,11.84,23.79,87.3,43.1,31.7,119.28,0,0,354.23,normal,residencial,despejado,16,medio,camioneta
ENV-004497,6.1,2.87,42.5,28.7,12.1,14.76,0,0,891.43,normal,residencial,despejado,8,alto,bicicleta
ENV-004498,35.64,1.29,24.4,16.9,21.2,8.74,0,0,816.31,express,rural,despejado,6,medio,moto
ENV-004499,8.12,2.91,28.4,30.0,19.3,16.44,0,0,915.57,express,residencial,despejado,9,alto,moto
ENV-004500,8.59,1.01,29.0,20.8,12.4,7.48,0,0,762.29,normal,residencial,viento_fuerte,12,medio,moto
ENV-004501,10.41,8.01,45.2,27.5,15.9,19.76,0,0,850.32,normal,residencial,lluvia,17,medio,moto
ENV-004502,3.97,4.34,29.2,19.7,34.4,19.79,0,0,94.89,express,centro,viento_fuerte,16,alto,bicicleta
ENV-004503,13.32,6.01,53.9,29.5,27.5,43.73,0,0,551.85,mismo_dia,residencial,despejado,11,bajo,moto
ENV-004504,6.54,2.37,36.0,20.0,16.5,11.88,0,0,4007.12,mismo_dia,residencial,despejado,20,alto,dron
ENV-004505,12.48,3.83,37.6,16.0,18.0,10.83,0,0,230.29,normal,residencial,despejado,13,alto,moto
ENV-004506,20.57,31.11,93.6,55.5,30.6,158.96,0,0,255.02,mismo_dia,periferia,lluvia,18,alto,camioneta
ENV-004507,3.97,0.53,13.1,10.2,8.1,1.08,0,0,465.59,normal,residencial,despejado,14,alto,bicicleta
ENV-004508,9.94,1.19,22.6,19.8,11.2,5.01,0,0,717.59,express,residencial,lluvia,17,medio,moto
ENV-004509,6.08,2.25,37.1,19.4,15.6,11.23,0,0,1881.41,normal,residencial,despejado,7,medio,bicicleta
ENV-004510,8.42,6.75,33.0,24.9,32.9,27.03,0,0,1798.04,normal,residencial,viento_fuerte,12,bajo,camioneta
ENV-004511,11.26,0.75,25.7,19.6,10.3,5.19,0,0,1957.96,mismo_dia,residencial,despejado,13,medio,dron
ENV-004512,9.4,0.62,20.5,12.4,8.8,2.24,0,0,338.32,express,residencial,lluvia,19,alto,moto
ENV-004513,12.39,0.59,15.7,13.5,7.4,1.57,0,0,53.82,normal,periferia,despejado,8,alto,dron
ENV-004514,10.96,0.49,15.9,14.5,10.4,2.4,1,0,80000,normal,periferia,despejado,18,medio,dron
ENV-004515,11.88,1.54,22.6,17.7,16.3,6.52,0,0,1039.22,normal,periferia,viento_fuerte,10,medio,moto
ENV-004516,8.95,1.21,22.0,21.4,13.1,6.17,0,0,651.25,normal,residencial,despejado,16,bajo,dron
ENV-004517,28.57,0.27,14.2,7.8,8.6,0.95,0,0,1004.43,mismo_dia,rural,despejado,19,medio,moto
ENV-004518,2.02,20.01,47.7,43.8,26.6,55.57,0,0,6145.76,express,centro,lluvia,9,medio,moto
ENV-004519,7.87,0.16,12.3,9.6,7.6,0.9,0,0,726.05,normal,residencial,despejado,11,bajo,dron
ENV-004520,13.18,5.86,46.0,29.6,20.9,28.46,0,0,875.88,mismo_dia,periferia,lluvia,17,medio,moto
ENV-004521,18.94,11.55,39.9,29.7,25.8,30.57,0,0,2378.61,normal,periferia,despejado,20,alto,moto
ENV-004522,8.18,0.34,19.5,12.3,7.2,1.73,1,0,547.09,normal,residencial,despejado,5,bajo,moto
ENV-004523,3.46,2.76,32.6,22.0,22.3,15.99,0,0,2314.71,normal,residencial,despejado,1,alto,bicicleta
ENV-004524,3.83,5.32,34.0,30.0,17.3,17.65,0,0,106.2,normal,residencial,despejado,13,alto,bicicleta
ENV-004525,1.84,9.47,56.5,34.7,28.6,56.07,1,0,1561.58,express,centro,viento_fuerte,10,alto,moto
ENV-004526,2.85,1.32,31.2,14.3,17.1,7.63,0,0,305.59,normal,residencial,despejado,7,alto,bicicleta
ENV-004527,5.01,10.39,56.5,40.0,20.2,45.65,0,0,92.83,express,residencial,lluvia,19,medio,moto
ENV-004528,4.73,56.47,75.3,55.8,54.1,227.31,1,0,3792.92,mismo_dia,residencial,despejado,7,medio,camioneta
ENV-004529,6.0,11.7,28.9,27.2,24.6,19.34,0,0,1767.34,express,residencial,lluvia,0,bajo,moto
ENV-004530,1.96,7.6,41.2,23.3,37.3,35.81,0,0,2065.59,express,residencial,despejado,17,medio,bicicleta
ENV-004531,12.31,6.13,43.5,26.6,22.5,26.03,0,0,525.36,express,periferia,despejado,15,alto,moto
ENV-004532,1.48,4.58,35.2,28.2,34.5,34.25,0,0,1073.82,normal,centro,despejado,13,alto,bicicleta
ENV-004533,6.17,0.87,18.7,15.9,10.3,3.06,0,0,705.92,normal,residencial,lluvia,16,bajo,bicicleta
ENV-004534,10.46,0.8,19.8,10.5,8.1,1.68,0,0,518.18,mismo_dia,residencial,despejado,13,medio,dron
ENV-004535,6.97,4.04,38.5,24.4,10.7,10.05,1,0,489.9,normal,residencial,viento_fuerte,15,alto,bicicleta
ENV-004536,2.26,0.67,17.4,14.2,10.4,2.57,0,0,959.04,mismo_dia,centro,lluvia,5,medio,moto
ENV-004537,2.0,0.13,11.5,10.1,6.0,0.7,1,0,3174.41,normal,centro,despejado,11,bajo,bicicleta
ENV-004538,6.45,0.43,16.5,7.9,10.8,1.41,0,0,3551.31,normal,residencial,despejado,12,medio,bicicleta
ENV-004539,8.27,1.14,28.9,15.1,15.0,6.55,0,0,97.44,normal,residencial,despejado,9,alto,dron
ENV-004540,3.16,0.22,12.3,9.0,5.8,0.64,0,0,2521.2,normal,residencial,despejado,18,alto,bicicleta
ENV-004541,13.81,5.87,36.4,28.3,25.0,25.75,0,0,1779.04,mismo_dia,residencial,despejado,13,alto,moto
ENV-004542,7.02,1.89,27.7,15.7,8.6,3.74,0,0,1076.25,normal,residencial,despejado,18,alto,dron
ENV-004543,3.85,0.29,16.9,9.3,10.6,1.67,0,0,278.94,normal,centro,lluvia,16,medio,moto
ENV-004544,4.19,0.66,20.7,17.5,8.5,3.08,0,0,1128.68,normal,residencial,despejado,20,medio,bicicleta
ENV-004545,13.35,1.43,21.7,17.0,14.1,5.2,0,0,61.32,normal,periferia,despejado,9,alto,dron
ENV-004546,20.43,2.36,30.5,20.9,16.0,10.2,0,0,647.63,express,rural,lluvia,17,bajo,moto
ENV-004547,6.63,2.93,20.2,15.4,17.9,5.57,1,0,4716.52,express,residencial,lluvia,8,medio,bicicleta
ENV-004548,3.02,1.83,17.4,18.0,15.8,4.95,0,0,739.7,express,residencial,lluvia,12,alto,bicicleta
ENV-004549,25.8,17.65,47.9,34.6,58.2,96.46,0,0,1278.74,normal,periferia,lluvia,22,alto,camioneta
ENV-004550,3.33,1.4,27.4,25.1,16.1,11.07,0,0,1965.55,mismo_dia,centro,despejado,17,bajo,bicicleta
ENV-004551,15.55,4.63,30.6,26.4,14.6,11.79,0,0,204.15,express,periferia,despejado,15,alto,moto
ENV-004552,8.04,3.29,26.8,16.9,23.8,10.78,0,0,180.3,normal,residencial,despejado,7,alto,moto
ENV-004553,34.04,1.68,28.4,26.4,16.9,12.67,0,0,1369.61,express,rural,despejado,15,alto,moto
ENV-004554,10.39,2.98,38.1,21.2,27.8,22.45,1,0,880.82,normal,residencial,despejado,11,bajo,moto
ENV-004555,42.29,1.6,29.6,20.2,19.9,11.9,0,0,1260.09,normal,rural,lluvia,11,bajo,camioneta
ENV-004556,23.36,2.52,31.5,20.7,12.3,8.02,1,1,2863.41,express,periferia,despejado,19,alto,camioneta
ENV-004557,3.37,1.14,23.5,11.7,9.5,2.61,0,0,216.75,mismo_dia,centro,despejado,2,bajo,moto
ENV-004558,14.34,8.14,48.0,36.0,22.5,38.88,0,0,3744.83,mismo_dia,residencial,viento_fuerte,8,medio,moto
ENV-004559,11.28,1.06,20.0,11.9,13.1,3.12,0,0,3981.27,mismo_dia,residencial,despejado,9,medio,dron
ENV-004560,1.11,4.21,41.5,27.8,16.0,18.46,1,0,1832.33,normal,centro,despejado,14,alto,bicicleta
ENV-004561,8.81,0.77,18.3,11.4,5.9,1.23,0,0,792.97,normal,residencial,despejado,9,alto,dron
ENV-004562,9.19,2.11,22.3,17.3,11.7,4.51,0,0,160.27,normal,residencial,despejado,13,alto,dron
ENV-004563,8.95,1.69,25.1,17.1,12.9,5.54,0,0,1450.07,normal,residencial,despejado,14,alto,dron
ENV-004564,21.41,1.8,22.3,24.1,17.2,9.24,0,1,96.9,mismo_dia,periferia,despejado,14,medio,camioneta
ENV-004565,7.26,2.2,41.0,28.3,14.8,17.17,0,0,7536.73,mismo_dia,residencial,lluvia,0,bajo,moto
ENV-004566,3.69,5.57,41.1,24.3,22.1,22.07,0,0,906.78,express,residencial,lluvia,18,alto,bicicleta
ENV-004567,3.73,4.78,29.6,24.4,15.6,11.27,0,0,785.92,normal,centro,despejado,17,bajo,bicicleta
ENV-004568,1.87,3.07,50.4,22.7,20.3,23.22,0,0,18772.99,express,centro,viento_fuerte,19,alto,bicicleta
ENV-004569,33.32,4.3,48.6,35.8,17.9,31.14,0,1,3594.07,normal,rural,viento_fuerte,7,medio,camioneta
ENV-004570,1.25,4.95,34.9,23.9,38.4,32.03,0,0,1550.71,normal,centro,despejado,20,alto,bicicleta
ENV-004571,4.52,0.26,17.4,11.3,9.6,1.89,0,0,1042.87,normal,centro,viento_fuerte,7,alto,bicicleta
ENV-004572,22.89,4.67,39.8,29.3,24.3,28.34,1,0,168.66,mismo_dia,rural,despejado,7,alto,moto
ENV-004573,4.42,0.41,16.0,14.1,13.4,3.02,0,0,2332.12,express,residencial,lluvia,6,medio,moto
ENV-004574,16.0,2.31,32.9,18.9,24.9,15.48,1,0,1824.17,mismo_dia,periferia,despejado,10,bajo,moto
ENV-004575,20.79,2.9,31.1,24.1,23.0,17.24,0,0,544.58,normal,periferia,despejado,22,medio,moto
ENV-004576,14.9,4.96,39.1,17.0,19.9,13.23,1,0,3082.64,normal,periferia,despejado,5,medio,moto
ENV-004577,13.18,5.53,35.9,24.1,26.4,22.84,0,0,1519.14,normal,periferia,despejado,14,alto,moto
ENV-004578,1.42,8.22,41.1,27.4,13.6,15.32,1,0,676.52,express,centro,despejado,12,bajo,moto
ENV-004579,2.53,1.79,38.6,19.7,16.7,12.7,0,0,1621.3,normal,centro,lluvia,12,bajo,moto
ENV-004580,6.08,33.63,87.6,63.6,29.6,164.91,0,0,1115.8,express,residencial,despejado,16,medio,camioneta
ENV-004581,8.81,58.6,60.4,58.3,52.1,183.46,0,0,5363.75,normal,residencial,despejado,8,alto,camioneta
ENV-004582,2.66,3.35,41.3,18.0,17.3,12.86,0,0,369.93,normal,residencial,despejado,10,bajo,bicicleta
ENV-004583,12.14,2.48,29.5,31.0,21.3,19.48,0,0,928.92,normal,periferia,despejado,19,bajo,moto
ENV-004584,7.42,9.25,38.3,29.5,33.4,37.74,0,0,828.65,express,residencial,despejado,11,bajo,moto
ENV-004585,36.62,5.39,59.8,25.0,28.7,42.91,0,0,911.64,mismo_dia,rural,despejado,18,alto,moto
ENV-004586,26.54,2.52,31.4,26.1,14.4,11.8,0,0,170.41,normal,rural,despejado,9,alto,moto
ENV-004587,20.78,33.1,78.2,50.9,26.0,103.49,0,0,846.22,normal,rural,despejado,12,bajo,camioneta
ENV-004588,3.19,73.37,126.1,54.9,56.3,389.76,1,0,213.57,express,residencial,viento_fuerte,17,medio,camioneta
ENV-004589,6.61,1.24,16.5,14.2,18.3,4.29,0,0,7672.15,normal,residencial,despejado,17,bajo,bicicleta
ENV-004590,5.16,0.96,32.9,17.5,12.5,7.2,1,0,174.65,normal,centro,despejado,20,alto,bicicleta
ENV-004591,9.19,3.88,24.6,25.4,22.2,13.87,0,0,8769.58,normal,residencial,despejado,3,bajo,camioneta
ENV-004592,24.79,1.89,23.1,15.6,25.9,9.33,1,0,2112.82,normal,periferia,despejado,8,alto,moto
ENV-004593,6.61,1.76,23.9,21.5,13.8,7.09,1,0,846.47,normal,residencial,despejado,3,alto,bicicleta
ENV-004594,21.0,0.6,27.2,12.2,12.9,4.28,0,0,761.11,normal,periferia,despejado,16,bajo,moto
ENV-004595,18.06,4.24,33.2,22.7,29.0,21.86,0,0,1139.97,normal,periferia,despejado,11,bajo,moto
ENV-004596,10.87,3.22,40.6,23.4,20.6,19.57,0,0,713.24,normal,residencial,despejado,6,bajo,moto
ENV-004597,6.09,3.5,49.5,32.5,16.2,26.06,0,0,154.14,express,residencial,despejado,20,medio,bicicleta
ENV-004598,2.55,2.31,30.9,29.2,17.4,15.7,1,0,379.05,normal,centro,lluvia,7,alto,bicicleta
ENV-004599,25.79,0.36,18.5,12.0,10.5,2.33,0,0,355.96,normal,rural,despejado,13,alto,moto
ENV-004600,4.39,3.92,37.7,24.7,13.8,12.85,0,0,273.02,express,centro,despejado,12,medio,bicicleta
ENV-004601,3.13,1.29,21.8,13.7,14.6,4.36,0,0,19911.52,express,centro,lluvia,19,alto,moto
ENV-004602,8.86,1.58,16.1,11.4,17.0,3.12,0,0,2908.94,mismo_dia,residencial,despejado,9,alto,dron
ENV-004603,14.24,1.33,16.9,18.3,11.7,3.62,0,0,1624.15,express,periferia,despejado,12,bajo,dron
ENV-004604,11.58,31.61,58.1,41.2,35.5,84.98,0,0,2737.24,express,residencial,despejado,20,medio,camioneta
ENV-004605,10.72,0.8,20.3,13.7,12.4,3.45,0,0,1845.98,express,residencial,viento_fuerte,19,alto,moto
ENV-004606,3.76,1.27,28.0,20.8,12.4,7.22,0,0,278.55,mismo_dia,centro,despejado,8,medio,bicicleta
ENV-004607,12.21,2.4,25.3,22.0,13.7,7.63,1,0,198.11,normal,residencial,despejado,13,alto,dron
ENV-004608,2.61,0.66,22.8,12.8,11.8,3.44,0,0,377.93,express,residencial,lluvia,10,bajo,moto
ENV-004609,2.09,4.58,47.5,27.6,17.5,22.94,0,0,3178.65,normal,residencial,lluvia,7,medio,moto
ENV-004610,2.7,0.55,10.8,9.2,9.4,0.93,0,0,103.13,express,centro,despejado,13,bajo,bicicleta
ENV-004611,5.06,1.68,28.8,16.5,8.7,4.13,0,0,401.37,normal,residencial,despejado,8,alto,bicicleta
ENV-004612,12.15,5.66,42.3,38.3,27.3,44.23,0,1,829.28,normal,periferia,despejado,10,medio,camioneta
ENV-004613,6.55,1.18,18.2,16.4,11.2,3.34,0,0,754.83,normal,residencial,despejado,14,alto,bicicleta
ENV-004614,3.9,0.61,22.7,15.6,13.1,4.64,0,0,222.48,normal,centro,despejado,6,alto,bicicleta
ENV-004615,2.12,2.05,25.5,24.3,26.0,16.11,0,0,1908.47,mismo_dia,centro,despejado,19,alto,bicicleta
ENV-004616,4.71,22.74,79.4,37.1,46.8,137.86,0,0,8245.01,mismo_dia,residencial,despejado,10,bajo,camioneta
ENV-004617,1.81,1.82,26.7,16.5,16.6,7.31,0,0,723.03,express,centro,viento_fuerte,23,bajo,moto
ENV-004618,4.9,2.0,26.7,22.4,17.8,10.65,0,0,352.27,normal,residencial,viento_fuerte,18,alto,bicicleta
ENV-004619,4.16,2.43,32.8,22.3,14.4,10.53,0,0,378.34,normal,centro,lluvia,17,medio,moto
ENV-004620,42.35,1.21,22.7,15.9,8.2,2.96,1,0,2540.18,express,rural,despejado,14,alto,camioneta
ENV-004621,32.2,0.36,18.2,14.6,7.7,2.05,0,0,50,normal,rural,lluvia,11,medio,moto
ENV-004622,1.84,0.4,10.8,8.7,7.4,0.7,1,0,50,normal,centro,despejado,12,bajo,bicicleta
ENV-004623,1.38,33.91,97.6,63.6,43.7,271.26,0,0,336.08,normal,residencial,despejado,22,medio,camioneta
ENV-004624,30.73,2.55,20.6,20.7,15.0,6.4,0,0,1114.68,express,rural,viento_fuerte,12,bajo,moto
ENV-004625,1.76,0.32,14.3,9.6,15.1,2.07,1,0,853.24,normal,centro,despejado,7,alto,bicicleta
ENV-004626,5.48,1.39,25.8,15.1,11.5,4.48,0,0,4611.06,normal,residencial,despejado,10,bajo,bicicleta
ENV-004627,8.05,0.61,19.8,9.1,11.2,2.02,0,0,375.08,normal,residencial,lluvia,12,alto,moto
ENV-004628,20.87,1.63,27.3,20.2,20.6,11.36,1,0,1470.42,normal,periferia,despejado,11,medio,moto
ENV-004629,2.19,12.47,47.0,31.3,15.5,22.8,0,0,558.32,normal,centro,despejado,20,alto,moto
ENV-004630,7.85,3.37,30.0,24.2,22.6,16.41,1,0,2308.25,normal,periferia,viento_fuerte,16,medio,moto
ENV-004631,26.87,1.84,23.5,22.3,23.4,12.26,0,0,972.69,normal,periferia,despejado,9,medio,moto
ENV-004632,22.31,0.89,15.5,17.4,12.2,3.29,0,0,123.15,mismo_dia,periferia,despejado,13,alto,moto
ENV-004633,5.99,1.39,26.2,21.4,10.8,6.06,0,0,527.58,mismo_dia,residencial,despejado,12,medio,dron
ENV-004634,5.17,0.54,17.7,12.0,8.5,1.81,0,0,821.57,mismo_dia,residencial,despejado,10,alto,dron
ENV-004635,5.23,4.71,53.7,26.3,21.6,30.51,0,0,3929.14,normal,centro,despejado,9,alto,bicicleta
ENV-004636,5.41,5.77,40.7,28.6,12.8,14.9,1,0,1234.76,normal,residencial,despejado,12,bajo,bicicleta
ENV-004637,7.8,1.95,22.8,19.5,24.7,10.98,0,0,436.86,normal,residencial,despejado,7,alto,dron
ENV-004638,10.99,0.56,17.0,12.9,19.7,4.32,0,0,358.92,normal,periferia,despejado,7,alto,dron
ENV-004639,1.51,60.34,90.2,48.6,54.5,238.91,0,0,2233.28,mismo_dia,centro,despejado,18,medio,camioneta
ENV-004640,5.29,2.16,42.7,19.4,18.0,14.91,0,0,505.93,express,centro,despejado,8,alto,bicicleta
ENV-004641,2.63,1.33,25.8,24.8,15.5,9.92,1,0,1855.62,express,centro,despejado,11,bajo,bicicleta
ENV-004642,8.8,9.45,48.7,31.0,22.5,33.97,1,0,174.17,normal,residencial,despejado,15,alto,camioneta
ENV-004643,40.36,0.81,22.2,15.0,9.2,3.06,1,0,337.81,normal,rural,despejado,8,medio,camioneta
ENV-004644,3.42,1.9,30.4,14.9,13.6,6.16,0,0,2713.19,normal,residencial,viento_fuerte,12,bajo,bicicleta
ENV-004645,2.18,0.87,24.9,15.2,7.0,2.65,0,0,194.23,normal,centro,viento_fuerte,13,bajo,bicicleta
ENV-004646,6.47,1.75,34.3,19.8,10.9,7.4,0,0,879.81,normal,residencial,despejado,16,medio,bicicleta
ENV-004647,3.88,54.48,83.0,64.1,55.3,294.21,0,0,606.75,mismo_dia,centro,despejado,18,medio,camioneta
ENV-004648,5.23,2.19,26.5,21.0,24.2,13.47,1,0,3435.63,normal,residencial,despejado,11,bajo,bicicleta
ENV-004649,9.52,3.44,32.8,21.3,13.9,9.71,0,0,1487.2,normal,residencial,despejado,11,medio,moto
ENV-004650,14.24,4.65,44.0,36.4,17.4,27.87,1,0,2257.78,normal,periferia,despejado,9,alto,moto
ENV-004651,3.22,1.28,21.4,12.9,13.8,3.81,1,0,636.99,mismo_dia,centro,despejado,17,medio,bicicleta
ENV-004652,0.82,1.02,19.6,21.1,17.8,7.36,0,0,361.13,express,centro,despejado,7,alto,bicicleta
ENV-004653,39.88,0.78,25.6,14.3,9.4,3.44,0,0,211.71,mismo_dia,rural,despejado,19,medio,moto
ENV-004654,7.69,0.23,11.6,10.8,7.9,0.99,0,0,414.1,express,residencial,despejado,13,alto,dron
ENV-004655,4.21,65.68,114.8,78.8,44.2,399.84,1,0,411.84,mismo_dia,residencial,despejado,16,medio,camioneta
ENV-004656,1.69,0.21,8.8,6.0,5.9,0.31,1,0,1804.31,normal,centro,despejado,18,alto,bicicleta
ENV-004657,9.71,0.5,17.7,11.6,14.6,3.0,0,0,434.96,mismo_dia,residencial,despejado,21,alto,moto
ENV-004658,5.01,3.91,41.8,18.0,18.8,14.15,0,0,4351.01,normal,residencial,despejado,19,alto,bicicleta
ENV-004659,13.77,0.8,18.1,20.3,14.4,5.29,0,0,1379.53,mismo_dia,residencial,lluvia,12,medio,moto
ENV-004660,9.68,4.81,44.0,36.1,18.5,29.39,0,0,448.82,mismo_dia,residencial,despejado,16,alto,moto
ENV-004661,5.5,5.24,26.5,20.0,17.6,9.33,0,0,475.6,mismo_dia,residencial,despejado,8,alto,bicicleta
ENV-004662,4.41,5.36,47.7,36.6,18.4,32.12,0,0,641.88,express,centro,viento_fuerte,12,bajo,bicicleta
ENV-004663,4.06,0.29,13.1,9.0,3.8,0.45,0,0,293.14,mismo_dia,residencial,lluvia,15,medio,moto
ENV-004664,3.61,5.35,42.3,27.4,23.2,26.89,1,0,1334.21,normal,residencial,lluvia,9,alto,bicicleta
ENV-004665,0.9,3.78,23.3,25.3,16.4,9.67,0,0,1580.89,normal,centro,despejado,17,bajo,bicicleta
ENV-004666,18.0,8.69,65.8,41.7,20.3,55.7,0,0,1964.07,express,periferia,despejado,13,alto,moto
ENV-004667,21.04,1.75,26.4,18.5,16.2,7.91,0,0,339.27,normal,periferia,despejado,13,medio,moto
ENV-004668,6.26,1.71,32.1,25.1,16.9,13.62,0,0,655.12,normal,residencial,despejado,20,bajo,bicicleta
ENV-004669,3.55,7.37,46.1,41.8,29.4,56.65,0,1,237.31,normal,centro,despejado,2,medio,camioneta
ENV-004670,4.0,2.29,25.7,19.4,13.2,6.58,0,0,610.01,normal,centro,lluvia,14,alto,moto
ENV-004671,12.64,3.14,48.1,31.9,13.1,20.1,0,0,1704.86,normal,periferia,lluvia,10,medio,moto
ENV-004672,8.37,0.7,14.7,10.0,10.5,1.54,0,0,270.5,mismo_dia,residencial,lluvia,6,bajo,moto
ENV-004673,11.96,3.82,50.1,29.8,19.8,29.56,0,0,882.17,mismo_dia,residencial,viento_fuerte,18,alto,moto
ENV-004674,7.08,1.56,28.0,18.1,15.2,7.7,1,0,6606.66,mismo_dia,residencial,despejado,19,bajo,dron
ENV-004675,3.51,1.58,30.6,17.5,17.4,9.32,1,0,1897.36,express,centro,lluvia,10,bajo,moto
ENV-004676,9.56,1.58,40.1,18.8,15.1,11.38,0,0,1469.23,normal,periferia,despejado,15,bajo,dron
ENV-004677,2.22,1.47,25.2,18.5,22.1,10.3,0,0,996.01,normal,centro,lluvia,14,alto,bicicleta
ENV-004678,38.5,1.09,20.3,15.3,20.7,6.43,0,0,602.0,express,rural,lluvia,14,alto,moto
ENV-004679,6.69,1.47,26.9,20.8,10.6,5.93,0,0,379.11,normal,residencial,despejado,18,alto,bicicleta
ENV-004680,13.35,2.46,15.9,12.7,18.5,3.74,0,0,324.39,normal,periferia,viento_fuerte,7,alto,moto
ENV-004681,23.87,0.72,27.5,18.8,8.6,4.45,0,0,754.14,normal,periferia,despejado,14,alto,moto
ENV-004682,3.9,8.41,29.3,33.5,23.4,22.97,0,0,331.25,express,centro,despejado,19,bajo,moto
ENV-004683,3.97,6.31,51.5,30.6,27.3,43.02,0,0,399.13,normal,residencial,despejado,19,medio,moto
ENV-004684,12.16,0.66,15.7,13.7,9.1,1.96,0,0,1502.56,express,periferia,despejado,6,medio,dron
ENV-004685,53.45,1.99,25.6,18.6,28.8,13.71,0,0,3474.55,normal,rural,despejado,14,alto,camioneta
ENV-004686,2.8,3.5,38.4,22.2,27.7,23.61,1,0,673.82,normal,centro,lluvia,15,alto,bicicleta
ENV-004687,4.37,1.67,21.9,18.4,12.6,5.08,0,0,763.83,normal,centro,despejado,15,alto,bicicleta
ENV-004688,7.7,7.99,49.4,38.9,23.2,44.58,0,0,428.47,mismo_dia,residencial,despejado,10,bajo,moto
ENV-004689,7.26,0.96,20.9,14.1,16.7,4.92,0,0,403.79,express,residencial,viento_fuerte,9,alto,moto
ENV-004690,19.2,4.47,31.9,21.9,42.0,29.34,0,0,1776.36,express,periferia,lluvia,0,bajo,moto
ENV-004691,10.56,57.68,101.1,62.4,31.0,195.57,0,0,2481.46,normal,residencial,despejado,18,alto,camioneta
ENV-004692,3.82,33.92,78.6,37.7,30.3,89.79,0,0,2542.42,normal,residencial,lluvia,16,medio,camioneta
ENV-004693,5.75,1.05,19.7,17.6,14.7,5.1,0,0,1617.5,mismo_dia,residencial,despejado,12,bajo,dron
ENV-004694,11.12,3.04,45.1,24.3,15.8,17.32,0,0,504.26,express,periferia,despejado,5,bajo,moto
ENV-004695,3.85,0.63,15.0,11.6,14.9,2.59,0,0,1614.57,mismo_dia,centro,despejado,13,alto,bicicleta
ENV-004696,5.77,1.55,30.7,18.0,21.0,11.6,0,1,8684.39,express,residencial,despejado,9,medio,camioneta
ENV-004697,3.31,4.17,42.4,32.5,16.2,22.32,0,0,724.43,express,residencial,despejado,10,bajo,bicicleta
ENV-004698,1.84,2.48,23.5,14.6,14.2,4.87,0,0,314.4,mismo_dia,centro,viento_fuerte,12,medio,moto
ENV-004699,2.19,1.59,34.2,21.5,9.9,7.28,0,0,4145.07,normal,centro,despejado,7,medio,bicicleta
ENV-004700,19.75,1.92,30.9,21.1,10.2,6.65,0,0,60.79,normal,periferia,despejado,16,bajo,moto
ENV-004701,23.72,4.01,36.8,17.3,21.1,13.43,0,1,982.3,normal,periferia,despejado,12,alto,camioneta
ENV-004702,16.83,2.47,41.9,29.6,13.5,16.74,0,0,1237.89,normal,periferia,despejado,7,medio,moto
ENV-004703,10.05,1.8,21.2,12.5,16.8,4.45,0,0,1690.01,normal,residencial,lluvia,19,bajo,moto
ENV-004704,15.5,3.57,25.6,18.0,18.2,8.39,1,0,4531.19,normal,periferia,despejado,7,alto,moto
ENV-004705,3.16,1.09,19.2,12.6,9.6,2.32,0,0,2839.96,mismo_dia,centro,despejado,10,alto,camioneta
ENV-004706,1.34,3.13,25.7,24.0,20.6,12.71,0,0,2009.56,normal,centro,despejado,21,medio,moto
ENV-004707,2.55,1.92,21.1,17.9,20.6,7.78,0,0,687.87,normal,centro,despejado,11,bajo,bicicleta
ENV-004708,12.31,0.36,14.5,11.9,12.9,2.23,0,0,1498.18,mismo_dia,residencial,lluvia,13,alto,moto
ENV-004709,24.79,0.66,28.9,15.8,11.5,5.25,0,0,1767.96,normal,rural,despejado,11,bajo,moto
ENV-004710,3.87,2.48,24.0,18.7,14.4,6.46,0,0,1773.25,express,centro,despejado,18,alto,bicicleta
ENV-004711,25.02,1.14,29.6,12.4,14.8,5.43,0,0,547.67,normal,rural,despejado,10,medio,camioneta
ENV-004712,6.74,0.25,9.7,7.3,11.2,0.79,0,0,675.15,express,residencial,despejado,12,medio,bicicleta
ENV-004713,2.65,53.83,91.1,47.9,68.5,298.91,0,0,420.36,normal,residencial,despejado,0,medio,camioneta
ENV-004714,3.07,75.92,128.1,71.0,44.0,400.18,0,0,1044.89,express,centro,despejado,10,bajo,camioneta
ENV-004715,5.12,1.58,21.8,18.8,10.9,4.47,0,0,523.4,express,residencial,lluvia,17,medio,moto
ENV-004716,1.47,6.31,53.8,41.5,20.9,46.66,0,0,2883.31,normal,residencial,despejado,16,medio,moto
ENV-004717,17.83,4.01,54.0,35.6,14.3,27.49,0,0,118.01,mismo_dia,periferia,despejado,10,medio,moto
ENV-004718,20.32,6.42,35.8,23.4,20.3,17.01,1,0,126.08,express,periferia,lluvia,9,alto,moto
ENV-004719,2.66,1.01,19.2,19.6,17.1,6.44,1,0,709.17,express,centro,lluvia,19,alto,bicicleta
ENV-004720,38.01,2.21,41.3,23.4,15.5,14.98,0,0,71.67,normal,rural,viento_fuerte,10,bajo,moto
ENV-004721,7.98,2.26,24.0,25.6,16.6,10.2,0,0,378.5,express,residencial,despejado,17,medio,dron
ENV-004722,34.19,8.23,65.2,42.1,21.4,58.74,0,0,1992.07,normal,rural,despejado,16,alto,moto
ENV-004723,7.03,1.71,19.8,17.0,16.7,5.62,0,0,3028.13,normal,residencial,despejado,8,alto,dron
ENV-004724,7.02,6.08,46.8,21.2,22.5,22.32,0,0,2883.62,normal,residencial,despejado,7,alto,moto
ENV-004725,11.86,1.28,16.0,16.7,10.7,2.86,0,0,50,normal,residencial,despejado,17,bajo,dron
ENV-004726,3.03,3.08,32.9,32.9,20.0,21.65,0,0,4458.22,normal,centro,despejado,10,alto,bicicleta
ENV-004727,2.89,9.09,54.2,42.7,26.8,62.02,0,1,2118.93,normal,centro,despejado,17,bajo,camioneta
ENV-004728,5.11,3.87,38.8,26.5,18.9,19.43,0,0,2052.38,normal,residencial,despejado,8,alto,bicicleta
ENV-004729,35.59,1.41,37.8,18.2,15.7,10.8,1,0,272.12,express,rural,despejado,13,medio,moto
ENV-004730,2.14,1.14,25.1,13.5,16.0,5.42,1,0,97.69,normal,centro,despejado,15,medio,bicicleta
ENV-004731,12.86,0.26,15.6,11.1,11.6,2.01,0,0,1411.5,normal,periferia,despejado,12,bajo,dron
ENV-004732,5.94,2.03,33.6,21.0,20.7,14.61,0,0,519.58,normal,residencial,despejado,17,medio,bicicleta
ENV-004733,28.41,0.77,27.4,11.9,11.3,3.68,0,0,620.22,normal,rural,lluvia,12,bajo,moto
ENV-004734,16.26,0.73,23.9,10.7,10.7,2.74,0,0,5300.42,normal,periferia,despejado,19,alto,moto
ENV-004735,42.01,3.4,31.8,21.4,10.0,6.81,0,0,660.46,express,rural,despejado,10,bajo,camioneta
ENV-004736,18.19,0.18,12.7,7.9,11.9,1.19,0,0,109.06,normal,periferia,despejado,6,bajo,moto
ENV-004737,0.86,0.57,18.6,10.1,11.1,2.09,1,0,1148.63,normal,centro,viento_fuerte,12,bajo,bicicleta
ENV-004738,1.31,0.54,18.6,16.4,10.2,3.11,0,0,691.04,express,centro,despejado,6,bajo,bicicleta
ENV-004739,35.49,1.42,27.6,16.3,8.3,3.73,0,0,1412.81,normal,rural,despejado,12,bajo,moto
ENV-004740,3.97,0.46,17.1,10.8,17.6,3.25,0,1,1849.79,normal,residencial,despejado,17,medio,camioneta
ENV-004741,9.14,40.11,41.3,37.0,45.6,69.68,0,0,1139.01,normal,residencial,despejado,12,bajo,camioneta
ENV-004742,11.76,1.28,29.5,16.5,18.0,8.76,0,0,378.08,mismo_dia,residencial,despejado,19,alto,dron
ENV-004743,5.15,2.08,23.2,21.2,20.7,10.18,0,0,230.61,normal,residencial,lluvia,6,bajo,moto
ENV-004744,26.41,6.56,48.8,36.0,15.7,27.58,0,0,1741.02,normal,rural,despejado,10,bajo,moto
ENV-004745,3.12,1.72,28.9,20.6,17.5,10.42,0,0,175.98,normal,centro,despejado,18,alto,bicicleta
ENV-004746,1.3,1.34,28.8,12.4,12.6,4.5,0,0,231.71,mismo_dia,centro,lluvia,23,bajo,moto
ENV-004747,1.68,1.53,37.6,16.7,16.9,10.61,0,0,4949.28,express,centro,despejado,16,alto,bicicleta
ENV-004748,8.88,1.4,28.8,12.7,14.2,5.19,1,0,1166.65,mismo_dia,periferia,despejado,18,alto,dron
ENV-004749,7.77,3.51,37.7,21.7,24.6,20.13,0,0,558.74,normal,residencial,despejado,11,alto,moto
ENV-004750,7.22,2.29,28.6,20.2,11.9,6.87,1,1,2224.89,express,residencial,despejado,8,alto,camioneta
ENV-004751,30.96,12.81,59.5,31.4,27.8,51.94,0,0,1420.35,normal,rural,despejado,7,alto,moto
ENV-004752,6.57,1.29,28.6,19.0,10.4,5.65,0,0,303.66,normal,residencial,despejado,23,bajo,moto
ENV-004753,17.72,1.23,21.9,15.4,20.3,6.85,0,0,1573.51,express,periferia,despejado,11,bajo,camioneta
ENV-004754,13.6,1.16,30.5,22.8,13.2,9.18,0,0,6477.38,normal,residencial,viento_fuerte,13,medio,moto
ENV-004755,4.02,6.0,61.5,25.4,26.2,40.93,1,0,80.25,normal,centro,lluvia,17,medio,moto
ENV-004756,8.22,0.78,16.2,9.6,10.0,1.56,1,0,1822.01,normal,residencial,despejado,13,alto,dron
ENV-004757,6.24,5.3,53.5,23.4,26.0,32.55,0,0,2538.38,normal,residencial,despejado,13,medio,bicicleta
ENV-004758,4.68,1.87,31.2,26.5,13.7,11.33,0,0,1328.82,mismo_dia,residencial,despejado,10,medio,bicicleta
ENV-004759,2.38,43.32,108.0,76.3,37.7,310.66,0,0,2752.6,normal,centro,despejado,16,medio,camioneta
ENV-004760,12.84,0.88,25.7,16.6,8.2,3.5,0,0,65.38,normal,periferia,despejado,14,alto,dron
ENV-004761,2.64,8.74,54.8,48.2,25.8,68.15,1,0,959.9,mismo_dia,residencial,despejado,14,bajo,moto
ENV-004762,7.53,3.09,37.7,26.5,19.2,19.18,0,0,121.77,normal,residencial,despejado,20,alto,moto
ENV-004763,4.67,5.11,37.2,18.5,22.7,15.62,0,0,134.21,express,centro,despejado,10,medio,bicicleta
ENV-004764,7.55,5.45,35.8,32.9,21.6,25.44,1,0,4466.87,normal,residencial,despejado,5,medio,moto
ENV-004765,6.41,1.13,21.8,18.7,12.9,5.26,0,0,1025.23,normal,residencial,lluvia,7,alto,moto
ENV-004766,43.92,6.55,46.5,22.9,21.9,23.32,1,0,102.43,normal,rural,despejado,13,alto,camioneta
ENV-004767,2.87,51.45,107.1,67.7,31.1,225.5,0,0,1724.94,normal,centro,despejado,18,alto,camioneta
ENV-004768,1.58,0.55,18.0,8.8,6.6,1.05,1,0,1993.26,normal,centro,despejado,14,alto,bicicleta
ENV-004769,4.76,8.19,69.9,34.1,26.9,64.12,0,0,5239.31,express,centro,viento_fuerte,10,alto,moto
ENV-004770,4.71,2.96,24.5,21.7,23.6,12.55,0,0,50,normal,centro,viento_fuerte,20,alto,bicicleta
ENV-004771,7.77,0.25,14.8,8.2,7.1,0.86,0,0,5436.67,normal,residencial,despejado,16,bajo,dron
ENV-004772,9.2,41.25,97.7,51.1,42.3,211.18,0,0,318.24,mismo_dia,residencial,despejado,17,bajo,camioneta
ENV-004773,16.93,1.41,27.1,12.8,13.6,4.72,0,1,1013.54,express,periferia,despejado,18,medio,camioneta
ENV-004774,12.71,3.22,37.2,22.9,13.7,11.67,0,0,3199.31,normal,periferia,lluvia,14,alto,moto
ENV-004775,6.33,1.29,35.6,16.9,16.7,10.05,0,0,364.21,normal,residencial,despejado,9,bajo,bicicleta
ENV-004776,28.27,0.13,13.2,8.0,4.1,0.43,0,0,230.06,normal,rural,despejado,18,alto,moto
ENV-004777,3.85,1.25,20.1,14.8,19.9,5.92,0,0,287.58,normal,centro,despejado,16,bajo,bicicleta
ENV-004778,5.9,6.27,38.7,23.1,17.0,15.2,1,0,4927.12,mismo_dia,residencial,viento_fuerte,7,bajo,bicicleta
ENV-004779,17.42,3.24,48.2,24.3,21.2,24.83,0,1,450.07,mismo_dia,periferia,despejado,15,bajo,camioneta
ENV-004780,2.23,3.36,26.4,14.7,19.0,7.37,0,0,1729.11,express,centro,lluvia,11,bajo,bicicleta
ENV-004781,4.26,3.01,47.7,26.6,19.0,24.11,0,0,5320.91,normal,centro,despejado,15,alto,bicicleta
ENV-004782,13.76,3.49,30.1,32.0,22.7,21.86,0,0,1362.17,normal,residencial,lluvia,16,medio,moto
ENV-004783,5.94,0.31,11.7,9.7,11.0,1.25,0,0,198.2,mismo_dia,residencial,lluvia,23,bajo,moto
ENV-004784,1.07,3.12,37.9,32.1,17.2,20.93,0,0,976.68,express,centro,despejado,7,alto,bicicleta
ENV-004785,2.99,3.2,18.6,13.2,24.5,6.02,1,0,2834.38,mismo_dia,centro,despejado,7,alto,bicicleta
ENV-004786,5.79,0.49,17.3,11.6,10.8,2.17,0,0,1531.2,express,residencial,despejado,20,medio,dron
ENV-004787,6.73,4.23,52.1,34.4,16.1,28.86,0,0,71.6,normal,residencial,despejado,18,alto,bicicleta
ENV-004788,3.61,0.56,17.0,11.1,17.6,3.32,1,1,658.29,normal,centro,viento_fuerte,8,medio,camioneta
ENV-004789,3.69,3.09,33.4,23.6,14.6,11.51,0,0,399.76,normal,centro,despejado,11,bajo,bicicleta
ENV-004790,8.32,75.57,110.6,74.7,48.4,399.87,0,0,710.05,normal,residencial,despejado,9,alto,camioneta
ENV-004791,9.57,3.48,41.7,24.5,26.2,26.77,0,0,660.21,normal,residencial,despejado,12,medio,moto
ENV-004792,4.95,1.74,29.4,23.0,14.7,9.94,1,1,248.05,express,residencial,despejado,20,alto,camioneta
ENV-004793,2.24,3.03,24.5,16.6,26.9,10.94,1,0,566.21,mismo_dia,centro,viento_fuerte,15,alto,bicicleta
ENV-004794,6.84,3.17,32.4,23.7,15.6,11.98,1,0,2145.94,express,residencial,despejado,16,bajo,bicicleta
ENV-004795,1.08,21.84,65.1,35.2,23.5,53.85,0,0,1556.86,normal,residencial,despejado,12,bajo,moto
ENV-004796,4.36,2.65,48.2,24.3,17.0,19.91,1,0,1716.89,normal,residencial,despejado,20,alto,bicicleta
ENV-004797,7.68,13.84,55.6,36.7,35.6,72.64,0,0,333.96,mismo_dia,periferia,despejado,18,medio,moto
ENV-004798,14.16,73.49,80.4,70.0,39.7,223.43,0,0,1379.99,mismo_dia,residencial,despejado,19,alto,camioneta
ENV-004799,0.54,4.33,52.5,29.1,16.6,25.36,0,0,782.73,normal,centro,despejado,16,bajo,bicicleta
ENV-004800,2.11,1.04,32.5,16.5,13.1,7.02,0,0,196.25,express,centro,despejado,18,bajo,bicicleta
ENV-004801,5.13,1.42,33.0,21.1,15.1,10.51,1,0,4394.81,normal,residencial,despejado,18,alto,bicicleta
ENV-004802,1.74,4.15,43.4,22.7,30.9,30.44,0,0,2253.9,express,centro,despejado,19,alto,bicicleta
ENV-004803,0.92,0.56,14.1,7.4,10.4,1.09,1,0,1394.01,normal,centro,despejado,10,bajo,bicicleta
ENV-004804,9.44,1.94,27.5,12.2,13.3,4.46,0,0,4554.99,express,periferia,viento_fuerte,12,medio,moto
ENV-004805,4.83,1.98,20.3,18.0,15.5,5.66,0,0,629.78,normal,centro,despejado,14,medio,bicicleta
ENV-004806,3.85,1.66,34.9,26.0,13.3,12.07,0,0,2462.67,express,residencial,lluvia,12,medio,moto
ENV-004807,7.1,1.78,24.1,18.5,11.3,5.04,0,0,1416.18,mismo_dia,residencial,despejado,0,alto,moto
ENV-004808,1.34,4.41,29.3,25.2,31.8,23.48,1,0,337.11,express,centro,despejado,16,bajo,bicicleta
ENV-004809,3.06,1.62,25.3,11.6,12.2,3.58,0,0,490.55,express,centro,despejado,9,medio,bicicleta
ENV-004810,8.6,5.26,26.7,19.2,18.7,9.59,0,0,393.72,mismo_dia,residencial,despejado,20,alto,moto
ENV-004811,3.23,3.04,31.0,26.2,13.4,10.88,0,0,18918.15,normal,centro,despejado,10,medio,bicicleta
ENV-004812,34.97,0.4,11.5,12.3,8.6,1.22,0,0,226.31,normal,rural,despejado,9,alto,moto
ENV-004813,6.91,8.8,65.9,31.0,26.7,54.55,0,0,1989.83,mismo_dia,residencial,despejado,7,medio,moto
ENV-004814,7.97,2.61,45.3,26.4,16.9,20.21,0,0,847.03,normal,residencial,despejado,11,bajo,moto
ENV-004815,18.23,0.39,16.6,14.8,9.0,2.21,0,0,8391.8,express,periferia,despejado,2,bajo,moto
ENV-004816,6.98,2.81,26.0,21.2,13.2,7.28,1,0,335.25,express,residencial,despejado,14,alto,bicicleta
ENV-004817,12.17,8.61,39.4,28.3,24.9,27.76,0,1,241.53,normal,periferia,viento_fuerte,10,bajo,camioneta
ENV-004818,1.9,1.55,21.5,14.5,20.6,6.42,0,0,73.93,mismo_dia,centro,lluvia,14,alto,moto
ENV-004819,44.07,51.38,77.3,59.2,40.3,184.42,0,0,269.66,normal,rural,viento_fuerte,7,alto,camioneta
ENV-004820,48.0,2.93,25.7,26.7,24.0,16.47,0,0,1110.57,express,rural,despejado,16,medio,camioneta
ENV-004821,10.04,9.84,33.3,30.3,22.7,22.9,0,0,627.99,express,residencial,despejado,7,alto,moto
ENV-004822,5.32,0.67,29.3,15.8,9.8,4.54,0,0,50,normal,residencial,lluvia,8,alto,bicicleta
ENV-004823,42.18,1.71,24.7,21.9,20.8,11.25,1,0,7967.9,mismo_dia,rural,despejado,16,bajo,camioneta
ENV-004824,2.6,1.86,33.2,16.7,16.1,8.93,0,1,1142.18,express,centro,despejado,15,alto,camioneta
ENV-004825,3.93,5.55,42.2,30.8,13.4,17.42,0,0,1218.87,normal,centro,despejado,6,medio,bicicleta
ENV-004826,6.28,11.02,36.5,30.1,21.6,23.73,0,0,2079.55,express,residencial,viento_fuerte,15,alto,moto
ENV-004827,8.77,1.6,30.6,18.6,17.5,9.96,0,0,357.89,express,residencial,despejado,7,medio,dron
ENV-004828,9.07,2.09,36.4,27.8,12.3,12.45,0,0,29405.81,express,residencial,viento_fuerte,10,alto,moto
ENV-004829,3.09,5.03,37.4,21.6,24.9,20.12,0,0,498.59,mismo_dia,centro,lluvia,13,medio,moto
ENV-004830,4.87,0.52,23.9,16.8,7.6,3.05,0,0,612.14,normal,centro,lluvia,20,bajo,moto
ENV-004831,10.4,1.62,38.5,25.5,13.1,12.86,0,0,592.75,express,residencial,lluvia,13,medio,moto
ENV-004832,3.24,1.2,21.8,18.6,11.9,4.83,0,0,80.36,normal,centro,despejado,11,alto,bicicleta
ENV-004833,14.03,4.76,48.6,25.9,24.4,30.71,1,0,206.73,mismo_dia,periferia,despejado,8,alto,moto
ENV-004834,9.75,20.77,53.4,30.6,32.6,53.27,0,0,321.99,express,periferia,despejado,17,bajo,moto
ENV-004835,2.29,3.4,26.5,18.3,22.6,10.96,0,0,471.45,normal,residencial,despejado,6,alto,bicicleta
ENV-004836,3.27,2.36,20.0,14.8,24.9,7.37,0,0,336.63,mismo_dia,residencial,despejado,19,bajo,bicicleta
ENV-004837,3.33,3.66,43.4,26.8,16.4,19.08,0,0,3915.44,mismo_dia,centro,despejado,8,alto,moto
ENV-004838,6.51,1.7,26.1,25.0,15.8,10.31,0,0,533.47,normal,residencial,lluvia,20,medio,camioneta
ENV-004839,22.59,3.21,33.7,20.7,17.5,12.21,0,0,637.75,normal,periferia,despejado,10,medio,moto
ENV-004840,28.98,2.1,27.7,13.5,17.1,6.39,0,0,1854.17,express,rural,viento_fuerte,8,alto,moto
ENV-004841,3.23,9.77,44.3,29.9,12.8,16.95,0,0,2411.41,normal,centro,despejado,0,bajo,moto
ENV-004842,31.5,4.51,50.1,32.0,14.8,23.73,0,0,50,mismo_dia,rural,despejado,0,bajo,moto
ENV-004843,12.17,3.92,46.5,19.5,20.1,18.23,0,0,15953.23,express,residencial,despejado,13,alto,moto
ENV-004844,11.85,3.11,30.7,21.0,8.3,5.35,0,0,1131.18,express,residencial,despejado,12,bajo,moto
ENV-004845,4.1,6.99,51.7,33.5,29.1,50.4,0,0,428.13,express,centro,despejado,14,bajo,moto
ENV-004846,8.24,1.24,24.0,19.0,21.6,9.85,0,0,50,normal,residencial,lluvia,22,bajo,moto
ENV-004847,1.46,0.57,17.5,11.9,11.1,2.31,1,0,325.37,normal,centro,despejado,1,medio,bicicleta
ENV-004848,13.91,3.47,28.3,22.2,29.7,18.66,0,0,1243.0,normal,periferia,despejado,15,alto,moto
ENV-004849,0.4,3.93,37.5,28.1,15.1,15.91,1,0,1364.7,express,centro,despejado,17,medio,bicicleta
ENV-004850,2.54,1.63,22.9,26.9,19.1,11.77,1,0,1123.15,mismo_dia,residencial,despejado,15,alto,bicicleta
ENV-004851,2.16,4.19,25.8,19.0,20.6,10.1,0,0,2135.76,normal,centro,despejado,9,medio,bicicleta
ENV-004852,5.85,0.85,22.9,12.8,9.4,2.76,0,0,480.81,normal,residencial,despejado,20,alto,bicicleta
ENV-004853,11.28,4.0,42.1,34.4,22.0,31.86,0,0,3520.9,normal,residencial,despejado,10,bajo,moto
ENV-004854,26.19,0.21,19.8,8.4,8.6,1.43,1,0,546.05,normal,periferia,despejado,11,medio,moto
ENV-004855,12.86,0.69,24.4,15.9,8.5,3.3,0,0,601.51,express,residencial,despejado,17,bajo,dron
ENV-004856,4.73,7.57,53.5,39.5,20.2,42.69,0,0,247.75,normal,residencial,despejado,13,alto,moto
ENV-004857,4.05,4.33,35.2,33.2,25.9,30.27,1,0,141.7,normal,centro,despejado,16,bajo,bicicleta
ENV-004858,4.28,22.39,81.2,41.1,43.0,143.5,0,0,744.37,normal,residencial,viento_fuerte,16,alto,camioneta
ENV-004859,4.8,0.97,25.7,21.0,13.4,7.23,0,0,2310.37,express,centro,viento_fuerte,11,medio,bicicleta
ENV-004860,12.73,0.99,22.2,17.8,14.3,5.65,0,0,299.51,express,residencial,despejado,10,bajo,dron
ENV-004861,1.57,0.92,21.9,18.2,18.1,7.21,0,0,971.35,express,centro,despejado,3,bajo,moto
ENV-004862,5.98,5.39,44.6,39.3,22.0,38.56,1,0,299.8,normal,residencial,despejado,16,medio,bicicleta
ENV-004863,13.98,0.88,13.6,12.3,13.1,2.19,0,0,336.34,normal,residencial,despejado,14,alto,dron
ENV-004864,5.93,0.79,21.5,12.1,11.1,2.89,0,0,1593.88,express,residencial,despejado,6,medio,bicicleta
ENV-004865,5.77,1.86,35.4,17.0,21.6,13.0,0,0,497.75,express,residencial,viento_fuerte,15,medio,bicicleta
ENV-004866,29.16,1.13,16.1,12.2,14.3,2.81,0,0,1900.95,express,rural,despejado,16,bajo,moto
ENV-004867,28.7,1.0,19.4,15.8,20.2,6.19,0,1,1043.46,mismo_dia,rural,despejado,11,bajo,camioneta
ENV-004868,4.39,0.67,18.7,10.7,13.0,2.6,0,0,2283.47,express,centro,viento_fuerte,10,medio,bicicleta
ENV-004869,1.43,4.21,33.6,30.0,15.6,15.72,0,0,1498.79,normal,centro,lluvia,1,bajo,moto
ENV-004870,10.21,0.65,11.3,11.3,10.2,1.3,0,0,1508.21,mismo_dia,residencial,despejado,21,medio,moto
ENV-004871,11.62,11.07,37.3,25.9,22.1,21.35,0,0,1934.35,normal,periferia,viento_fuerte,18,alto,moto
ENV-004872,2.63,2.55,36.6,19.4,24.1,17.11,0,0,364.17,normal,centro,despejado,9,medio,bicicleta
ENV-004873,3.84,0.67,16.3,17.2,10.7,3.0,0,0,132.71,normal,centro,lluvia,19,bajo,moto
ENV-004874,14.2,2.57,26.4,14.3,17.4,6.57,1,0,2878.97,express,periferia,despejado,18,alto,moto
ENV-004875,1.85,1.02,19.8,17.2,14.0,4.77,0,0,14381.17,express,residencial,lluvia,9,alto,moto
ENV-004876,1.25,3.64,34.0,23.3,36.2,28.68,0,0,1014.0,normal,centro,despejado,11,bajo,bicicleta
ENV-004877,6.58,27.23,37.8,44.2,31.2,52.13,1,0,9346.83,mismo_dia,residencial,despejado,5,alto,camioneta
ENV-004878,8.93,0.82,25.3,16.8,14.3,6.08,0,1,316.69,express,residencial,despejado,21,bajo,camioneta
ENV-004879,11.33,76.35,68.6,68.3,52.6,246.45,1,0,2403.65,mismo_dia,residencial,lluvia,15,bajo,camioneta
ENV-004880,11.0,3.39,29.6,33.8,22.3,22.31,0,0,2157.03,express,residencial,despejado,17,bajo,moto
ENV-004881,5.72,4.38,35.7,35.5,20.5,25.98,1,0,6600.31,normal,residencial,despejado,21,medio,moto
ENV-004882,7.16,9.93,45.7,23.9,24.5,26.76,0,0,731.19,express,residencial,despejado,9,alto,moto
ENV-004883,12.65,0.75,24.1,15.0,8.4,3.04,0,0,1034.58,normal,residencial,despejado,15,alto,dron
ENV-004884,9.05,8.11,56.4,36.4,26.5,54.4,0,0,525.83,express,residencial,despejado,8,medio,moto
ENV-004885,6.83,0.4,24.6,14.2,7.5,2.62,0,0,1076.39,mismo_dia,residencial,lluvia,19,alto,moto
ENV-004886,3.73,1.95,29.8,22.7,10.8,7.31,0,0,1108.71,mismo_dia,centro,viento_fuerte,8,alto,bicicleta
ENV-004887,12.61,2.43,34.2,19.0,12.2,7.93,0,0,1875.5,mismo_dia,periferia,despejado,15,alto,dron
ENV-004888,10.63,7.82,44.1,23.4,18.7,19.3,1,0,1230.2,express,residencial,lluvia,9,alto,moto
ENV-004889,18.7,3.7,34.5,26.3,22.4,20.32,1,0,174.09,express,periferia,despejado,16,medio,moto
ENV-004890,23.24,4.15,24.6,23.9,21.6,12.7,1,0,1193.32,express,periferia,despejado,21,bajo,moto
ENV-004891,3.63,5.7,29.9,25.1,31.4,23.57,0,0,1431.26,normal,centro,lluvia,17,bajo,bicicleta
ENV-004892,36.36,1.54,21.4,17.3,12.4,4.59,0,0,303.16,express,rural,despejado,16,medio,moto
ENV-004893,36.05,8.99,58.9,31.9,22.0,41.34,1,0,4860.48,mismo_dia,rural,despejado,12,medio,moto
ENV-004894,3.32,0.94,17.1,11.5,11.7,2.3,0,0,1135.47,normal,residencial,lluvia,14,alto,moto
ENV-004895,39.8,3.51,46.0,18.6,21.9,18.74,0,0,734.2,normal,rural,despejado,9,alto,moto
ENV-004896,5.38,3.47,40.4,19.7,19.2,15.28,0,0,537.82,normal,residencial,despejado,8,medio,bicicleta
ENV-004897,0.86,0.39,22.4,14.2,8.2,2.61,0,0,5386.41,normal,centro,viento_fuerte,10,alto,bicicleta
ENV-004898,19.18,1.91,26.8,15.9,12.0,5.11,0,0,870.12,express,periferia,despejado,7,medio,moto
ENV-004899,3.01,1.63,34.5,18.7,15.5,10.0,0,0,2804.58,normal,residencial,despejado,22,alto,moto
ENV-004900,6.45,3.57,41.8,30.8,16.9,21.76,1,0,280.91,normal,residencial,despejado,20,medio,bicicleta
ENV-004901,19.98,0.47,16.5,11.7,7.5,1.45,0,0,1769.06,express,periferia,viento_fuerte,16,bajo,moto
ENV-004902,1.47,73.59,103.8,54.1,55.1,309.42,0,0,50,normal,centro,despejado,19,alto,camioneta
ENV-004903,14.92,0.81,17.0,12.2,7.1,1.47,0,0,1307.32,normal,periferia,despejado,17,medio,moto
ENV-004904,2.62,2.54,29.2,17.5,22.5,11.5,0,0,3107.06,normal,centro,lluvia,21,bajo,moto
ENV-004905,3.14,1.8,33.2,14.4,14.4,6.88,0,1,218.85,express,centro,despejado,12,bajo,camioneta
ENV-004906,1.73,5.63,36.6,20.2,13.0,9.61,0,1,584.21,express,centro,lluvia,0,bajo,camioneta
ENV-004907,1.26,43.97,69.8,39.7,58.2,161.28,0,0,332.82,express,centro,despejado,9,alto,camioneta
ENV-004908,4.2,0.26,20.9,9.9,8.0,1.66,0,0,162.52,express,residencial,despejado,11,bajo,dron
ENV-004909,3.17,59.79,61.6,52.8,33.2,107.98,0,0,218.62,express,residencial,viento_fuerte,11,medio,camioneta
ENV-004910,3.87,0.93,21.6,18.2,14.1,5.54,0,0,525.57,normal,centro,despejado,8,alto,bicicleta
ENV-004911,2.6,1.12,24.0,23.3,13.9,7.77,0,0,252.67,express,centro,despejado,7,medio,bicicleta
ENV-004912,7.89,0.79,22.9,15.5,8.2,2.91,0,0,4576.3,normal,residencial,despejado,12,alto,dron
ENV-004913,15.24,2.45,34.1,29.0,15.6,15.43,0,0,3084.82,express,periferia,despejado,8,alto,moto
ENV-004914,7.28,1.25,31.2,20.0,14.6,9.11,0,0,384.48,normal,residencial,viento_fuerte,15,alto,moto
ENV-004915,0.57,5.34,46.6,31.8,22.1,32.75,0,0,3133.72,normal,centro,despejado,8,alto,bicicleta
ENV-004916,3.25,1.95,30.9,20.0,14.9,9.21,0,0,324.57,normal,residencial,lluvia,5,bajo,moto
ENV-004917,2.49,24.18,81.4,50.2,44.7,182.66,0,1,506.21,express,centro,despejado,12,bajo,camioneta
ENV-004918,4.68,4.12,32.3,21.4,16.6,11.47,0,0,2427.48,normal,centro,viento_fuerte,5,bajo,bicicleta
ENV-004919,3.54,3.92,26.8,14.3,20.0,7.66,1,0,57.67,mismo_dia,residencial,despejado,20,alto,bicicleta
ENV-004920,17.58,4.71,57.0,37.7,16.3,35.03,1,0,1156.23,express,periferia,viento_fuerte,11,bajo,camioneta
ENV-004921,11.15,1.46,19.6,17.7,21.6,7.49,0,0,982.1,normal,residencial,viento_fuerte,17,medio,moto
ENV-004922,2.5,0.93,21.2,18.3,14.0,5.43,1,0,1895.28,mismo_dia,centro,despejado,19,alto,bicicleta
ENV-004923,47.74,4.08,32.7,26.5,14.9,12.91,0,1,250.72,express,rural,despejado,12,medio,camioneta
ENV-004924,17.92,1.99,34.4,17.2,17.2,10.18,0,0,395.88,express,periferia,lluvia,15,medio,moto
ENV-004925,14.31,2.64,36.1,20.5,13.6,10.06,0,0,3086.46,normal,residencial,lluvia,21,bajo,moto
ENV-004926,5.14,2.46,28.1,16.1,18.1,8.19,0,0,187.8,normal,residencial,lluvia,13,medio,bicicleta
ENV-004927,1.39,1.21,21.1,14.2,8.0,2.4,0,0,224.54,normal,centro,lluvia,10,bajo,moto
ENV-004928,7.08,2.42,31.5,25.4,17.1,13.68,0,0,979.22,mismo_dia,residencial,despejado,13,alto,moto
ENV-004929,3.77,2.13,27.8,20.6,23.7,13.57,0,0,6030.61,express,residencial,despejado,10,bajo,bicicleta
ENV-004930,9.57,2.31,27.6,22.0,29.7,18.03,1,0,178.7,normal,residencial,despejado,6,bajo,moto
ENV-004931,44.73,0.52,13.4,12.9,9.8,1.69,1,0,1824.12,express,rural,despejado,17,bajo,camioneta
ENV-004932,1.84,4.27,31.2,16.9,12.7,6.7,0,0,512.56,express,centro,despejado,12,medio,bicicleta
ENV-004933,12.49,1.03,24.4,11.1,12.6,3.41,0,0,568.75,express,residencial,despejado,8,bajo,dron
ENV-004934,1.52,2.64,29.5,17.8,20.5,10.76,0,0,942.32,mismo_dia,centro,despejado,9,bajo,bicicleta
ENV-004935,10.38,0.32,19.1,11.5,10.3,2.26,0,0,706.17,express,residencial,lluvia,11,bajo,moto
ENV-004936,4.67,0.13,13.7,7.7,6.5,0.69,0,0,50.88,mismo_dia,residencial,lluvia,11,bajo,moto
ENV-004937,1.63,15.59,81.1,48.0,30.5,118.73,1,0,87.81,express,centro,despejado,9,alto,camioneta
ENV-004938,6.53,2.37,21.2,12.8,20.1,5.45,0,0,332.91,express,residencial,lluvia,23,bajo,moto
ENV-004939,17.08,0.95,26.5,11.6,12.2,3.75,0,1,4387.83,mismo_dia,periferia,despejado,19,alto,camioneta
ENV-004940,10.82,2.47,37.2,26.7,18.0,17.88,0,0,506.73,normal,residencial,lluvia,18,alto,moto
ENV-004941,10.5,54.19,105.4,78.0,48.7,400.37,0,0,9227.14,normal,residencial,despejado,16,medio,camioneta
ENV-004942,1.78,23.45,59.6,48.7,48.6,141.06,0,0,893.19,express,residencial,despejado,6,bajo,camioneta
ENV-004943,4.4,0.56,19.0,14.9,15.8,4.47,0,0,350.39,normal,centro,viento_fuerte,16,medio,camioneta
ENV-004944,4.13,1.32,25.8,20.8,12.7,6.82,0,0,2513.05,normal,centro,despejado,9,medio,bicicleta
ENV-004945,3.31,1.8,31.5,22.4,19.8,13.97,0,0,209.67,mismo_dia,centro,despejado,11,medio,bicicleta
ENV-004946,6.74,2.07,30.5,26.3,17.7,14.2,1,0,605.46,normal,residencial,despejado,7,medio,bicicleta
ENV-004947,6.84,0.84,15.4,8.5,12.8,1.68,1,0,1653.76,normal,periferia,despejado,11,medio,bicicleta
ENV-004948,5.7,4.66,36.4,25.0,28.7,26.12,0,0,1093.11,express,residencial,despejado,8,alto,bicicleta
ENV-004949,4.79,0.59,23.7,12.0,8.7,2.47,0,0,1019.61,mismo_dia,residencial,despejado,14,alto,dron
ENV-004950,0.96,1.05,26.6,19.4,12.6,6.5,0,0,1191.3,normal,centro,despejado,22,medio,moto
ENV-004951,19.8,1.68,35.0,22.8,10.7,8.54,0,0,6799.87,mismo_dia,periferia,despejado,17,bajo,moto
ENV-004952,4.48,0.37,13.9,10.0,14.0,1.95,0,0,1300.08,express,residencial,despejado,18,alto,bicicleta
ENV-004953,4.23,80,56.9,64.0,50.5,183.9,0,0,344.47,normal,residencial,despejado,7,alto,camioneta
ENV-004954,13.2,7.92,45.3,34.4,34.7,54.07,0,0,862.86,normal,residencial,despejado,9,bajo,moto
ENV-004955,1.51,0.46,20.0,11.7,8.6,2.01,1,0,2949.71,normal,centro,despejado,14,medio,bicicleta
ENV-004956,1.8,2.41,42.4,31.0,14.7,19.32,0,0,2006.51,express,centro,lluvia,17,alto,moto
ENV-004957,4.47,2.57,26.0,15.6,12.7,5.15,0,0,1380.19,normal,residencial,lluvia,18,alto,bicicleta
ENV-004958,13.13,7.59,38.7,31.1,21.9,26.36,1,0,458.71,express,periferia,viento_fuerte,5,medio,moto
ENV-004959,6.22,2.6,37.7,23.7,13.9,12.42,0,0,322.59,normal,residencial,despejado,14,bajo,bicicleta
ENV-004960,41.74,2.69,37.7,18.4,17.7,12.28,0,0,334.65,express,rural,despejado,12,bajo,camioneta
ENV-004961,4.79,2.19,32.2,19.4,26.2,16.37,0,0,211.66,express,residencial,despejado,22,bajo,moto
ENV-004962,10.36,0.44,14.1,11.2,16.3,2.57,0,0,4215.29,normal,residencial,despejado,10,alto,dron
ENV-004963,1.53,19.72,64.9,43.6,21.4,60.55,1,0,364.46,normal,centro,despejado,20,alto,camioneta
ENV-004964,29.45,0.79,28.0,20.2,9.4,5.32,0,0,330.27,express,rural,despejado,10,alto,moto
ENV-004965,27.38,3.3,23.3,17.6,19.1,7.83,0,0,266.27,normal,periferia,despejado,14,alto,moto
ENV-004966,19.12,9.77,45.0,37.5,25.1,42.36,0,0,3587.74,express,periferia,lluvia,22,bajo,moto
ENV-004967,2.74,0.14,9.7,8.6,5.0,0.42,0,0,98.89,express,residencial,despejado,13,alto,bicicleta
ENV-004968,25.15,3.33,41.4,24.5,16.6,16.84,1,1,1211.06,express,periferia,lluvia,10,medio,camioneta
ENV-004969,3.08,1.17,27.4,17.5,10.0,4.79,0,0,745.67,express,centro,despejado,6,medio,bicicleta
ENV-004970,7.5,0.59,16.7,15.0,12.1,3.03,0,0,5904.1,express,residencial,despejado,10,bajo,dron
ENV-004971,10.45,1.87,27.7,23.7,13.9,9.13,1,0,1839.61,normal,residencial,despejado,10,bajo,dron
ENV-004972,20.48,6.16,30.2,19.9,20.1,12.08,0,0,222.83,mismo_dia,periferia,despejado,17,medio,moto
ENV-004973,18.58,3.39,34.9,25.1,17.4,15.24,1,0,594.2,normal,periferia,viento_fuerte,10,bajo,moto
ENV-004974,11.16,0.87,23.5,14.2,19.5,6.51,0,0,1438.41,express,residencial,despejado,3,bajo,moto
ENV-004975,3.99,6.52,47.7,35.7,17.5,29.8,0,0,786.36,mismo_dia,centro,despejado,16,bajo,bicicleta
ENV-004976,10.82,1.0,26.3,14.8,18.6,7.24,0,0,3821.63,normal,periferia,despejado,11,medio,dron
ENV-004977,1.73,1.76,17.4,11.5,19.6,3.92,0,0,3676.51,normal,centro,lluvia,23,bajo,moto
ENV-004978,26.8,0.73,24.1,19.9,11.6,5.56,0,0,2472.96,normal,rural,despejado,3,bajo,moto
ENV-004979,2.16,5.21,40.4,25.9,35.4,37.04,1,0,145.9,mismo_dia,residencial,despejado,7,medio,bicicleta
ENV-004980,7.13,1.36,16.3,15.5,10.5,2.65,0,0,475.63,express,residencial,despejado,18,medio,moto
ENV-004981,11.79,1.89,25.9,21.8,23.4,13.21,1,0,1560.14,mismo_dia,residencial,lluvia,9,bajo,moto
ENV-004982,4.12,2.35,30.0,25.2,20.6,15.57,1,0,89.12,normal,residencial,lluvia,0,medio,moto
ENV-004983,23.09,2.37,29.1,23.1,18.3,12.3,1,0,805.73,mismo_dia,rural,viento_fuerte,20,alto,moto
ENV-004984,8.72,0.33,13.3,10.3,4.9,0.67,0,0,940.63,normal,residencial,viento_fuerte,18,alto,moto
ENV-004985,26.06,0.47,12.7,8.6,14.4,1.57,0,0,1059.35,normal,rural,despejado,21,medio,moto
ENV-004986,47.45,0.7,20.6,16.0,15.1,4.98,1,0,406.85,express,rural,despejado,12,medio,camioneta
ENV-004987,5.12,1.87,29.5,28.2,16.3,13.56,0,0,2033.64,mismo_dia,residencial,despejado,14,medio,bicicleta
ENV-004988,3.43,49.21,61.8,62.4,53.3,205.54,0,0,420.27,normal,centro,despejado,10,medio,camioneta
ENV-004989,9.21,1.29,26.0,21.5,18.4,10.29,0,0,1818.98,normal,residencial,despejado,6,medio,dron
ENV-004990,8.74,2.58,32.1,23.1,11.0,8.16,0,1,1146.28,normal,periferia,lluvia,16,bajo,camioneta
ENV-004991,11.85,2.38,42.3,19.4,21.3,17.48,0,0,719.97,normal,periferia,despejado,21,bajo,moto
ENV-004992,1.63,13.36,58.6,55.0,33.0,106.36,0,0,3945.3,express,centro,despejado,18,medio,camioneta
ENV-004993,3.21,1.07,22.5,14.0,23.5,7.4,1,0,2577.41,express,centro,despejado,10,bajo,bicicleta
ENV-004994,3.04,4.33,43.2,34.3,22.6,33.49,1,0,1091.62,express,centro,despejado,10,bajo,bicicleta
ENV-004995,6.1,14.19,73.4,57.3,26.0,109.35,0,0,530.62,express,residencial,despejado,19,bajo,camioneta
ENV-004996,1.44,2.83,32.0,22.5,17.0,12.24,0,0,1166.85,express,centro,viento_fuerte,9,alto,bicicleta
ENV-004997,50.99,45.03,50.2,44.4,52.8,117.68,0,0,338.48,normal,rural,viento_fuerte,3,bajo,camioneta
ENV-004998,4.54,1.8,32.5,19.3,10.1,6.34,0,0,1459.84,mismo_dia,centro,lluvia,14,alto,moto
ENV-004999,6.07,2.85,43.4,21.6,18.4,17.25,0,0,186.95,normal,residencial,despejado,13,alto,bicicleta
ENV-005000,9.46,1.68,15.4,10.5,17.9,2.89,1,0,2216.99,normal,residencial,despejado,16,bajo,dron
ENV-005001,4.29,1.83,37.8,18.7,17.5,12.37,0,0,552.68,mismo_dia,residencial,viento_fuerte,16,alto,moto
ENV-005002,29.57,2.14,38.5,17.3,20.2,13.45,0,0,362.89,express,rural,despejado,17,bajo,moto
ENV-005003,14.01,2.11,36.4,25.7,12.3,11.51,0,0,383.37,express,residencial,despejado,18,medio,dron
ENV-005004,43.95,15.42,49.9,36.0,34.3,61.62,0,0,25621.48,express,rural,lluvia,15,medio,camioneta
ENV-005005,2.65,2.08,40.5,19.2,20.7,16.1,0,0,2800.16,normal,centro,lluvia,3,alto,moto
ENV-005006,14.36,1.37,24.6,22.4,17.9,9.86,0,0,13313.62,express,periferia,lluvia,6,medio,moto
ENV-005007,10.93,7.02,40.2,34.7,22.5,31.39,1,0,410.79,normal,residencial,despejado,20,medio,moto
ENV-005008,2.2,0.38,13.9,9.5,9.0,1.19,0,0,2461.31,express,centro,lluvia,20,medio,moto
ENV-005009,6.58,6.71,34.1,38.5,26.5,34.79,0,0,202.6,normal,residencial,despejado,10,alto,bicicleta
ENV-005010,10.51,1.87,27.4,13.3,18.3,6.67,0,0,1128.59,normal,residencial,despejado,17,alto,dron
ENV-005011,6.68,10.3,49.3,32.9,33.5,54.34,0,0,428.93,normal,residencial,despejado,1,bajo,moto
ENV-005012,7.76,5.48,30.4,23.5,23.8,17.0,0,0,880.13,normal,residencial,despejado,14,alto,moto
ENV-005013,8.69,4.42,34.6,20.7,22.1,15.83,0,0,381.51,mismo_dia,periferia,despejado,19,alto,moto
ENV-005014,20.3,10.31,45.1,34.5,17.4,27.07,0,0,1661.1,normal,periferia,despejado,15,alto,moto
ENV-005015,3.31,3.84,41.6,32.4,21.9,29.52,0,0,883.24,normal,centro,viento_fuerte,8,alto,bicicleta
ENV-005016,6.56,46.96,48.5,32.3,58.9,92.27,1,0,2109.83,express,residencial,despejado,23,bajo,camioneta
ENV-005017,5.09,9.47,54.6,36.7,15.7,31.46,1,0,50,normal,residencial,despejado,13,medio,moto
ENV-005018,2.61,9.16,39.0,31.7,18.4,22.75,0,0,203.19,normal,centro,lluvia,14,alto,moto
ENV-005019,5.73,33.2,80.9,69.9,41.5,234.68,0,0,1152.93,express,residencial,lluvia,8,bajo,camioneta
ENV-005020,12.0,8.8,33.0,19.8,26.6,17.38,0,0,2233.44,express,periferia,despejado,16,alto,camioneta
ENV-005021,1.48,79.65,81.8,63.6,76.9,400.07,0,0,3000.53,express,centro,despejado,6,bajo,camioneta
ENV-005022,19.27,0.74,25.4,16.0,12.8,5.2,1,1,1927.48,normal,periferia,despejado,17,bajo,camioneta
ENV-005023,16.34,1.41,21.1,18.6,20.2,7.93,0,0,380.46,normal,periferia,despejado,7,medio,moto
ENV-005024,1.14,9.35,31.3,31.7,22.9,22.72,0,0,281.93,normal,centro,lluvia,14,alto,moto
ENV-005025,9.59,1.41,37.1,16.5,15.0,9.18,1,0,1990.78,mismo_dia,residencial,despejado,15,alto,dron
ENV-005026,1.78,10.01,55.3,25.3,21.5,30.08,0,0,363.72,express,centro,despejado,16,bajo,moto
ENV-005027,1.46,2.2,21.7,16.7,27.2,9.86,0,0,1203.54,express,centro,despejado,18,medio,bicicleta
ENV-005028,9.05,2.07,26.2,19.4,18.7,9.5,0,0,454.7,normal,residencial,despejado,6,bajo,dron
ENV-005029,13.53,2.12,34.2,24.0,11.4,9.36,0,0,1032.72,normal,residencial,despejado,19,alto,dron
ENV-005030,6.46,1.15,15.9,11.3,15.1,2.71,1,0,877.44,express,residencial,lluvia,19,alto,bicicleta
ENV-005031,12.3,1.15,21.7,14.0,13.2,4.01,1,0,664.91,express,residencial,despejado,19,alto,dron
ENV-005032,2.89,30.71,66.2,47.2,41.7,130.3,0,0,806.32,normal,centro,lluvia,16,bajo,camioneta
ENV-005033,11.11,2.51,30.5,24.0,26.1,19.11,1,0,2665.36,express,residencial,despejado,14,alto,moto
ENV-005034,12.1,2.15,38.7,23.9,13.8,12.76,0,0,50,express,residencial,despejado,18,medio,moto
ENV-005035,6.13,1.13,27.3,12.7,10.9,3.78,0,0,784.48,express,residencial,despejado,17,medio,bicicleta
ENV-005036,8.02,52.44,114.1,78.1,39.0,347.54,0,0,226.38,express,residencial,despejado,11,alto,camioneta
ENV-005037,1.67,1.1,30.6,19.3,14.3,8.45,0,0,868.19,normal,centro,despejado,15,alto,bicicleta
ENV-005038,3.28,0.85,32.1,13.6,14.7,6.42,0,0,334.86,normal,centro,despejado,16,bajo,bicicleta
ENV-005039,12.39,1.21,24.4,15.8,20.4,7.86,0,0,5693.15,normal,residencial,despejado,18,alto,moto
ENV-005040,2.51,2.52,30.5,22.7,15.5,10.73,0,0,240.16,normal,residencial,despejado,10,bajo,bicicleta
ENV-005041,2.6,2.87,22.2,21.9,19.8,9.63,1,0,964.42,normal,centro,despejado,12,bajo,bicicleta
ENV-005042,56.14,8.73,51.3,38.9,32.7,65.26,0,0,755.55,normal,rural,lluvia,21,bajo,camioneta
ENV-005043,4.6,1.81,25.3,22.5,24.9,14.17,1,0,3096.97,normal,residencial,lluvia,13,alto,bicicleta
ENV-005044,50.49,0.93,21.7,13.9,22.9,6.91,0,0,4412.52,express,rural,despejado,14,alto,camioneta
ENV-005045,4.24,0.82,22.7,10.4,9.6,2.27,0,0,282.78,normal,centro,despejado,6,bajo,bicicleta
ENV-005046,7.07,2.14,23.4,22.0,14.5,7.46,1,0,1096.11,express,residencial,despejado,21,alto,moto
ENV-005047,4.67,0.8,21.6,13.4,17.1,4.95,0,0,230.78,mismo_dia,centro,despejado,8,medio,bicicleta
ENV-005048,1.88,0.61,21.3,18.1,12.3,4.74,0,0,2045.37,normal,centro,lluvia,11,medio,bicicleta
ENV-005049,21.77,0.32,17.5,11.6,12.0,2.44,0,0,281.1,normal,periferia,despejado,17,alto,moto
ENV-005050,43.26,0.59,18.6,13.0,18.1,4.38,0,0,233.07,normal,rural,viento_fuerte,11,bajo,camioneta
ENV-005051,8.58,2.58,37.6,28.5,18.6,19.93,0,0,786.03,express,residencial,lluvia,13,alto,moto
ENV-005052,7.73,0.99,21.4,12.5,8.9,2.38,1,0,158.89,normal,periferia,viento_fuerte,18,medio,moto
ENV-005053,4.07,3.85,40.1,17.4,17.7,12.35,1,0,1454.11,normal,residencial,viento_fuerte,19,alto,bicicleta
ENV-005054,23.31,8.61,47.4,30.6,40.1,58.16,0,0,813.05,normal,rural,despejado,20,medio,moto
ENV-005055,42.4,4.78,54.2,34.7,17.9,33.67,1,0,120.61,normal,rural,lluvia,13,alto,camioneta
ENV-005056,8.97,1.08,34.4,23.4,9.6,7.73,0,0,689.91,mismo_dia,residencial,despejado,17,medio,dron
ENV-005057,45.68,4.37,38.4,24.0,36.9,34.01,0,0,3738.82,normal,rural,lluvia,15,bajo,camioneta
ENV-005058,13.01,1.62,22.4,20.4,21.1,9.64,0,0,988.13,express,periferia,despejado,16,medio,dron
ENV-005059,12.12,5.46,25.1,24.8,24.8,15.44,0,0,6423.5,normal,residencial,despejado,11,bajo,camioneta
ENV-005060,9.35,0.77,17.0,12.5,11.9,2.53,0,0,473.0,normal,residencial,viento_fuerte,22,medio,moto
ENV-005061,10.24,2.74,26.2,20.3,11.4,6.06,0,0,406.54,express,residencial,viento_fuerte,17,alto,moto
ENV-005062,7.57,0.75,29.5,15.5,9.8,4.48,0,0,1784.02,mismo_dia,residencial,despejado,10,bajo,dron
ENV-005063,14.55,15.05,52.1,43.3,40.1,90.46,0,0,910.44,express,periferia,despejado,9,alto,camioneta
ENV-005064,8.55,1.45,17.0,13.1,11.9,2.65,0,0,948.89,express,periferia,despejado,11,medio,dron
ENV-005065,1.85,2.72,34.9,23.3,26.6,21.63,0,0,1883.6,normal,centro,despejado,6,bajo,bicicleta
ENV-005066,3.9,1.05,29.8,15.9,14.7,6.97,0,0,365.66,normal,centro,despejado,13,medio,bicicleta
ENV-005067,1.07,3.66,45.9,28.1,20.2,26.05,0,0,1609.95,normal,centro,despejado,10,bajo,bicicleta
ENV-005068,5.04,1.14,22.9,12.2,13.5,3.77,1,0,293.07,normal,residencial,lluvia,14,medio,bicicleta
ENV-005069,37.33,3.41,36.7,23.8,13.5,11.79,0,0,7337.13,mismo_dia,rural,lluvia,12,medio,moto
ENV-005070,21.01,0.84,14.9,9.9,11.5,1.7,0,0,5130.76,express,periferia,viento_fuerte,18,medio,moto
ENV-005071,29.32,2.62,26.3,21.8,16.3,9.35,0,0,16365.04,normal,rural,despejado,12,bajo,moto
ENV-005072,26.64,3.55,28.4,16.2,14.7,6.76,0,0,356.68,express,periferia,despejado,10,bajo,moto
ENV-005073,11.77,5.09,34.3,28.8,32.3,31.91,0,0,755.1,express,residencial,despejado,14,alto,moto
ENV-005074,2.05,0.45,18.7,14.8,12.0,3.32,0,0,257.76,express,centro,despejado,8,alto,bicicleta
ENV-005075,21.0,4.21,29.7,25.8,27.8,21.3,0,0,520.72,normal,periferia,viento_fuerte,21,bajo,moto
ENV-005076,26.83,3.19,44.1,32.6,16.4,23.58,0,0,1705.1,mismo_dia,periferia,lluvia,21,medio,moto
ENV-005077,3.49,1.49,31.1,13.2,13.4,5.5,0,0,9354.93,normal,centro,lluvia,8,alto,moto
ENV-005078,10.04,2.04,32.8,22.9,20.4,15.32,0,0,356.11,express,residencial,lluvia,6,bajo,moto
ENV-005079,15.01,1.25,31.7,16.9,18.5,9.91,0,0,696.71,express,periferia,viento_fuerte,11,alto,moto
ENV-005080,5.33,2.19,36.7,23.6,13.8,11.95,0,0,1781.43,normal,centro,despejado,14,alto,bicicleta
ENV-005081,9.99,5.09,37.7,30.5,22.2,25.53,0,0,3319.37,express,residencial,despejado,17,medio,moto
ENV-005082,12.73,2.83,43.8,25.2,15.8,17.44,0,1,9372.06,normal,periferia,despejado,11,bajo,camioneta
ENV-005083,17.06,2.16,26.3,19.9,26.6,13.92,0,0,5264.45,normal,periferia,despejado,16,medio,moto
ENV-005084,8.64,7.94,67.1,44.9,20.6,62.06,1,0,3795.4,normal,residencial,despejado,8,alto,moto
ENV-005085,25.73,2.21,33.3,18.7,25.1,15.63,0,0,1818.16,express,periferia,despejado,18,alto,moto
ENV-005086,4.92,9.54,31.2,24.2,20.3,15.33,0,0,249.87,normal,residencial,despejado,10,bajo,moto
ENV-005087,10.57,2.95,48.1,29.6,16.1,22.92,0,0,310.44,express,residencial,lluvia,5,bajo,moto
ENV-005088,4.55,0.49,20.6,16.0,9.1,3.0,0,0,1500.0,normal,centro,lluvia,18,alto,bicicleta
ENV-005089,5.06,0.22,19.9,13.1,6.3,1.64,0,0,418.72,normal,residencial,lluvia,9,medio,moto
ENV-005090,4.7,3.93,29.2,20.5,24.7,14.79,0,0,474.0,mismo_dia,residencial,lluvia,13,alto,moto
ENV-005091,22.8,4.8,41.1,25.5,31.0,32.49,0,0,221.24,normal,periferia,despejado,12,bajo,moto
ENV-005092,4.19,1.4,18.5,17.4,16.3,5.25,0,0,102.08,express,centro,despejado,17,medio,bicicleta
ENV-005093,3.56,10.0,43.8,28.1,25.0,30.77,1,0,1214.0,mismo_dia,residencial,despejado,14,medio,moto
ENV-005094,26.48,3.64,31.4,24.0,20.2,15.22,0,0,4161.11,normal,rural,despejado,11,bajo,moto
ENV-005095,3.97,5.44,31.3,30.8,21.6,20.82,0,0,947.19,express,centro,despejado,7,alto,bicicleta
ENV-005096,3.36,0.41,16.5,15.8,11.1,2.89,0,0,492.62,mismo_dia,centro,lluvia,12,bajo,moto
ENV-005097,7.4,8.75,31.8,26.4,22.9,19.23,0,0,2525.42,express,residencial,despejado,4,medio,moto
ENV-005098,2.14,2.23,25.5,15.4,13.2,5.18,0,0,280.81,mismo_dia,centro,viento_fuerte,18,medio,bicicleta
ENV-005099,6.91,4.0,45.9,19.7,19.3,17.45,1,0,440.59,express,residencial,despejado,12,alto,bicicleta
ENV-005100,2.98,3.78,39.6,24.2,21.2,20.32,0,0,402.32,normal,centro,despejado,16,medio,bicicleta
ENV-005101,1.75,0.57,20.1,12.7,7.1,1.81,0,0,3594.51,normal,centro,lluvia,9,medio,moto
ENV-005102,6.66,2.31,31.9,23.7,14.8,11.19,0,0,269.2,normal,residencial,viento_fuerte,10,medio,bicicleta
ENV-005103,5.02,5.72,34.1,27.4,41.3,38.59,0,0,2244.08,normal,centro,despejado,6,medio,bicicleta
ENV-005104,13.63,0.28,14.2,9.9,14.4,2.02,0,0,12717.0,normal,periferia,lluvia,15,alto,moto
ENV-005105,15.73,3.62,33.5,17.2,25.1,14.46,0,0,1254.88,normal,periferia,despejado,9,alto,camioneta
ENV-005106,3.1,3.34,46.1,25.0,18.2,20.98,0,0,802.64,express,residencial,despejado,15,alto,bicicleta
ENV-005107,17.89,69.88,87.1,49.1,71.2,304.49,0,0,1168.0,express,periferia,despejado,6,bajo,camioneta
ENV-005108,1.2,16.22,64.8,30.4,25.3,49.84,0,0,624.94,express,centro,viento_fuerte,15,alto,moto
ENV-005109,19.88,3.06,24.0,23.4,19.4,10.9,1,1,1199.88,normal,periferia,despejado,6,medio,camioneta
ENV-005110,2.48,0.88,15.9,12.6,14.7,2.94,0,0,1219.22,express,centro,lluvia,20,alto,moto
ENV-005111,1.33,0.17,10.2,8.1,9.4,0.78,0,0,310.83,express,centro,despejado,6,bajo,bicicleta
ENV-005112,5.34,0.38,16.5,10.5,12.8,2.22,0,0,1417.0,express,residencial,despejado,15,medio,bicicleta
ENV-005113,15.25,1.48,24.2,16.4,9.0,3.57,0,0,1047.44,mismo_dia,periferia,despejado,14,alto,moto
ENV-005114,22.07,0.71,20.1,19.5,13.7,5.37,0,0,258.94,normal,periferia,viento_fuerte,14,medio,moto
ENV-005115,12.63,4.52,55.1,28.2,20.9,32.47,0,0,375.79,express,residencial,despejado,11,bajo,moto
ENV-005116,0.71,0.67,18.2,12.0,10.5,2.29,1,0,2832.93,express,centro,despejado,12,medio,bicicleta
ENV-005117,24.48,76.14,82.8,53.0,91.1,399.78,0,0,18948.54,normal,periferia,despejado,19,alto,camioneta
ENV-005118,24.55,2.38,30.8,20.3,20.9,13.07,1,0,2651.99,express,periferia,despejado,16,medio,moto
ENV-005119,8.49,1.7,20.9,13.3,15.5,4.31,0,0,65.97,normal,residencial,despejado,13,medio,dron
ENV-005120,3.75,1.89,34.2,16.2,15.6,8.64,0,0,1001.52,express,centro,despejado,10,bajo,camioneta
ENV-005121,0.76,1.44,27.4,16.2,13.7,6.08,0,0,1169.8,normal,centro,despejado,12,medio,bicicleta
ENV-005122,5.75,1.89,28.4,14.3,10.4,4.22,0,0,1836.16,normal,residencial,despejado,12,bajo,bicicleta
ENV-005123,8.92,0.93,18.0,8.3,10.4,1.55,0,0,1431.5,normal,residencial,despejado,15,medio,dron
ENV-005124,5.09,1.62,34.4,15.1,18.2,9.45,0,0,1954.42,normal,centro,lluvia,16,bajo,moto
ENV-005125,4.07,0.94,13.9,13.9,13.7,2.65,0,0,1412.32,normal,centro,despejado,12,medio,bicicleta
ENV-005126,23.84,0.72,23.7,12.9,16.6,5.08,0,0,410.41,normal,periferia,despejado,10,medio,moto
ENV-005127,5.81,8.9,52.0,45.8,23.5,55.97,1,0,763.23,normal,periferia,despejado,14,alto,moto
ENV-005128,6.15,67.39,74.4,46.0,69.9,239.23,0,0,124.48,mismo_dia,residencial,lluvia,10,bajo,camioneta
ENV-005129,8.33,3.82,25.1,13.0,18.9,6.17,1,0,509.42,normal,residencial,despejado,10,bajo,moto
ENV-005130,3.34,65.9,102.9,82.8,40.2,342.51,0,1,1283.68,normal,centro,despejado,10,alto,camioneta
ENV-005131,3.2,3.48,22.5,19.3,16.9,7.34,0,0,732.17,express,centro,despejado,19,bajo,bicicleta
ENV-005132,13.17,1.5,21.3,13.7,8.2,2.39,0,0,666.85,normal,residencial,despejado,7,bajo,dron
ENV-005133,2.8,6.35,36.3,22.1,21.6,17.33,0,0,10316.77,normal,residencial,despejado,15,alto,bicicleta
ENV-005134,19.03,2.79,26.8,19.2,16.5,8.49,1,0,404.49,normal,periferia,despejado,14,medio,moto
ENV-005135,5.68,0.1,7.7,8.2,7.2,0.45,1,0,57.08,normal,residencial,despejado,20,medio,bicicleta
ENV-005136,12.21,3.63,43.2,18.8,17.8,14.46,0,0,242.54,normal,periferia,despejado,11,alto,moto
ENV-005137,5.76,7.23,42.6,28.8,26.2,32.14,0,0,1701.44,normal,residencial,despejado,17,bajo,bicicleta
ENV-005138,2.36,1.97,35.8,21.3,12.4,9.46,0,0,1662.73,normal,centro,despejado,9,alto,camioneta
ENV-005139,7.21,1.78,36.7,23.0,14.0,11.82,1,0,327.39,normal,residencial,lluvia,5,medio,moto
ENV-005140,3.07,0.53,19.6,9.0,10.8,1.91,0,0,594.96,normal,residencial,despejado,16,medio,bicicleta
ENV-005141,18.81,0.63,20.3,11.4,10.7,2.48,1,0,4327.36,normal,periferia,despejado,14,alto,moto
ENV-005142,16.85,0.59,21.5,11.7,8.2,2.06,0,0,261.84,normal,periferia,despejado,20,alto,moto
ENV-005143,4.56,1.34,21.9,12.3,15.6,4.2,1,0,1171.79,express,centro,lluvia,18,medio,moto
ENV-005144,5.91,7.14,63.3,27.1,26.7,45.8,0,0,732.67,normal,residencial,lluvia,7,alto,moto
ENV-005145,5.31,2.11,26.0,20.1,14.6,7.63,0,0,4560.99,normal,centro,despejado,15,medio,bicicleta
ENV-005146,3.03,31.28,98.0,51.3,42.1,211.65,1,0,268.5,normal,centro,despejado,14,alto,camioneta
ENV-005147,16.74,1.72,37.6,25.7,12.2,11.79,0,0,200.35,normal,periferia,lluvia,2,medio,moto
ENV-005148,13.64,5.96,53.5,36.2,14.3,27.69,0,1,877.64,normal,residencial,despejado,8,bajo,camioneta
ENV-005149,8.79,2.15,32.6,27.3,13.8,12.28,0,0,1432.48,mismo_dia,residencial,despejado,1,medio,moto
ENV-005150,7.37,4.25,43.7,28.1,15.2,18.67,0,0,1110.54,normal,residencial,lluvia,20,alto,moto
ENV-005151,3.48,5.05,29.6,28.3,30.2,25.3,0,0,376.79,express,centro,lluvia,7,alto,moto
ENV-005152,3.5,2.62,32.9,20.3,17.7,11.82,1,0,1371.5,normal,centro,lluvia,5,bajo,camioneta
ENV-005153,1.25,7.46,38.9,18.9,18.5,13.6,1,0,1562.48,express,centro,despejado,18,alto,bicicleta
ENV-005154,3.35,2.11,31.0,24.3,11.6,8.74,0,0,2623.21,mismo_dia,centro,lluvia,16,medio,moto
ENV-005155,2.05,1.09,19.1,17.4,10.1,3.36,0,0,1198.77,normal,centro,despejado,9,alto,moto
ENV-005156,3.11,0.68,19.6,10.4,12.2,2.49,1,0,930.11,normal,centro,despejado,11,medio,bicicleta
ENV-005157,3.76,0.31,14.6,12.7,8.2,1.52,0,0,609.32,normal,residencial,viento_fuerte,8,medio,bicicleta
ENV-005158,1.97,2.36,21.9,16.4,12.4,4.45,0,0,992.04,normal,centro,despejado,13,bajo,bicicleta
ENV-005159,13.9,1.58,26.7,20.6,9.3,5.12,0,0,907.38,normal,periferia,despejado,7,medio,dron
ENV-005160,26.35,3.28,50.9,29.3,15.6,23.27,0,0,918.62,normal,rural,lluvia,17,bajo,moto
ENV-005161,6.53,0.88,23.2,12.6,13.5,3.95,0,0,651.7,normal,residencial,lluvia,11,bajo,moto
ENV-005162,9.83,3.42,47.7,27.1,18.4,23.79,0,0,1105.59,express,residencial,lluvia,9,alto,moto
ENV-005163,16.43,1.16,16.6,16.0,12.4,3.29,0,0,849.77,mismo_dia,periferia,despejado,18,alto,moto
ENV-005164,0.84,3.33,43.3,24.3,15.4,16.2,0,0,975.54,normal,centro,despejado,15,alto,bicicleta
ENV-005165,12.14,1.47,33.3,19.0,12.2,7.72,0,0,622.67,express,periferia,despejado,15,bajo,dron
ENV-005166,6.82,0.79,24.5,15.7,15.8,6.08,0,0,435.0,normal,residencial,despejado,12,alto,bicicleta
ENV-005167,21.42,8.82,55.1,34.3,30.7,58.02,0,0,157.55,mismo_dia,periferia,lluvia,14,medio,moto
ENV-005168,1.61,1.37,24.3,14.9,9.5,3.44,0,0,217.6,normal,centro,despejado,18,alto,bicicleta
ENV-005169,2.1,0.57,12.9,7.3,9.4,0.89,0,0,3060.12,normal,centro,viento_fuerte,10,medio,bicicleta
ENV-005170,3.28,3.2,42.1,20.5,28.9,24.94,0,0,11478.91,normal,centro,lluvia,21,bajo,moto
ENV-005171,3.44,2.29,32.9,22.4,20.6,15.18,0,0,128.48,express,residencial,despejado,12,alto,bicicleta
ENV-005172,5.29,4.61,29.4,16.7,20.6,10.11,0,0,2008.64,mismo_dia,residencial,despejado,15,alto,moto
ENV-005173,11.35,0.54,22.2,13.1,11.2,3.26,0,1,1084.59,normal,residencial,despejado,19,alto,camioneta
ENV-005174,10.11,0.72,29.7,14.1,13.1,5.49,0,0,262.95,express,residencial,despejado,20,alto,dron
ENV-005175,2.91,1.24,24.5,11.1,10.5,2.86,0,0,526.01,mismo_dia,centro,lluvia,20,alto,moto
ENV-005176,26.12,1.06,25.7,13.2,9.7,3.29,1,0,924.01,normal,rural,despejado,12,bajo,moto
ENV-005177,15.91,0.98,30.1,21.9,11.2,7.38,0,0,3795.87,express,periferia,despejado,17,bajo,moto
ENV-005178,10.44,6.65,22.1,21.2,21.5,10.07,0,0,930.3,normal,periferia,despejado,11,alto,moto
ENV-005179,6.89,32.42,74.5,60.7,32.3,146.07,0,0,536.91,mismo_dia,residencial,despejado,17,bajo,camioneta
ENV-005180,3.8,1.25,26.0,17.5,16.7,7.6,0,0,800.68,mismo_dia,residencial,despejado,18,alto,bicicleta
ENV-005181,4.24,1.04,15.4,10.4,17.5,2.8,0,0,1131.85,normal,centro,despejado,9,alto,bicicleta
ENV-005182,12.24,0.67,17.5,16.6,13.1,3.81,0,0,488.06,normal,residencial,despejado,15,alto,dron
ENV-005183,11.27,0.76,24.4,16.6,12.1,4.9,0,0,2705.52,normal,periferia,despejado,15,bajo,dron
ENV-005184,10.42,1.55,19.0,12.9,13.8,3.38,1,0,151.36,normal,periferia,lluvia,17,bajo,moto
ENV-005185,12.34,2.44,43.6,30.9,14.1,19.0,0,0,501.8,mismo_dia,residencial,despejado,16,medio,moto
ENV-005186,3.72,17.61,62.9,56.3,34.2,121.11,0,0,216.14,normal,residencial,despejado,14,alto,camioneta
ENV-005187,59.12,0.61,23.1,14.5,10.8,3.62,0,0,3624.73,normal,rural,lluvia,9,medio,camioneta
ENV-005188,29.06,1.4,23.4,13.7,23.3,7.47,0,1,376.82,express,rural,viento_fuerte,14,alto,camioneta
ENV-005189,2.59,4.2,26.1,21.0,21.3,11.67,0,0,594.3,normal,residencial,despejado,15,medio,moto
ENV-005190,7.52,30.79,56.3,38.7,65.5,142.71,0,0,678.95,express,residencial,viento_fuerte,12,bajo,camioneta
ENV-005191,1.18,1.64,34.8,22.2,12.3,9.5,0,0,661.58,normal,centro,despejado,10,bajo,bicicleta
ENV-005192,30.49,4.12,31.0,32.4,23.3,23.4,0,0,1103.34,mismo_dia,rural,despejado,9,bajo,moto
ENV-005193,14.08,7.77,42.1,36.5,39.2,60.24,0,0,961.26,mismo_dia,periferia,lluvia,8,alto,moto
ENV-005194,20.54,1.48,28.9,18.1,11.0,5.75,0,0,336.86,express,periferia,despejado,17,bajo,moto
ENV-005195,38.38,3.01,31.8,20.2,15.5,9.96,0,1,3134.28,normal,rural,lluvia,13,medio,camioneta
ENV-005196,18.98,1.26,15.5,15.1,12.3,2.88,1,0,671.78,express,periferia,despejado,15,alto,moto
ENV-005197,8.82,2.84,31.6,28.4,22.9,20.55,0,0,189.06,normal,periferia,despejado,16,alto,moto
ENV-005198,18.56,3.98,21.8,14.5,23.7,7.49,1,0,658.43,normal,rural,despejado,7,alto,moto
ENV-005199,2.85,3.1,21.9,20.2,12.7,5.62,0,0,490.48,normal,centro,despejado,11,bajo,bicicleta
ENV-005200,7.93,6.01,38.7,19.8,13.7,10.5,1,0,1694.89,normal,residencial,despejado,9,alto,moto
ENV-005201,11.25,2.66,41.2,26.8,15.3,16.89,0,1,644.41,express,residencial,lluvia,10,bajo,camioneta
ENV-005202,9.43,0.29,14.6,9.9,12.7,1.84,1,0,311.85,mismo_dia,residencial,despejado,11,bajo,dron
ENV-005203,9.27,2.71,34.3,19.7,24.2,16.35,0,0,317.49,normal,residencial,despejado,7,alto,moto
ENV-005204,5.7,9.05,71.6,45.3,20.0,64.87,1,0,2112.57,normal,residencial,viento_fuerte,4,bajo,moto
ENV-005205,14.18,2.83,47.9,21.8,21.0,21.93,0,0,547.46,express,residencial,lluvia,7,bajo,moto
ENV-005206,1.85,6.72,56.5,26.7,21.5,32.43,0,0,605.58,normal,centro,despejado,18,alto,bicicleta
ENV-005207,4.13,13.74,41.2,34.7,38.7,55.33,0,0,50,express,centro,despejado,15,alto,moto
ENV-005208,2.99,0.67,26.4,20.4,9.1,4.9,0,0,903.03,normal,centro,lluvia,10,bajo,bicicleta
ENV-005209,40.18,0.54,24.7,15.2,9.3,3.49,1,0,1226.37,express,rural,despejado,12,medio,camioneta
ENV-005210,9.61,60.1,100.8,59.0,55.8,331.85,0,0,545.49,normal,residencial,viento_fuerte,18,alto,camioneta
ENV-005211,6.44,0.2,16.7,11.6,6.4,1.24,0,0,301.62,mismo_dia,residencial,despejado,16,alto,dron
ENV-005212,12.06,5.29,28.7,24.6,20.4,14.4,0,0,2288.24,express,periferia,despejado,18,medio,moto
ENV-005213,4.21,1.87,31.3,15.2,17.8,8.47,0,0,476.15,normal,centro,despejado,17,bajo,bicicleta
ENV-005214,40.84,0.55,18.9,9.0,11.4,1.94,1,0,283.76,normal,rural,despejado,8,bajo,camioneta
ENV-005215,7.84,3.6,49.5,27.3,19.1,25.81,0,0,2064.35,normal,residencial,despejado,18,alto,moto
ENV-005216,26.92,3.57,37.4,20.6,31.8,24.5,0,0,1475.29,normal,periferia,despejado,3,medio,moto
ENV-005217,6.16,1.59,23.4,13.4,22.2,6.96,0,0,184.35,express,residencial,lluvia,11,bajo,moto
ENV-005218,11.42,1.39,38.4,19.1,14.6,10.71,1,0,54.45,express,residencial,despejado,9,medio,dron
ENV-005219,4.26,4.04,27.7,29.2,22.6,18.28,0,0,528.18,mismo_dia,residencial,despejado,16,medio,bicicleta
ENV-005220,2.62,0.48,15.5,14.6,14.4,3.26,0,0,715.42,mismo_dia,centro,despejado,15,alto,bicicleta
ENV-005221,8.87,0.57,22.3,10.1,10.4,2.34,1,0,1270.07,express,residencial,despejado,8,alto,dron
ENV-005222,3.39,1.08,16.2,11.4,13.8,2.55,0,0,7179.99,normal,centro,lluvia,17,medio,moto
ENV-005223,2.58,2.97,32.0,20.6,27.3,18.0,1,0,2989.23,normal,residencial,despejado,18,alto,bicicleta
ENV-005224,13.98,1.74,22.2,20.8,12.3,5.68,0,0,1841.77,normal,residencial,despejado,10,alto,dron
ENV-005225,8.88,1.39,20.0,15.2,8.2,2.49,0,0,1727.95,normal,periferia,despejado,16,medio,dron
ENV-005226,8.76,1.33,30.0,14.6,17.1,7.49,0,0,3101.45,express,residencial,despejado,20,medio,dron
ENV-005227,35.92,1.2,18.1,18.6,16.3,5.49,0,1,66.91,normal,rural,lluvia,10,medio,camioneta
ENV-005228,3.35,2.69,27.9,27.5,19.0,14.58,0,0,664.23,express,residencial,despejado,8,alto,bicicleta
ENV-005229,2.71,0.6,19.6,16.2,8.1,2.57,0,0,937.83,express,centro,despejado,15,alto,bicicleta
ENV-005230,4.89,24.99,50.1,54.1,36.3,98.39,0,0,3153.71,mismo_dia,centro,despejado,19,alto,camioneta
ENV-005231,5.12,43.05,113.5,74.4,40.3,340.31,0,0,686.11,normal,residencial,viento_fuerte,19,alto,camioneta
ENV-005232,1.41,2.96,34.3,21.6,22.4,16.6,0,0,193.66,normal,centro,despejado,12,bajo,bicicleta
ENV-005233,3.22,1.07,19.3,12.9,9.5,2.37,0,0,157.38,normal,centro,despejado,17,medio,bicicleta
ENV-005234,6.11,0.52,16.7,12.6,15.9,3.35,1,0,1178.38,express,residencial,despejado,14,alto,dron
ENV-005235,19.1,1.12,28.4,14.3,19.8,8.04,0,0,4091.64,express,periferia,lluvia,17,medio,moto
ENV-005236,12.11,1.77,31.4,19.1,19.4,11.63,0,0,29018.54,normal,residencial,lluvia,18,alto,moto
ENV-005237,10.51,4.24,40.5,26.0,22.9,24.11,0,0,263.16,normal,residencial,despejado,2,medio,moto
ENV-005238,24.9,2.21,40.7,24.5,14.4,14.36,1,0,171.76,express,periferia,despejado,18,alto,moto
ENV-005239,23.7,11.85,54.1,44.1,22.7,54.16,0,0,60.82,normal,periferia,despejado,18,alto,moto
ENV-005240,4.32,1.44,33.9,24.9,12.6,10.64,1,0,862.6,normal,centro,lluvia,16,bajo,bicicleta
ENV-005241,5.96,4.86,46.8,37.2,17.5,30.47,0,0,443.5,express,residencial,despejado,8,alto,bicicleta
ENV-005242,2.17,2.29,32.5,25.7,15.3,12.78,0,0,609.35,express,centro,despejado,11,alto,bicicleta
ENV-005243,2.7,2.3,31.2,13.6,16.2,6.87,1,0,512.71,normal,centro,despejado,6,bajo,bicicleta
ENV-005244,3.66,1.48,28.5,23.2,17.0,11.24,1,0,2288.03,normal,centro,despejado,20,bajo,bicicleta
ENV-005245,4.44,1.36,27.8,16.5,19.6,8.99,0,0,1192.54,normal,residencial,despejado,17,medio,bicicleta
ENV-005246,7.46,0.9,17.2,17.1,11.8,3.47,0,0,466.25,normal,residencial,despejado,21,bajo,moto
ENV-005247,10.92,13.55,43.6,24.7,39.9,42.97,0,1,3178.41,normal,residencial,despejado,13,medio,camioneta
ENV-005248,12.27,0.46,23.3,16.0,8.8,3.28,0,0,3983.8,express,periferia,despejado,16,bajo,camioneta
ENV-005249,3.18,5.34,50.5,25.4,21.5,27.58,0,0,507.43,normal,centro,despejado,11,bajo,bicicleta
ENV-005250,22.17,0.87,22.0,13.8,11.1,3.37,0,0,141.11,express,periferia,despejado,12,medio,moto
ENV-005251,24.06,1.71,25.2,15.9,14.9,5.97,0,0,3589.81,mismo_dia,periferia,lluvia,6,medio,moto
ENV-005252,3.14,1.09,32.1,21.3,9.9,6.77,0,0,4309.85,express,residencial,despejado,21,bajo,moto
ENV-005253,3.92,7.78,39.3,32.2,21.9,27.71,0,0,1570.76,mismo_dia,residencial,lluvia,9,alto,moto
ENV-005254,12.94,9.95,44.5,27.4,20.6,25.12,1,0,90.71,mismo_dia,residencial,viento_fuerte,11,medio,camioneta
ENV-005255,4.41,1.88,32.4,15.6,20.9,10.56,0,0,390.84,normal,centro,lluvia,5,bajo,moto
ENV-005256,21.32,0.7,16.8,18.9,13.9,4.41,0,0,1231.95,express,periferia,lluvia,9,alto,moto
ENV-005257,4.16,0.88,29.4,17.9,9.0,4.74,0,0,1029.6,express,centro,lluvia,11,alto,moto
ENV-005258,13.61,1.27,19.8,15.0,8.4,2.49,1,0,267.79,normal,periferia,lluvia,14,alto,moto
ENV-005259,3.42,0.96,24.3,13.5,12.1,3.97,0,0,905.83,normal,residencial,despejado,20,alto,bicicleta
ENV-005260,0.79,4.26,41.6,29.8,13.8,17.11,0,0,59037.71,normal,centro,despejado,13,medio,moto
ENV-005261,9.52,11.39,39.4,39.4,24.6,38.19,0,0,3522.95,normal,residencial,despejado,15,medio,moto
ENV-005262,0.59,0.59,17.2,11.4,5.5,1.08,0,0,375.46,mismo_dia,centro,despejado,13,medio,bicicleta
ENV-005263,9.27,0.57,21.8,14.2,14.6,4.52,0,0,1244.5,normal,periferia,despejado,12,alto,dron
ENV-005264,9.19,0.67,26.3,12.3,10.4,3.36,0,0,228.64,normal,periferia,lluvia,15,bajo,moto
ENV-005265,2.41,17.86,58.1,43.1,53.6,134.22,0,1,2959.9,express,centro,despejado,11,medio,camioneta
ENV-005266,8.33,69.8,92.7,64.7,49.7,298.09,0,0,1873.03,express,residencial,despejado,9,alto,camioneta
ENV-005267,14.55,0.81,21.2,18.9,9.9,3.97,1,0,556.3,mismo_dia,periferia,lluvia,9,alto,moto
ENV-005268,9.05,4.75,42.7,31.1,14.7,19.52,0,0,1136.91,express,residencial,despejado,11,medio,moto
ENV-005269,31.59,3.77,36.2,24.3,19.4,17.07,0,0,701.38,express,rural,despejado,7,alto,moto
ENV-005270,16.12,2.06,33.8,14.2,14.2,6.82,0,0,331.23,normal,periferia,despejado,8,medio,moto
ENV-005271,2.68,2.44,43.7,21.6,18.5,17.46,0,0,120.29,normal,centro,despejado,13,alto,bicicleta
ENV-005272,3.85,0.84,27.3,17.2,7.5,3.52,0,0,1942.47,normal,residencial,despejado,19,alto,bicicleta
ENV-005273,21.38,2.34,28.9,16.1,23.2,10.79,1,0,126.02,express,periferia,despejado,7,alto,moto
ENV-005274,4.68,2.02,25.1,17.6,13.0,5.74,0,0,400.7,mismo_dia,residencial,despejado,5,bajo,moto
ENV-005275,0.78,1.78,28.6,17.8,17.1,8.71,0,0,1009.95,normal,centro,despejado,15,medio,bicicleta
ENV-005276,3.12,3.73,21.1,14.1,26.4,7.85,0,0,403.75,normal,centro,despejado,12,medio,bicicleta
ENV-005277,20.36,3.66,32.8,28.7,21.0,19.77,0,0,103.49,mismo_dia,periferia,despejado,10,bajo,moto
ENV-005278,5.15,2.73,41.1,29.4,16.5,19.94,1,0,1745.01,normal,residencial,despejado,13,alto,bicicleta
ENV-005279,11.77,0.12,14.7,8.6,5.4,0.68,0,0,1812.03,mismo_dia,residencial,despejado,13,medio,dron
ENV-005280,2.52,0.98,33.2,16.0,13.1,6.96,0,0,127.5,express,centro,despejado,15,alto,bicicleta
ENV-005281,6.11,0.7,26.5,18.0,7.8,3.72,0,0,5831.68,express,residencial,lluvia,15,alto,moto
ENV-005282,6.26,75.02,114.8,54.9,62.3,392.65,1,0,1287.35,express,periferia,despejado,11,bajo,camioneta
ENV-005283,5.36,1.4,21.6,19.9,22.0,9.46,0,0,286.18,express,residencial,lluvia,7,medio,moto
ENV-005284,2.0,0.91,18.7,16.9,8.8,2.78,0,0,3860.93,normal,centro,despejado,13,alto,bicicleta
ENV-005285,1.15,1.7,33.7,26.6,13.5,12.1,0,0,134.37,express,centro,lluvia,8,alto,moto
ENV-005286,14.06,0.1,7.5,5.3,7.6,0.3,0,0,872.73,express,periferia,despejado,18,medio,dron
ENV-005287,9.23,2.89,47.0,24.4,18.8,21.56,0,0,737.65,normal,residencial,despejado,17,bajo,moto
ENV-005288,3.81,1.71,28.4,21.0,10.7,6.38,0,0,1118.07,normal,centro,despejado,4,bajo,moto
ENV-005289,7.54,3.64,48.5,28.2,19.8,27.08,0,0,1158.72,normal,residencial,despejado,17,bajo,moto
ENV-005290,1.77,1.2,32.5,20.0,14.5,9.43,1,0,130.35,normal,centro,viento_fuerte,18,alto,bicicleta
ENV-005291,3.72,6.57,43.1,38.2,27.6,45.44,1,0,1613.53,normal,centro,despejado,0,bajo,moto
ENV-005292,6.2,2.99,37.2,15.1,17.4,9.77,0,1,1613.25,normal,residencial,despejado,21,medio,camioneta
ENV-005293,3.68,0.77,18.6,14.7,14.3,3.91,0,0,1077.77,normal,centro,viento_fuerte,14,alto,bicicleta
ENV-005294,2.12,2.71,32.4,23.0,23.8,17.74,0,0,124.13,express,centro,despejado,19,bajo,bicicleta
ENV-005295,10.25,1.52,36.0,18.9,14.7,10.0,0,0,1726.2,mismo_dia,periferia,viento_fuerte,7,alto,moto
ENV-005296,5.78,1.69,30.6,18.1,16.5,9.14,0,0,658.15,express,residencial,despejado,19,alto,dron
ENV-005297,9.73,2.77,41.0,23.0,21.6,20.37,1,0,5807.03,express,residencial,despejado,10,bajo,moto
ENV-005298,16.16,3.14,25.2,18.1,32.9,15.01,0,0,1543.03,normal,rural,despejado,17,bajo,moto
ENV-005299,15.18,1.77,28.1,16.6,17.3,8.07,0,0,376.07,normal,periferia,despejado,11,medio,moto
ENV-005300,7.34,0.38,17.0,9.2,6.6,1.03,0,0,1367.76,express,residencial,lluvia,10,medio,moto
ENV-005301,44.77,0.88,23.9,18.8,14.4,6.47,0,0,7945.49,normal,rural,viento_fuerte,13,medio,camioneta
ENV-005302,7.15,33.69,67.8,46.9,27.0,85.86,1,0,2475.45,normal,residencial,despejado,7,alto,camioneta
ENV-005303,2.61,2.05,26.2,13.0,9.7,3.3,0,0,836.54,normal,centro,despejado,14,alto,bicicleta
ENV-005304,0.59,3.53,38.1,32.1,18.9,23.11,0,0,887.98,express,centro,despejado,19,alto,bicicleta
ENV-005305,2.4,1.8,31.1,23.9,18.6,13.83,1,0,1036.61,express,centro,despejado,17,alto,bicicleta
ENV-005306,4.91,11.26,45.3,42.4,46.5,89.31,0,0,52.59,express,residencial,lluvia,13,alto,moto
ENV-005307,2.05,48.65,88.2,85.5,48.1,362.73,0,1,825.73,normal,centro,lluvia,17,medio,camioneta
ENV-005308,16.23,58.7,79.9,40.7,57.1,185.69,0,0,5970.74,express,periferia,lluvia,9,medio,camioneta
ENV-005309,6.64,1.41,21.4,18.0,9.8,3.77,1,0,1335.75,normal,residencial,despejado,9,alto,bicicleta
ENV-005310,4.53,0.42,12.5,12.3,7.2,1.11,0,0,263.53,express,centro,despejado,3,medio,moto
ENV-005311,7.11,0.28,14.2,14.3,10.2,2.07,1,0,5879.44,mismo_dia,residencial,despejado,10,alto,dron
ENV-005312,6.7,2.78,28.9,21.3,13.2,8.13,0,0,892.03,normal,residencial,lluvia,12,bajo,bicicleta
ENV-005313,4.35,11.39,39.8,39.5,34.8,54.71,0,0,831.85,normal,residencial,despejado,13,alto,moto
ENV-005314,9.04,2.23,38.1,19.0,16.8,12.16,0,0,1198.09,express,residencial,despejado,12,alto,moto
ENV-005315,0.9,0.78,24.9,14.6,15.3,5.56,0,0,409.44,normal,centro,despejado,14,alto,bicicleta
ENV-005316,1.98,68.22,81.6,87.6,56.0,400.3,1,0,3613.81,mismo_dia,centro,despejado,8,alto,camioneta
ENV-005317,10.95,0.78,23.1,17.2,9.7,3.85,0,0,331.28,normal,periferia,despejado,10,bajo,moto
ENV-005318,17.91,2.58,42.4,31.7,14.5,19.49,0,0,170.9,express,periferia,lluvia,12,bajo,moto
ENV-005319,3.37,0.46,13.8,7.9,12.5,1.36,0,0,50,mismo_dia,centro,lluvia,4,bajo,moto
ENV-005320,7.02,1.27,24.5,24.6,14.7,8.86,0,0,480.34,express,residencial,despejado,16,alto,dron
ENV-005321,5.86,0.82,19.2,10.9,9.2,1.93,1,0,886.32,normal,residencial,despejado,16,bajo,bicicleta
ENV-005322,10.6,3.55,22.6,17.4,17.3,6.8,0,0,821.58,express,residencial,despejado,10,alto,moto
ENV-005323,8.95,3.7,31.1,21.8,42.8,29.02,1,0,462.41,mismo_dia,residencial,despejado,19,alto,moto
ENV-005324,21.18,3.96,29.9,34.3,24.7,25.33,0,0,1276.52,express,periferia,despejado,9,bajo,moto
ENV-005325,2.51,1.59,20.1,17.6,21.4,7.57,0,0,443.74,express,centro,despejado,8,medio,bicicleta
ENV-005326,4.11,0.75,23.9,14.8,7.5,2.65,0,0,1191.2,normal,centro,despejado,14,medio,bicicleta
ENV-005327,9.64,1.65,29.0,17.6,25.2,12.86,0,1,3242.09,normal,periferia,despejado,8,medio,camioneta
ENV-005328,2.25,1.84,32.7,14.0,14.9,6.82,1,0,4271.44,mismo_dia,residencial,lluvia,11,bajo,moto
ENV-005329,1.08,2.46,42.4,25.4,14.2,15.29,0,0,1506.51,normal,centro,despejado,7,medio,bicicleta
ENV-005330,10.07,9.84,46.4,29.1,24.4,32.95,0,0,3153.52,normal,residencial,despejado,19,alto,moto
ENV-005331,10.44,2.8,30.1,24.4,16.1,11.82,1,0,3417.35,normal,residencial,lluvia,16,bajo,moto
ENV-005332,7.9,9.16,56.4,26.1,23.3,34.3,0,0,1157.38,normal,residencial,despejado,8,alto,camioneta
ENV-005333,11.57,1.21,30.0,24.4,12.3,9.0,0,0,567.82,normal,periferia,despejado,16,medio,dron
ENV-005334,3.1,0.99,34.1,22.5,9.1,6.98,0,0,5511.33,express,centro,viento_fuerte,14,alto,bicicleta
ENV-005335,3.14,1.63,20.0,17.4,17.2,5.99,0,0,529.33,mismo_dia,centro,despejado,8,medio,bicicleta
ENV-005336,3.44,2.79,38.2,26.0,10.4,10.33,0,0,419.45,normal,centro,lluvia,21,medio,moto
ENV-005337,14.69,1.59,30.6,13.9,13.7,5.83,0,0,859.93,normal,periferia,despejado,7,alto,dron
ENV-005338,11.17,6.57,31.5,23.3,34.9,25.61,0,0,435.28,normal,periferia,despejado,9,alto,moto
ENV-005339,5.01,3.05,34.9,17.5,16.3,9.96,1,0,93.8,normal,residencial,lluvia,18,medio,bicicleta
ENV-005340,6.36,10.13,72.2,34.4,28.5,70.78,0,0,1981.78,normal,residencial,despejado,13,alto,moto
ENV-005341,8.37,45.05,67.9,58.9,52.9,211.56,0,0,2375.49,normal,residencial,despejado,7,medio,camioneta
ENV-005342,3.39,1.58,18.8,20.3,16.5,6.3,1,0,968.32,normal,centro,despejado,9,alto,bicicleta
ENV-005343,10.84,57.73,111.5,57.9,59.4,383.48,0,0,1669.53,normal,residencial,lluvia,13,alto,camioneta
ENV-005344,16.8,1.47,35.2,20.7,11.2,8.16,0,0,2649.22,normal,periferia,despejado,12,bajo,moto
ENV-005345,3.34,1.64,23.6,21.2,21.3,10.66,0,0,1274.81,normal,residencial,despejado,18,alto,bicicleta
ENV-005346,12.06,0.77,17.4,9.8,9.6,1.64,0,0,187.82,mismo_dia,residencial,despejado,8,medio,dron
ENV-005347,10.91,2.48,33.7,20.7,11.5,8.02,0,0,448.2,normal,residencial,despejado,16,bajo,dron
ENV-005348,1.97,2.96,27.5,23.2,12.8,8.17,1,0,1881.04,express,centro,despejado,1,bajo,bicicleta
ENV-005349,2.22,4.03,32.8,24.8,15.9,12.93,0,0,884.12,normal,centro,viento_fuerte,8,bajo,bicicleta
ENV-005350,10.34,4.11,34.8,18.5,27.3,17.58,0,0,206.11,normal,periferia,despejado,10,bajo,moto
ENV-005351,1.29,0.88,20.5,21.1,13.8,5.97,0,0,340.92,normal,centro,despejado,8,medio,bicicleta
ENV-005352,44.59,11.62,69.8,48.0,25.0,83.76,0,0,1344.07,express,rural,despejado,15,alto,camioneta
ENV-005353,9.7,0.94,31.2,21.4,8.6,5.74,1,0,4487.76,express,periferia,despejado,17,bajo,dron
ENV-005354,40.68,0.73,20.8,20.8,13.1,5.67,0,0,644.95,mismo_dia,rural,lluvia,10,bajo,camioneta
ENV-005355,2.23,4.6,44.0,25.9,17.9,20.4,0,0,90.85,normal,residencial,despejado,11,medio,bicicleta
ENV-005356,5.01,3.08,36.0,19.9,30.0,21.49,0,0,182.0,normal,centro,despejado,21,medio,moto
ENV-005357,5.04,1.91,34.4,24.4,10.5,8.81,0,0,876.04,express,centro,lluvia,12,medio,moto
ENV-005358,7.21,5.35,36.6,27.7,17.4,17.64,0,1,1747.79,express,residencial,despejado,18,alto,camioneta
ENV-005359,23.51,1.84,26.0,17.0,17.3,7.65,0,0,203.52,express,periferia,despejado,18,alto,moto
ENV-005360,1.77,5.82,48.0,29.5,32.8,46.44,0,0,89.21,express,centro,despejado,8,alto,moto
ENV-005361,1.84,13.19,62.9,33.9,37.1,79.11,0,0,1864.51,express,centro,viento_fuerte,1,medio,moto
ENV-005362,1.27,0.87,18.3,12.1,8.8,1.95,0,0,89.05,express,centro,despejado,1,bajo,moto
ENV-005363,4.55,3.3,23.1,15.0,14.5,5.02,0,0,4007.96,express,centro,despejado,19,alto,bicicleta
ENV-005364,7.63,2.03,23.3,22.2,16.2,8.38,0,0,117.94,normal,residencial,lluvia,10,alto,moto
ENV-005365,4.15,73.88,72.8,41.0,46.2,137.9,0,1,3569.46,mismo_dia,centro,despejado,19,alto,camioneta
ENV-005366,50.63,0.36,11.8,9.5,14.0,1.57,1,1,102.28,normal,rural,despejado,7,alto,camioneta
ENV-005367,15.8,3.61,49.3,24.8,22.9,28.0,0,0,190.57,normal,periferia,lluvia,14,alto,moto
ENV-005368,5.59,1.96,37.2,18.1,22.5,15.15,0,0,92.6,normal,residencial,despejado,10,bajo,bicicleta
ENV-005369,11.21,3.87,38.4,24.4,25.0,23.42,0,0,298.79,express,residencial,despejado,11,bajo,moto
ENV-005370,13.15,6.56,42.7,18.9,21.8,17.59,0,0,791.1,express,residencial,despejado,15,alto,moto
ENV-005371,22.35,6.54,41.8,23.9,32.0,31.97,0,0,404.02,express,periferia,despejado,20,medio,moto
ENV-005372,7.77,0.81,16.7,12.8,7.6,1.62,0,0,5532.84,mismo_dia,residencial,despejado,7,alto,dron
ENV-005373,4.51,9.84,53.1,26.5,28.6,40.24,1,0,3679.55,mismo_dia,centro,despejado,9,medio,moto
ENV-005374,21.2,3.59,22.3,17.6,27.9,10.95,0,0,2478.14,normal,periferia,lluvia,16,alto,moto
ENV-005375,8.97,3.6,45.5,25.0,22.5,25.59,1,0,106.78,normal,residencial,lluvia,6,bajo,moto
ENV-005376,1.18,0.43,15.6,13.4,16.1,3.37,0,0,54.59,express,centro,despejado,13,alto,bicicleta
ENV-005377,20.48,1.61,23.9,17.0,29.5,11.99,0,0,1015.08,express,periferia,lluvia,10,medio,moto
ENV-005378,11.69,1.12,26.8,12.3,11.0,3.63,0,0,1276.19,mismo_dia,residencial,despejado,6,alto,dron
ENV-005379,2.9,5.62,30.7,24.4,13.1,9.81,0,0,1263.6,normal,centro,viento_fuerte,19,alto,bicicleta
ENV-005380,10.15,4.09,34.5,27.9,16.7,16.07,0,0,1688.72,normal,residencial,despejado,13,alto,moto
ENV-005381,6.69,5.04,25.8,15.3,25.8,10.18,0,0,1578.66,normal,residencial,lluvia,15,alto,bicicleta
ENV-005382,2.46,1.17,28.0,14.8,16.0,6.63,0,0,3807.79,express,residencial,lluvia,12,medio,moto
ENV-005383,4.19,4.8,50.3,26.1,18.1,23.76,0,0,720.11,express,residencial,despejado,17,bajo,bicicleta
ENV-005384,3.12,2.94,31.7,14.9,11.8,5.57,0,0,516.73,normal,centro,despejado,15,alto,bicicleta
ENV-005385,9.17,3.3,39.7,22.2,12.5,11.02,0,0,1489.38,normal,periferia,lluvia,18,medio,moto
ENV-005386,12.6,0.56,14.6,12.4,13.8,2.5,0,0,975.58,normal,residencial,lluvia,8,alto,moto
ENV-005387,4.51,2.29,36.1,18.5,18.0,12.02,1,1,5702.15,normal,centro,despejado,14,alto,camioneta
ENV-005388,5.85,76.24,97.4,57.8,68.1,383.38,0,0,486.17,express,periferia,lluvia,18,alto,camioneta
ENV-005389,10.56,2.56,35.1,27.5,14.0,13.51,0,0,410.56,mismo_dia,residencial,despejado,9,medio,moto
ENV-005390,3.71,6.4,56.6,33.2,19.3,36.27,0,0,505.46,normal,residencial,viento_fuerte,4,medio,moto
ENV-005391,7.36,0.34,14.1,11.2,6.8,1.07,0,0,10723.36,express,residencial,despejado,12,bajo,dron
ENV-005392,10.05,2.15,22.1,22.1,13.8,6.74,0,0,133.5,normal,residencial,despejado,15,alto,dron
ENV-005393,7.29,2.1,25.6,24.3,15.7,9.77,0,0,245.6,mismo_dia,residencial,despejado,15,alto,dron
ENV-005394,10.43,45.61,48.9,51.1,44.1,110.2,0,0,670.41,normal,periferia,despejado,12,bajo,camioneta
ENV-005395,6.02,3.02,45.7,29.2,16.0,21.35,0,0,632.71,express,residencial,despejado,11,bajo,bicicleta
ENV-005396,11.87,1.13,21.9,19.8,12.0,5.2,0,0,179.83,normal,residencial,despejado,17,medio,camioneta
ENV-005397,12.62,3.82,25.1,16.7,17.6,7.38,0,0,1175.13,normal,residencial,despejado,7,medio,moto
ENV-005398,33.08,0.87,21.9,14.7,8.2,2.64,0,0,1667.05,mismo_dia,rural,lluvia,17,bajo,moto
ENV-005399,4.26,71.42,132.3,62.4,48.5,400.39,1,0,3920.16,normal,centro,despejado,7,alto,camioneta
ENV-005400,31.17,1.57,18.9,15.1,8.2,2.34,0,0,267.53,express,rural,viento_fuerte,8,medio,moto
ENV-005401,6.36,3.28,48.6,28.9,15.5,21.77,0,0,378.38,normal,residencial,viento_fuerte,3,medio,bicicleta
ENV-005402,13.21,4.06,21.2,20.9,18.9,8.37,0,0,466.84,express,periferia,viento_fuerte,18,alto,moto
ENV-005403,6.95,4.4,45.6,34.2,16.3,25.42,0,0,78.54,normal,residencial,lluvia,10,medio,bicicleta
ENV-005404,8.45,0.5,18.9,14.3,6.3,1.7,0,0,276.06,express,residencial,despejado,7,alto,dron
ENV-005405,7.3,0.63,18.0,16.4,12.8,3.78,0,0,1109.37,normal,residencial,lluvia,11,medio,moto
ENV-005406,2.63,3.2,30.0,19.9,22.7,13.55,0,0,935.49,mismo_dia,residencial,lluvia,13,medio,moto
ENV-005407,12.56,1.18,14.9,14.7,13.5,2.96,0,0,425.28,express,periferia,despejado,12,medio,dron
ENV-005408,1.61,1.86,23.9,15.3,20.0,7.31,0,0,3034.1,express,centro,despejado,18,alto,bicicleta
ENV-005409,7.44,12.94,49.7,38.5,25.6,48.98,1,0,763.72,mismo_dia,residencial,despejado,0,bajo,moto
ENV-005410,1.37,1.37,22.0,14.7,7.6,2.46,0,0,304.57,normal,centro,despejado,7,medio,bicicleta
ENV-005411,3.92,0.84,16.7,11.5,22.5,4.32,0,0,1075.82,normal,centro,viento_fuerte,14,alto,bicicleta
ENV-005412,40.5,14.45,81.7,47.8,26.8,104.66,0,0,6438.61,express,rural,despejado,17,bajo,camioneta
ENV-005413,7.35,1.83,36.2,25.3,11.7,10.72,0,0,209.04,mismo_dia,residencial,despejado,9,medio,dron
ENV-005414,4.7,77.17,96.9,69.3,59.5,399.55,0,0,1088.81,normal,residencial,lluvia,19,bajo,camioneta
ENV-005415,2.62,5.39,50.2,35.4,18.2,32.34,0,0,521.32,normal,centro,despejado,12,alto,bicicleta
ENV-005416,12.94,0.82,17.8,15.5,13.2,3.64,1,0,903.01,normal,periferia,despejado,17,medio,camioneta
ENV-005417,3.01,12.52,35.6,31.8,18.3,20.72,0,0,408.1,mismo_dia,residencial,viento_fuerte,9,alto,moto
ENV-005418,3.21,3.56,30.0,29.2,21.2,18.57,0,0,414.56,normal,centro,despejado,12,alto,bicicleta
ENV-005419,16.69,1.3,19.5,15.3,23.1,6.89,0,0,812.41,normal,periferia,despejado,13,medio,moto
ENV-005420,5.78,3.23,40.5,20.8,17.7,14.91,0,0,193.36,normal,residencial,despejado,9,alto,bicicleta
ENV-005421,2.11,0.2,10.4,6.5,10.9,0.74,1,0,427.34,normal,centro,despejado,12,bajo,bicicleta
ENV-005422,11.9,0.26,16.3,9.7,11.6,1.83,0,0,4407.26,express,residencial,lluvia,14,medio,moto
ENV-005423,11.07,5.2,49.2,35.4,16.8,29.26,0,0,1275.88,express,residencial,lluvia,12,bajo,camioneta
ENV-005424,3.53,0.79,14.5,15.5,13.2,2.97,1,0,3586.45,normal,centro,despejado,21,medio,bicicleta
ENV-005425,13.42,0.89,31.5,15.5,13.9,6.79,0,0,12169.58,mismo_dia,residencial,despejado,6,alto,dron
ENV-005426,23.85,1.79,37.2,20.9,11.4,8.86,0,0,1747.0,normal,rural,despejado,19,alto,moto
ENV-005427,5.67,2.59,32.6,17.8,18.3,10.62,1,1,424.06,normal,residencial,despejado,15,alto,camioneta
ENV-005428,28.66,2.45,39.8,22.5,16.9,15.13,0,0,686.42,express,rural,despejado,0,alto,moto
ENV-005429,3.18,0.72,22.1,13.2,11.3,3.3,0,1,288.26,normal,centro,despejado,15,alto,camioneta
ENV-005430,4.72,4.08,34.3,31.4,20.8,22.4,0,0,86.98,mismo_dia,centro,lluvia,13,alto,moto
ENV-005431,2.57,2.87,31.7,27.5,23.7,20.66,1,0,2331.12,express,residencial,despejado,9,medio,moto
ENV-005432,4.36,24.09,76.5,49.8,39.7,151.25,1,0,5213.63,mismo_dia,centro,despejado,16,bajo,camioneta
ENV-005433,1.55,1.34,30.2,15.6,12.3,5.79,0,0,190.52,mismo_dia,centro,despejado,19,alto,bicicleta
ENV-005434,36.86,2.1,19.7,11.5,13.9,3.15,0,0,416.5,normal,rural,despejado,13,medio,moto
ENV-005435,6.17,36.0,62.8,46.5,75.5,220.48,0,0,7970.18,mismo_dia,residencial,despejado,17,bajo,camioneta
ENV-005436,8.34,1.72,18.1,17.5,10.5,3.33,0,0,407.74,normal,residencial,despejado,12,bajo,dron
ENV-005437,3.19,4.68,39.1,25.1,29.4,28.85,1,0,719.94,express,centro,despejado,13,alto,bicicleta
ENV-005438,1.82,3.78,41.3,28.3,25.6,29.92,0,0,286.67,normal,centro,lluvia,6,bajo,moto
ENV-005439,1.92,2.56,33.6,24.1,18.0,14.58,0,0,404.22,normal,centro,lluvia,8,bajo,moto
ENV-005440,8.85,0.73,25.1,13.1,10.3,3.39,0,0,1632.56,normal,residencial,lluvia,10,bajo,moto
ENV-005441,5.01,0.95,34.7,23.1,9.0,7.21,0,0,89.3,normal,residencial,despejado,14,alto,bicicleta
ENV-005442,20.92,1.71,20.5,11.9,11.5,2.81,0,0,180.33,mismo_dia,rural,despejado,13,medio,moto
ENV-005443,19.17,1.98,27.8,18.4,18.9,9.67,0,0,2782.3,mismo_dia,periferia,lluvia,18,alto,moto
ENV-005444,6.5,1.82,19.9,14.6,17.8,5.17,0,0,3067.49,express,residencial,despejado,8,medio,bicicleta
ENV-005445,24.5,35.28,93.7,39.7,41.5,154.38,1,0,2070.04,normal,rural,despejado,6,medio,camioneta
ENV-005446,12.02,9.5,49.2,34.2,36.4,61.25,1,0,50,normal,periferia,despejado,16,bajo,moto
ENV-005447,36.49,0.16,12.4,7.8,4.9,0.47,1,0,65.41,normal,rural,lluvia,19,alto,moto
ENV-005448,1.39,0.64,29.4,13.7,10.9,4.39,0,0,2698.96,normal,centro,despejado,22,alto,moto
ENV-005449,2.6,0.7,30.1,20.1,8.4,5.08,0,0,1252.46,express,centro,lluvia,17,bajo,moto
ENV-005450,2.55,1.42,35.5,15.6,18.7,10.36,1,0,2385.09,normal,centro,viento_fuerte,9,alto,bicicleta
ENV-005451,2.72,0.54,17.0,8.4,6.1,0.87,0,0,13688.92,normal,residencial,despejado,14,alto,bicicleta
ENV-005452,56.14,1.19,15.2,13.1,17.6,3.5,0,0,2254.73,mismo_dia,rural,despejado,9,alto,camioneta
ENV-005453,10.13,1.61,19.3,20.1,14.7,5.7,0,1,827.79,mismo_dia,residencial,despejado,4,bajo,camioneta
ENV-005454,23.52,3.78,30.1,16.7,26.3,13.22,0,0,6590.7,normal,periferia,despejado,14,alto,moto
ENV-005455,7.72,1.99,42.1,29.4,12.8,15.84,0,0,1469.9,mismo_dia,residencial,despejado,8,medio,moto
ENV-005456,1.86,74.05,53.6,38.8,73.9,153.69,0,0,245.48,normal,centro,despejado,16,bajo,camioneta
ENV-005457,39.41,6.59,63.5,37.6,21.5,51.33,1,0,610.09,normal,rural,despejado,9,alto,moto
ENV-005458,10.73,2.09,35.8,21.0,21.3,16.01,0,0,925.78,normal,residencial,despejado,19,alto,moto
ENV-005459,1.85,1.14,30.2,17.1,10.7,5.53,0,0,3162.11,normal,centro,lluvia,16,medio,moto
ENV-005460,5.21,1.02,14.9,13.1,11.4,2.23,1,0,3374.8,normal,residencial,lluvia,11,alto,bicicleta
ENV-005461,2.89,1.81,22.0,15.5,10.3,3.51,0,0,2193.38,express,centro,despejado,10,alto,bicicleta
ENV-005462,57.09,1.82,34.3,26.2,13.5,12.13,0,0,2213.83,normal,rural,despejado,9,alto,camioneta
ENV-005463,3.74,3.32,39.9,25.8,17.4,17.91,0,0,5563.09,mismo_dia,residencial,despejado,14,medio,moto
ENV-005464,2.73,1.12,20.1,22.4,17.3,7.79,1,0,1183.46,normal,residencial,lluvia,14,alto,bicicleta
ENV-005465,1.35,1.91,29.6,19.8,11.9,6.97,0,0,3560.94,mismo_dia,centro,despejado,4,medio,moto
ENV-005466,47.64,2.24,19.8,14.1,18.7,5.22,0,0,273.79,normal,rural,despejado,3,bajo,camioneta
ENV-005467,9.96,3.72,37.2,25.5,24.9,23.62,1,1,527.03,normal,periferia,despejado,12,medio,camioneta
ENV-005468,1.91,3.13,23.9,19.6,18.6,8.71,1,0,4554.0,normal,centro,despejado,13,medio,bicicleta
ENV-005469,11.9,2.62,32.4,22.9,18.0,13.36,0,0,878.46,normal,residencial,viento_fuerte,9,alto,moto
ENV-005470,8.87,2.61,36.2,17.1,18.7,11.58,1,0,1933.16,normal,residencial,despejado,7,alto,moto
ENV-005471,8.21,1.75,22.8,18.4,10.3,4.32,0,0,576.67,express,residencial,despejado,18,alto,dron
ENV-005472,3.35,5.23,30.7,25.0,12.7,9.75,0,0,9781.04,normal,centro,despejado,2,medio,moto
ENV-005473,9.77,5.26,37.1,30.3,14.4,16.19,0,0,65.48,normal,residencial,lluvia,14,medio,moto
ENV-005474,2.08,2.28,20.1,11.2,17.5,3.94,0,0,963.74,express,centro,viento_fuerte,17,medio,bicicleta
ENV-005475,1.78,47.05,95.0,69.4,53.6,353.38,0,0,1381.43,express,centro,despejado,15,medio,camioneta
ENV-005476,14.04,5.05,45.1,20.7,27.6,25.77,0,0,373.07,express,periferia,viento_fuerte,9,alto,moto
ENV-005477,2.46,0.25,13.7,6.7,5.4,0.5,1,0,1860.06,mismo_dia,centro,despejado,12,bajo,bicicleta
ENV-005478,13.38,2.37,23.8,26.8,17.6,11.23,1,0,853.55,express,residencial,lluvia,21,bajo,moto
ENV-005479,22.54,1.99,34.2,28.3,16.0,15.49,0,0,2270.9,express,rural,lluvia,17,bajo,moto
ENV-005480,52.4,36.2,83.5,52.2,40.3,175.66,0,0,746.11,express,rural,despejado,5,medio,camioneta
ENV-005481,47.34,11.17,62.5,39.5,22.6,55.79,0,0,11566.68,normal,rural,despejado,19,medio,camioneta
ENV-005482,11.1,2.17,19.1,19.6,14.5,5.43,0,0,7108.72,normal,residencial,viento_fuerte,16,alto,moto
ENV-005483,10.88,1.42,16.8,12.4,15.0,3.12,0,0,399.66,normal,periferia,lluvia,17,bajo,moto
ENV-005484,7.88,3.37,29.0,16.0,24.4,11.32,0,0,911.78,mismo_dia,residencial,despejado,17,bajo,moto
ENV-005485,1.8,10.16,28.4,26.6,28.4,21.45,0,0,272.12,normal,centro,despejado,19,alto,moto
ENV-005486,15.17,1.56,16.9,12.9,13.7,2.99,0,0,3576.3,express,periferia,viento_fuerte,16,medio,moto
ENV-005487,9.92,0.56,17.6,13.4,7.7,1.82,0,0,680.97,normal,residencial,despejado,12,medio,dron
ENV-005488,3.34,0.66,16.1,11.3,19.0,3.46,1,0,1123.61,normal,residencial,despejado,8,bajo,bicicleta
ENV-005489,34.79,4.36,50.8,37.3,17.8,33.73,0,0,351.32,normal,rural,despejado,8,medio,moto
ENV-005490,25.0,2.32,27.9,25.9,23.4,16.91,0,0,3969.39,normal,rural,despejado,8,alto,moto
ENV-005491,10.72,0.37,15.0,9.3,9.1,1.27,0,0,1059.09,normal,periferia,despejado,8,alto,dron
ENV-005492,27.14,2.51,28.9,19.5,14.3,8.06,1,0,931.71,normal,periferia,despejado,8,alto,moto
ENV-005493,4.56,0.81,20.4,17.5,11.1,3.96,0,0,286.34,normal,residencial,despejado,8,medio,bicicleta
ENV-005494,9.24,0.35,18.9,7.7,8.0,1.16,0,0,322.94,normal,residencial,despejado,17,bajo,dron
ENV-005495,16.38,3.07,26.7,19.8,19.6,10.36,1,0,1694.0,express,periferia,lluvia,10,medio,moto
ENV-005496,3.76,1.81,33.5,18.3,13.2,8.09,0,0,448.63,normal,centro,despejado,16,alto,bicicleta
ENV-005497,24.5,1.82,36.4,16.3,18.4,10.92,1,0,568.59,normal,periferia,despejado,15,medio,moto
ENV-005498,2.78,7.12,45.2,26.2,35.9,42.51,0,0,3261.43,express,centro,despejado,5,medio,moto
ENV-005499,1.66,5.21,34.2,24.5,17.8,14.91,0,0,257.47,express,residencial,despejado,11,medio,bicicleta
ENV-005500,18.55,3.59,38.5,35.5,19.8,27.06,0,0,247.11,normal,periferia,despejado,7,alto,moto
ENV-005501,14.74,0.47,14.5,11.5,13.5,2.25,1,0,4115.16,normal,periferia,despejado,4,bajo,moto
ENV-005502,23.94,0.76,18.3,13.4,8.6,2.11,0,0,7417.32,express,periferia,despejado,14,bajo,moto
ENV-005503,50.98,3.23,27.5,19.8,31.9,17.37,1,0,3960.82,normal,rural,despejado,21,medio,camioneta
ENV-005504,12.96,4.36,30.4,24.4,15.9,11.79,0,1,1168.35,normal,periferia,despejado,20,alto,camioneta
ENV-005505,15.96,3.97,46.5,21.9,29.2,29.74,1,0,2601.5,express,periferia,despejado,18,medio,moto
ENV-005506,4.42,12.64,33.8,34.8,24.3,28.58,0,0,13296.16,express,centro,viento_fuerte,13,alto,moto
ENV-005507,2.95,4.58,43.1,29.9,18.1,23.33,1,0,321.14,normal,residencial,lluvia,9,medio,moto
ENV-005508,11.46,0.28,13.4,11.4,10.2,1.56,0,0,726.32,express,residencial,despejado,12,medio,dron
ENV-005509,0.54,1.9,26.8,19.5,9.5,4.96,0,0,618.56,normal,centro,lluvia,19,alto,moto
ENV-005510,26.34,6.5,61.0,25.5,30.6,47.6,0,0,1786.77,express,periferia,despejado,11,bajo,moto
ENV-005511,7.56,2.79,35.7,26.7,18.4,17.54,0,0,164.99,mismo_dia,residencial,despejado,10,bajo,moto
ENV-005512,15.14,3.42,25.2,28.4,19.8,14.17,0,0,847.12,normal,periferia,viento_fuerte,7,alto,moto
ENV-005513,10.16,3.04,30.5,17.4,21.5,11.41,0,0,232.87,normal,periferia,despejado,10,bajo,moto
ENV-005514,45.33,1.19,32.3,12.7,14.1,5.78,0,0,694.01,normal,rural,despejado,10,medio,camioneta
ENV-005515,1.7,0.44,20.5,11.6,12.3,2.92,0,0,50.8,normal,centro,despejado,18,alto,bicicleta
ENV-005516,3.33,3.35,38.8,26.8,11.6,12.06,1,0,2305.86,normal,centro,lluvia,3,bajo,moto
ENV-005517,4.48,0.63,15.6,15.2,13.8,3.27,0,0,982.13,normal,centro,lluvia,19,medio,moto
ENV-005518,9.42,0.32,19.0,13.0,7.1,1.75,1,0,121.75,express,residencial,viento_fuerte,14,medio,moto
ENV-005519,16.83,2.06,31.5,21.5,9.7,6.57,0,0,1173.87,mismo_dia,periferia,despejado,8,bajo,moto
ENV-005520,3.0,4.83,51.5,29.9,15.5,23.87,0,0,2996.62,normal,residencial,despejado,9,alto,bicicleta
ENV-005521,2.99,0.47,20.1,10.1,11.4,2.31,0,0,117.19,normal,centro,lluvia,7,alto,moto
ENV-005522,0.34,2.31,24.9,12.7,18.4,5.82,0,0,1540.27,normal,centro,lluvia,5,medio,moto
ENV-005523,18.34,43.95,86.2,72.8,36.4,228.42,0,0,3760.37,normal,periferia,despejado,18,alto,camioneta
ENV-005524,7.15,4.86,44.6,21.9,19.3,18.85,0,0,1667.98,normal,residencial,despejado,16,medio,moto
ENV-005525,3.77,14.06,47.1,46.7,39.1,86.0,0,0,397.4,normal,residencial,despejado,9,alto,moto
ENV-005526,6.89,2.35,39.1,26.4,10.8,11.15,0,0,871.66,normal,residencial,despejado,12,bajo,bicicleta
ENV-005527,5.48,0.82,28.4,17.0,11.2,5.41,1,0,2216.73,normal,residencial,despejado,12,alto,dron
ENV-005528,3.96,12.89,58.6,36.5,48.3,103.31,0,0,287.61,normal,centro,viento_fuerte,16,bajo,camioneta
ENV-005529,8.53,1.43,21.9,10.4,12.2,2.78,1,1,3250.9,express,residencial,lluvia,18,medio,camioneta
ENV-005530,1.6,4.29,33.6,21.8,30.1,22.05,0,0,3649.98,mismo_dia,centro,lluvia,19,medio,moto
ENV-005531,13.42,5.85,38.6,37.4,28.2,40.71,0,0,203.3,normal,residencial,despejado,20,alto,moto
ENV-005532,3.18,2.22,23.9,17.3,27.9,11.54,0,0,940.5,express,centro,despejado,12,bajo,bicicleta
ENV-005533,4.76,6.44,59.5,26.0,26.5,41.0,0,0,160.38,express,centro,lluvia,9,alto,moto
ENV-005534,2.73,1.89,20.5,17.7,17.1,6.2,0,0,282.37,express,centro,despejado,10,medio,bicicleta
ENV-005535,5.58,1.16,30.4,18.7,9.3,5.29,0,0,2859.56,normal,residencial,despejado,23,alto,moto
ENV-005536,16.47,8.45,32.4,19.8,23.5,15.08,0,0,2440.48,normal,periferia,despejado,7,alto,moto
ENV-005537,7.09,2.41,42.3,26.5,16.4,18.38,0,0,5656.05,normal,residencial,despejado,19,alto,moto
ENV-005538,3.69,11.79,44.7,42.7,36.0,68.71,0,0,196.24,normal,residencial,despejado,19,alto,moto
ENV-005539,4.65,3.09,25.2,20.3,15.2,7.78,0,0,203.17,express,centro,despejado,13,alto,bicicleta
ENV-005540,3.44,67.76,75.9,71.6,63.9,347.26,0,0,1620.71,normal,centro,lluvia,12,medio,camioneta
ENV-005541,4.75,2.36,29.4,26.1,17.6,13.51,0,0,867.09,normal,residencial,lluvia,21,medio,moto
ENV-005542,9.26,6.13,38.0,23.1,18.0,15.8,0,1,1030.92,normal,residencial,viento_fuerte,18,alto,camioneta
ENV-005543,2.36,40.5,69.9,48.9,86.3,294.98,0,0,190.22,normal,centro,despejado,16,medio,camioneta
ENV-005544,3.04,0.8,29.6,21.1,10.1,6.31,0,0,105.94,normal,centro,despejado,18,medio,bicicleta
ENV-005545,1.93,0.81,24.1,14.2,9.3,3.18,0,0,2564.03,normal,centro,despejado,12,bajo,bicicleta
ENV-005546,4.54,1.24,24.2,17.3,14.0,5.86,0,0,897.44,express,residencial,despejado,20,alto,bicicleta
ENV-005547,36.11,1.54,32.0,15.3,12.1,5.92,0,0,2572.26,normal,rural,lluvia,15,bajo,moto
ENV-005548,6.21,3.1,30.6,26.7,17.3,14.13,0,0,5731.66,express,residencial,despejado,5,alto,moto
ENV-005549,30.08,1.74,34.3,20.7,16.4,11.64,0,1,216.55,express,rural,despejado,11,bajo,camioneta
ENV-005550,14.2,0.6,18.9,11.0,6.0,1.25,0,0,457.76,normal,periferia,despejado,11,bajo,dron
ENV-005551,3.38,0.4,22.4,10.2,9.7,2.22,0,0,118.85,normal,centro,despejado,19,alto,bicicleta
ENV-005552,11.79,2.91,23.5,16.2,21.5,8.19,1,0,147.08,express,residencial,lluvia,11,bajo,moto
ENV-005553,8.86,1.51,28.9,19.8,10.5,6.01,0,0,338.27,express,residencial,despejado,12,alto,dron
ENV-005554,7.62,4.14,47.9,27.4,17.2,22.57,0,0,235.09,express,residencial,despejado,8,medio,moto
ENV-005555,16.85,3.11,30.5,21.0,22.6,14.48,0,0,1646.62,normal,periferia,despejado,6,bajo,moto
ENV-005556,10.61,0.94,28.0,14.9,11.4,4.76,0,0,980.3,normal,residencial,despejado,13,medio,dron
ENV-005557,17.59,5.18,40.4,33.2,21.7,29.11,0,0,1829.75,express,periferia,despejado,8,medio,moto
ENV-005558,2.97,6.91,39.0,38.9,36.5,55.37,0,0,869.74,express,centro,despejado,17,medio,moto
ENV-005559,17.25,1.67,26.1,13.3,19.3,6.7,0,0,66.08,normal,periferia,despejado,15,alto,moto
ENV-005560,5.89,0.35,17.2,11.7,9.0,1.81,0,0,372.68,normal,residencial,despejado,8,alto,bicicleta
ENV-005561,19.27,2.13,36.6,25.1,13.9,12.77,0,0,411.15,express,periferia,despejado,16,bajo,moto
ENV-005562,10.59,68.01,124.1,71.8,42.5,378.69,1,0,3473.09,normal,residencial,despejado,21,bajo,camioneta
ENV-005563,4.13,0.82,25.9,14.7,13.0,4.95,0,0,507.88,normal,centro,despejado,10,bajo,camioneta
ENV-005564,3.03,0.29,16.8,8.9,8.0,1.2,0,0,3485.8,normal,centro,lluvia,16,bajo,bicicleta
ENV-005565,3.79,2.19,28.6,17.0,29.3,14.25,0,0,1626.52,mismo_dia,centro,despejado,9,medio,moto
ENV-005566,2.59,0.56,16.2,11.1,5.9,1.06,0,0,247.16,mismo_dia,centro,despejado,18,medio,moto
ENV-005567,3.82,1.2,27.2,14.8,20.1,8.09,0,0,526.95,mismo_dia,centro,despejado,13,medio,moto
ENV-005568,23.86,9.43,72.8,38.1,24.8,68.79,0,0,666.9,normal,periferia,despejado,12,bajo,moto
ENV-005569,2.28,2.79,33.7,21.9,26.2,19.34,0,0,177.89,express,centro,despejado,9,medio,bicicleta
ENV-005570,2.93,1.68,22.7,17.4,20.3,8.02,0,0,333.29,mismo_dia,centro,despejado,11,medio,bicicleta
ENV-005571,1.88,26.56,75.7,62.9,32.7,155.7,0,0,784.78,normal,centro,despejado,18,alto,camioneta
ENV-005572,42.9,31.73,48.8,41.6,39.2,79.58,0,0,2986.98,express,rural,lluvia,1,bajo,camioneta
ENV-005573,3.62,5.08,39.0,32.1,20.3,25.41,0,0,260.05,normal,residencial,despejado,16,bajo,bicicleta
ENV-005574,4.14,1.77,32.6,21.8,8.6,6.11,0,0,750.51,express,centro,despejado,10,bajo,bicicleta
ENV-005575,7.33,3.77,39.5,26.7,24.4,25.73,0,0,144.58,express,residencial,despejado,20,alto,moto
ENV-005576,4.18,2.21,32.1,20.0,9.8,6.29,0,0,50,normal,centro,despejado,15,alto,bicicleta
ENV-005577,1.2,3.23,33.7,26.1,14.5,12.75,0,0,173.43,express,centro,lluvia,18,medio,moto
ENV-005578,5.19,1.47,36.5,24.6,11.8,10.6,0,0,260.16,express,residencial,despejado,7,medio,bicicleta
ENV-005579,2.18,2.38,36.2,19.2,24.4,16.96,0,0,1983.64,express,centro,despejado,19,alto,bicicleta
ENV-005580,6.19,7.38,43.2,32.1,17.6,24.41,0,0,2661.46,normal,residencial,lluvia,21,bajo,moto
ENV-005581,2.24,48.91,66.5,68.7,53.5,244.42,0,0,863.67,normal,residencial,despejado,15,medio,camioneta
ENV-005582,22.45,22.6,60.1,53.1,40.0,127.65,1,0,409.07,normal,periferia,despejado,13,medio,camioneta
ENV-005583,18.66,3.94,45.6,18.3,19.8,16.52,0,0,1353.87,normal,periferia,despejado,16,medio,moto
ENV-005584,1.71,0.89,17.9,9.5,12.9,2.19,0,0,147.59,normal,centro,despejado,19,alto,bicicleta
ENV-005585,12.74,0.91,14.6,15.5,13.0,2.94,0,0,1219.68,express,periferia,despejado,9,alto,dron
ENV-005586,6.98,3.43,28.9,30.7,25.8,22.89,0,0,8382.95,express,residencial,despejado,21,bajo,moto
ENV-005587,18.82,0.53,24.9,17.0,7.6,3.22,0,0,156.62,express,periferia,despejado,0,bajo,moto
ENV-005588,3.13,3.98,45.9,21.4,23.6,23.18,0,0,3938.32,express,centro,despejado,13,medio,bicicleta
ENV-005589,4.52,6.09,37.5,28.8,31.2,33.7,0,0,722.4,express,centro,despejado,14,alto,bicicleta
ENV-005590,13.0,1.3,22.1,15.6,25.7,8.86,0,0,310.02,normal,residencial,viento_fuerte,21,medio,moto
ENV-005591,8.61,0.58,14.4,16.0,12.9,2.97,0,0,744.47,express,residencial,lluvia,17,medio,moto
ENV-005592,16.92,1.4,17.1,10.4,17.8,3.17,1,0,877.75,mismo_dia,periferia,despejado,18,alto,moto
ENV-005593,10.42,5.2,33.6,22.4,40.5,30.48,0,0,1355.23,normal,residencial,despejado,6,bajo,moto
ENV-005594,1.95,24.45,64.1,27.0,27.8,48.11,1,0,129.18,normal,residencial,lluvia,12,bajo,camioneta
ENV-005595,9.74,0.97,23.6,15.4,21.0,7.63,0,1,109.56,normal,residencial,despejado,11,alto,camioneta
ENV-005596,5.73,0.97,23.8,11.0,14.5,3.8,0,0,51.86,express,residencial,despejado,14,alto,dron
ENV-005597,13.3,11.02,43.5,30.8,21.9,29.34,0,0,5935.17,express,residencial,lluvia,11,medio,moto
ENV-005598,6.88,44.52,116.5,65.3,46.3,352.22,0,0,401.61,express,residencial,despejado,11,bajo,camioneta
ENV-005599,2.88,79.42,80.5,54.7,80.9,356.23,0,0,3244.23,normal,residencial,despejado,17,bajo,camioneta
ENV-005600,5.26,2.97,45.8,26.2,17.7,21.24,0,0,1839.66,express,residencial,despejado,19,medio,bicicleta
ENV-005601,14.46,1.42,19.6,16.7,12.4,4.06,1,0,9850.58,mismo_dia,periferia,despejado,17,alto,dron
ENV-005602,2.72,0.86,13.8,13.4,11.0,2.03,0,0,565.07,normal,centro,lluvia,5,alto,moto
ENV-005603,7.28,1.59,28.0,22.2,15.9,9.88,0,0,561.5,mismo_dia,residencial,despejado,18,alto,dron
ENV-005604,12.3,1.95,24.8,12.9,15.7,5.02,0,0,334.76,normal,periferia,despejado,14,alto,dron
ENV-005605,34.82,2.69,44.9,28.2,15.3,19.37,0,0,447.78,normal,rural,lluvia,13,alto,moto
ENV-005606,7.22,6.62,40.3,32.7,23.6,31.1,0,0,1379.14,express,residencial,despejado,8,alto,moto
ENV-005607,31.65,1.52,31.1,20.2,8.6,5.4,0,0,587.06,mismo_dia,rural,viento_fuerte,22,bajo,moto
ENV-005608,5.51,59.13,93.0,58.3,26.2,142.05,1,0,2277.66,mismo_dia,residencial,despejado,6,medio,camioneta
ENV-005609,1.92,0.87,22.3,21.2,12.9,6.1,0,0,216.42,express,centro,despejado,11,medio,bicicleta
ENV-005610,2.3,1.31,31.9,20.7,14.7,9.71,1,0,492.85,express,centro,despejado,15,medio,bicicleta
ENV-005611,2.46,2.61,30.3,19.6,22.7,13.48,0,0,457.49,normal,centro,despejado,12,medio,bicicleta
ENV-005612,17.52,2.74,33.7,19.6,21.6,14.27,0,0,370.86,normal,periferia,despejado,15,alto,moto
ENV-005613,3.05,5.02,35.0,23.8,29.9,24.91,0,0,196.6,mismo_dia,centro,despejado,7,medio,bicicleta
ENV-005614,17.9,3.96,38.4,23.4,22.5,20.22,0,0,650.85,normal,periferia,despejado,10,bajo,moto
ENV-005615,17.12,4.03,42.5,19.7,24.3,20.35,0,0,279.07,normal,periferia,despejado,13,alto,moto
ENV-005616,1.95,6.16,54.4,36.1,21.2,41.63,0,0,50,normal,centro,despejado,16,alto,moto
ENV-005617,6.32,1.31,33.4,15.8,17.2,9.08,0,0,1522.75,express,residencial,viento_fuerte,7,bajo,bicicleta
ENV-005618,28.4,4.61,43.8,34.7,19.1,29.03,1,0,793.51,normal,periferia,despejado,7,alto,moto
ENV-005619,5.57,1.63,18.8,17.0,18.8,6.01,0,0,642.69,normal,residencial,lluvia,20,alto,moto
ENV-005620,1.69,4.79,45.3,33.0,25.4,37.97,0,0,5434.79,normal,residencial,despejado,7,medio,bicicleta
ENV-005621,5.09,0.74,22.7,10.7,9.1,2.21,1,0,374.83,normal,residencial,despejado,18,alto,bicicleta
ENV-005622,2.1,1.12,30.2,14.0,16.6,7.02,0,0,483.59,express,centro,despejado,11,alto,bicicleta
ENV-005623,3.16,0.9,13.6,14.0,11.8,2.25,0,0,438.7,normal,centro,despejado,7,alto,bicicleta
ENV-005624,5.03,1.24,29.7,23.7,14.0,9.85,0,0,881.53,express,residencial,despejado,8,alto,bicicleta
ENV-005625,15.79,1.79,31.2,15.8,15.7,7.74,0,0,1297.5,normal,periferia,despejado,10,medio,moto
ENV-005626,8.94,75.18,58.4,62.7,43.3,158.55,1,0,848.24,mismo_dia,residencial,viento_fuerte,17,bajo,camioneta
ENV-005627,2.92,0.47,17.8,12.6,9.2,2.06,0,0,687.44,normal,residencial,despejado,19,alto,bicicleta
ENV-005628,2.84,2.58,44.0,20.0,21.9,19.27,0,0,928.62,normal,centro,despejado,19,alto,bicicleta
ENV-005629,5.22,0.37,10.9,6.1,8.3,0.55,0,0,395.46,normal,residencial,despejado,11,bajo,bicicleta
ENV-005630,3.46,0.63,26.0,17.6,7.2,3.29,0,0,119.63,mismo_dia,residencial,viento_fuerte,13,bajo,moto
ENV-005631,11.08,0.98,17.4,12.5,13.5,2.94,0,0,862.32,normal,periferia,despejado,18,alto,dron
ENV-005632,10.39,5.09,33.3,29.5,35.1,34.48,0,0,908.45,normal,residencial,despejado,10,medio,moto
ENV-005633,1.51,1.12,29.9,17.3,16.0,8.28,0,0,994.4,normal,centro,despejado,8,alto,bicicleta
ENV-005634,6.35,3.94,27.8,23.5,19.5,12.74,1,0,1308.11,normal,residencial,despejado,11,medio,bicicleta
ENV-005635,7.44,28.28,53.4,30.2,36.9,59.51,1,0,631.05,mismo_dia,residencial,despejado,12,alto,camioneta
ENV-005636,5.67,1.88,24.0,15.4,11.1,4.1,0,0,767.45,normal,residencial,despejado,13,medio,bicicleta
ENV-005637,12.34,3.97,39.4,28.5,24.2,27.17,0,0,3292.81,express,residencial,lluvia,7,alto,moto
ENV-005638,9.47,1.87,33.0,25.8,11.8,10.05,0,0,205.3,express,residencial,despejado,6,medio,dron
ENV-005639,4.18,0.85,21.6,15.6,9.2,3.1,1,0,108.01,express,residencial,despejado,11,alto,dron
ENV-005640,23.79,13.36,49.1,35.8,18.5,32.52,0,0,702.37,normal,periferia,viento_fuerte,14,medio,moto
ENV-005641,34.94,0.63,27.7,17.9,9.4,4.66,0,0,2492.45,normal,rural,despejado,11,bajo,moto
ENV-005642,12.85,22.44,75.6,52.8,39.5,157.67,0,0,492.38,express,periferia,despejado,18,medio,camioneta
ENV-005643,30.6,23.76,64.8,40.8,24.5,64.77,0,0,321.19,express,rural,lluvia,16,medio,moto
ENV-005644,54.06,6.1,40.0,24.9,26.7,26.59,0,0,189.97,mismo_dia,rural,despejado,13,alto,camioneta
ENV-005645,3.65,5.18,41.2,38.0,26.3,41.18,0,0,121.92,express,centro,despejado,8,medio,moto
ENV-005646,1.28,9.72,60.9,41.7,29.7,75.42,0,0,1378.08,express,centro,despejado,11,medio,moto
ENV-005647,7.55,0.83,22.1,15.0,18.4,6.1,0,0,687.84,normal,residencial,despejado,11,medio,dron
ENV-005648,28.12,4.06,27.8,30.7,23.0,19.63,0,0,1218.43,normal,rural,despejado,11,bajo,moto
ENV-005649,6.89,0.91,26.4,15.1,15.5,6.18,0,0,860.36,express,periferia,despejado,5,bajo,moto
ENV-005650,4.99,2.8,36.2,22.4,17.5,14.19,0,0,739.88,normal,residencial,despejado,4,bajo,moto
ENV-005651,2.64,1.72,40.1,18.5,16.4,12.17,0,0,1198.88,normal,centro,despejado,8,bajo,bicicleta
ENV-005652,1.98,1.97,32.8,18.7,16.2,9.94,0,0,1170.27,normal,centro,lluvia,12,medio,moto
ENV-005653,6.34,28.22,39.3,29.3,50.6,58.27,0,0,2136.19,express,residencial,despejado,3,medio,camioneta
ENV-005654,7.96,6.77,43.3,24.2,29.0,30.39,0,0,826.45,normal,residencial,despejado,7,medio,moto
ENV-005655,11.16,1.38,25.3,13.8,14.5,5.06,0,0,7183.84,normal,residencial,lluvia,7,alto,moto
ENV-005656,1.52,5.08,60.3,36.3,17.7,38.74,1,0,522.85,normal,centro,despejado,18,alto,bicicleta
ENV-005657,2.64,0.41,14.1,13.4,9.3,1.76,1,0,880.56,normal,centro,lluvia,17,medio,moto
ENV-005658,13.35,0.97,24.8,14.9,8.4,3.1,0,0,1260.32,normal,periferia,despejado,10,alto,dron
ENV-005659,19.39,0.9,26.7,17.2,7.2,3.31,1,0,1886.8,normal,periferia,despejado,17,bajo,moto
ENV-005660,16.54,2.31,32.1,25.2,20.1,16.26,0,0,812.53,normal,periferia,despejado,8,medio,moto
ENV-005661,6.43,6.73,61.9,37.5,20.2,46.89,0,1,2520.4,normal,residencial,despejado,15,alto,camioneta
ENV-005662,3.4,6.59,40.3,37.2,32.5,48.72,0,0,1337.03,normal,residencial,despejado,9,alto,moto
ENV-005663,7.09,6.41,37.3,24.8,38.9,35.98,0,1,559.88,normal,residencial,lluvia,9,alto,camioneta
ENV-005664,3.96,2.41,32.7,28.2,18.4,16.97,0,0,195.87,normal,residencial,lluvia,18,medio,moto
ENV-005665,5.24,3.16,31.1,23.3,11.7,8.48,1,0,1041.82,express,residencial,lluvia,6,bajo,moto
ENV-005666,6.78,3.31,49.3,33.2,14.8,24.22,1,0,812.57,mismo_dia,residencial,despejado,11,medio,bicicleta
ENV-005667,32.98,0.86,19.1,10.3,16.2,3.19,0,0,769.15,normal,rural,despejado,17,medio,camioneta
ENV-005668,24.76,1.84,21.7,18.0,12.3,4.8,1,0,1781.77,normal,periferia,despejado,13,alto,moto
ENV-005669,8.28,2.71,33.9,18.1,23.2,14.24,0,0,524.77,express,periferia,despejado,11,bajo,moto
ENV-005670,21.74,5.74,45.5,20.3,20.0,18.47,1,0,4095.67,express,periferia,despejado,20,medio,moto
ENV-005671,5.28,1.02,26.8,17.3,12.6,5.84,0,0,533.29,express,residencial,despejado,12,bajo,bicicleta
ENV-005672,6.77,2.9,29.5,18.6,31.0,17.01,0,0,24331.74,mismo_dia,periferia,despejado,8,alto,moto
ENV-005673,9.46,1.72,23.0,17.7,27.7,11.28,0,0,569.8,normal,residencial,despejado,11,medio,dron
ENV-005674,6.58,1.31,16.6,15.1,12.9,3.23,0,0,1522.3,express,residencial,despejado,15,alto,dron
ENV-005675,8.41,1.4,23.5,18.5,15.2,6.61,0,0,440.49,normal,residencial,lluvia,15,alto,moto
ENV-005676,28.79,3.79,38.3,27.7,27.7,29.39,0,0,660.95,normal,rural,despejado,11,bajo,moto
ENV-005677,13.77,2.56,20.6,16.4,17.8,6.01,0,0,50,normal,periferia,lluvia,17,bajo,moto
ENV-005678,10.79,22.11,46.1,45.2,28.7,59.8,1,0,6930.29,mismo_dia,residencial,despejado,18,alto,moto
ENV-005679,3.84,4.31,57.5,33.3,18.0,34.47,0,0,583.48,mismo_dia,centro,despejado,9,bajo,bicicleta
ENV-005680,1.68,2.44,25.1,15.5,17.7,6.89,1,0,430.45,express,centro,despejado,9,alto,bicicleta
ENV-005681,2.24,1.58,17.3,15.7,13.8,3.75,0,0,7667.57,express,centro,viento_fuerte,13,alto,bicicleta
ENV-005682,32.95,1.09,19.2,16.9,16.2,5.26,0,0,421.25,normal,rural,viento_fuerte,16,bajo,moto
ENV-005683,4.45,1.97,20.6,18.0,9.7,3.6,0,0,5022.71,express,residencial,despejado,7,bajo,bicicleta
ENV-005684,4.45,7.52,52.0,21.9,23.9,27.22,1,0,138.96,mismo_dia,residencial,despejado,13,medio,bicicleta
ENV-005685,1.54,0.73,13.8,9.8,18.9,2.56,0,0,731.23,normal,centro,despejado,15,alto,bicicleta
ENV-005686,19.77,0.62,19.8,13.2,6.1,1.59,0,0,970.39,express,periferia,lluvia,17,medio,moto
ENV-005687,21.44,0.96,30.7,15.0,11.9,5.48,0,0,365.61,express,rural,despejado,19,alto,moto
ENV-005688,26.19,1.72,25.4,16.1,27.7,11.33,0,0,1684.47,normal,periferia,lluvia,10,bajo,moto
ENV-005689,5.34,5.74,44.2,34.5,29.8,45.44,0,0,588.86,normal,residencial,lluvia,19,alto,moto
ENV-005690,10.69,6.21,32.8,28.4,18.5,17.23,0,0,450.74,normal,residencial,despejado,8,alto,moto
ENV-005691,9.69,37.13,74.0,46.4,56.1,192.62,0,0,1503.67,normal,residencial,despejado,8,medio,camioneta
ENV-005692,1.45,0.38,16.0,10.3,15.8,2.6,0,0,189.93,normal,centro,despejado,13,alto,bicicleta
ENV-005693,11.78,4.34,31.7,27.4,15.5,13.46,0,1,1971.91,normal,residencial,despejado,20,alto,camioneta
ENV-005694,14.17,4.96,33.5,17.6,23.8,14.03,0,0,361.69,express,periferia,despejado,11,bajo,moto
ENV-005695,1.97,1.69,40.6,20.6,14.2,11.88,0,0,405.09,normal,centro,despejado,16,alto,bicicleta
ENV-005696,8.48,11.11,75.6,32.5,33.3,81.82,1,0,2096.46,normal,residencial,despejado,14,bajo,moto
ENV-005697,2.56,0.28,16.6,9.7,6.9,1.11,0,0,3763.74,normal,centro,despejado,15,alto,bicicleta
ENV-005698,39.15,0.86,22.7,18.9,12.3,5.28,0,1,1264.15,express,rural,despejado,8,alto,camioneta
ENV-005699,6.17,2.35,26.8,21.0,11.2,6.3,1,0,1548.47,express,residencial,despejado,19,alto,dron
ENV-005700,5.52,4.2,45.1,30.6,14.5,20.01,0,0,809.16,mismo_dia,centro,despejado,16,alto,moto
ENV-005701,19.97,2.73,31.0,27.8,16.4,14.13,1,0,6637.66,normal,periferia,despejado,13,medio,moto
ENV-005702,12.26,6.84,36.7,30.0,32.4,35.67,0,0,201.92,normal,residencial,despejado,13,alto,moto
ENV-005703,4.73,1.55,19.8,15.3,24.3,7.36,0,0,172.61,normal,residencial,despejado,16,medio,bicicleta
ENV-005704,10.45,15.74,88.0,36.7,36.5,117.88,0,0,1071.35,normal,periferia,despejado,18,alto,camioneta
ENV-005705,2.62,1.77,30.2,24.1,11.7,8.52,0,1,201.39,express,centro,lluvia,15,alto,camioneta
ENV-005706,7.55,49.93,72.8,49.4,82.3,295.98,0,0,1133.4,express,periferia,viento_fuerte,17,medio,camioneta
ENV-005707,7.89,8.41,41.6,38.2,40.2,63.88,1,0,329.42,mismo_dia,residencial,despejado,14,alto,moto
ENV-005708,16.17,1.36,29.8,24.6,14.8,10.85,0,0,875.99,normal,periferia,despejado,14,bajo,moto
ENV-005709,3.14,5.54,57.3,41.1,18.7,44.04,1,0,324.46,normal,centro,lluvia,9,alto,moto
ENV-005710,3.84,4.98,37.4,30.6,24.7,28.27,0,0,770.81,express,residencial,despejado,18,medio,bicicleta
ENV-005711,8.36,0.58,14.8,7.8,9.0,1.04,0,0,152.13,normal,residencial,despejado,8,medio,dron
ENV-005712,25.37,1.72,22.6,19.7,10.3,4.59,1,0,326.41,express,rural,despejado,0,medio,moto
ENV-005713,3.3,6.21,28.6,23.5,26.5,17.81,0,0,1573.78,express,centro,despejado,9,alto,bicicleta
ENV-005714,24.29,1.64,37.8,22.3,14.6,12.31,0,0,1348.94,express,periferia,despejado,10,bajo,moto
ENV-005715,15.38,2.96,27.7,19.5,32.2,17.39,0,0,1271.61,mismo_dia,periferia,lluvia,8,medio,moto
ENV-005716,32.8,2.29,42.7,18.7,17.0,13.57,0,0,4385.77,express,rural,viento_fuerte,12,bajo,moto
ENV-005717,3.31,0.63,19.0,11.8,12.1,2.71,0,0,496.68,normal,centro,despejado,14,bajo,bicicleta
ENV-005718,2.34,78.91,82.6,47.6,59.8,235.12,0,0,300.33,normal,centro,lluvia,15,alto,camioneta
ENV-005719,34.89,1.27,29.9,24.1,12.1,8.72,0,0,497.38,normal,rural,despejado,17,medio,moto
ENV-005720,3.14,3.57,26.3,28.1,24.2,17.88,0,0,192.56,normal,centro,lluvia,20,bajo,moto
ENV-005721,2.34,4.86,24.8,16.3,29.5,11.93,0,0,1828.38,express,centro,despejado,10,bajo,bicicleta
ENV-005722,2.9,2.05,25.5,17.1,29.8,12.99,0,0,2109.54,express,centro,lluvia,16,bajo,moto
ENV-005723,5.04,19.65,51.7,37.0,59.4,113.63,0,0,443.26,mismo_dia,residencial,despejado,12,alto,camioneta
ENV-005724,6.58,0.33,11.5,7.4,6.8,0.58,0,0,358.54,mismo_dia,residencial,despejado,12,alto,dron
ENV-005725,53.2,2.84,24.2,15.9,23.9,9.2,0,0,777.97,normal,rural,despejado,13,alto,camioneta
ENV-005726,6.36,3.09,23.0,16.9,18.7,7.27,0,0,557.0,normal,residencial,despejado,16,medio,bicicleta
ENV-005727,6.9,33.68,75.7,63.1,49.0,234.06,0,0,2437.53,express,residencial,despejado,10,bajo,camioneta
ENV-005728,1.09,5.54,46.6,37.5,21.4,37.4,0,0,549.1,express,centro,lluvia,17,bajo,moto
ENV-005729,2.47,11.86,49.2,39.4,41.0,79.48,0,1,2382.59,express,centro,despejado,10,medio,camioneta
ENV-005730,8.37,1.42,34.8,15.1,17.0,8.93,0,0,202.3,normal,periferia,despejado,15,alto,dron
ENV-005731,7.72,0.84,11.6,10.7,12.0,1.49,0,0,1342.89,normal,residencial,despejado,9,alto,dron
ENV-005732,5.54,1.21,27.2,13.5,11.5,4.22,0,0,595.23,mismo_dia,residencial,despejado,6,medio,dron
ENV-005733,49.93,0.79,30.7,13.3,12.3,5.02,1,0,53070.68,mismo_dia,rural,despejado,11,alto,camioneta
ENV-005734,3.23,0.93,23.7,14.1,17.0,5.68,0,0,1276.51,normal,centro,lluvia,12,bajo,moto
ENV-005735,2.98,32.21,76.3,58.0,33.2,146.92,1,0,665.02,mismo_dia,centro,lluvia,12,bajo,camioneta
ENV-005736,7.74,0.32,15.9,14.0,8.6,1.91,0,0,2032.37,express,residencial,despejado,8,alto,dron
ENV-005737,1.15,2.15,22.0,16.3,20.8,7.46,0,0,1408.56,express,centro,lluvia,9,medio,moto
ENV-005738,9.31,2.6,42.1,27.7,15.9,18.54,0,0,1003.08,normal,residencial,viento_fuerte,14,medio,moto
ENV-005739,15.22,1.69,24.8,18.6,20.6,9.5,0,0,2575.26,normal,periferia,lluvia,9,bajo,moto
ENV-005740,2.97,2.76,27.1,25.8,25.8,18.04,0,0,241.52,normal,centro,lluvia,19,alto,moto
ENV-005741,3.73,2.87,36.7,22.2,26.6,21.67,0,0,439.87,express,centro,lluvia,15,medio,moto
ENV-005742,4.0,1.02,22.4,13.7,20.4,6.26,1,0,1480.4,mismo_dia,residencial,despejado,9,alto,dron
ENV-005743,23.41,0.37,17.2,9.2,9.0,1.42,0,1,4602.21,mismo_dia,periferia,despejado,15,alto,camioneta
ENV-005744,19.0,2.11,20.9,22.8,14.8,7.05,0,0,512.44,express,periferia,viento_fuerte,19,alto,moto
ENV-005745,12.22,1.36,19.3,16.0,10.3,3.18,0,0,1356.19,express,periferia,despejado,7,alto,dron
ENV-005746,8.47,0.89,27.8,11.5,12.5,4.0,0,0,2390.77,normal,residencial,viento_fuerte,13,alto,moto
ENV-005747,3.32,3.29,29.8,16.4,11.9,5.82,0,0,1046.97,normal,centro,despejado,15,alto,bicicleta
ENV-005748,2.76,0.42,9.8,6.5,10.1,0.64,0,0,1542.92,normal,centro,despejado,15,alto,bicicleta
ENV-005749,1.2,2.55,34.9,25.9,19.1,17.26,0,0,634.69,normal,centro,viento_fuerte,14,bajo,bicicleta
ENV-005750,3.79,4.45,37.9,30.6,28.9,33.52,0,0,378.75,express,residencial,despejado,16,bajo,bicicleta
ENV-005751,3.83,1.03,34.4,16.0,12.8,7.05,0,0,417.78,normal,residencial,despejado,17,bajo,bicicleta
ENV-005752,3.07,0.82,25.2,18.3,13.0,6.0,0,0,133.97,normal,centro,despejado,13,alto,bicicleta
ENV-005753,4.14,9.69,45.7,38.5,43.0,75.66,0,0,839.65,express,centro,despejado,16,medio,moto
ENV-005754,6.62,0.21,13.7,7.3,4.5,0.45,0,0,5693.53,express,residencial,viento_fuerte,11,bajo,bicicleta
ENV-005755,19.99,0.74,22.4,17.5,8.4,3.29,0,0,9344.63,normal,periferia,despejado,10,bajo,moto
ENV-005756,3.05,0.56,10.7,9.3,11.4,1.13,0,0,9699.82,mismo_dia,centro,despejado,17,medio,bicicleta
ENV-005757,43.8,7.8,39.5,32.6,28.7,36.96,0,0,2362.19,normal,rural,despejado,17,bajo,camioneta
ENV-005758,9.38,12.62,72.3,37.0,24.5,65.54,1,0,25693.62,normal,residencial,viento_fuerte,20,alto,moto
ENV-005759,9.2,0.96,20.8,9.4,8.9,1.74,0,0,4811.5,express,residencial,despejado,6,bajo,dron
ENV-005760,19.71,3.96,21.6,15.6,19.8,6.67,0,0,157.84,mismo_dia,rural,viento_fuerte,11,medio,moto
ENV-005761,13.35,3.85,30.7,32.5,28.6,28.54,0,0,318.46,express,residencial,despejado,20,medio,moto
ENV-005762,7.83,7.44,41.9,41.4,33.8,58.63,0,0,1186.71,express,residencial,despejado,7,alto,moto
ENV-005763,0.92,1.1,23.2,12.2,9.9,2.8,0,0,635.49,express,centro,viento_fuerte,10,bajo,bicicleta
ENV-005764,2.96,1.32,28.3,19.0,14.8,7.96,0,0,695.0,normal,centro,despejado,9,alto,bicicleta
ENV-005765,1.76,0.31,14.3,12.5,10.0,1.79,1,0,696.67,normal,centro,despejado,12,medio,bicicleta
ENV-005766,1.59,0.27,20.2,11.7,7.8,1.84,1,0,430.26,express,centro,despejado,15,alto,bicicleta
ENV-005767,11.54,3.85,33.7,26.1,19.5,17.15,1,0,925.01,normal,periferia,viento_fuerte,16,bajo,moto
ENV-005768,22.9,0.94,13.4,12.8,13.6,2.33,0,1,234.5,normal,periferia,despejado,15,medio,camioneta
ENV-005769,1.45,2.04,34.6,22.5,17.2,13.39,0,0,1249.15,normal,centro,despejado,21,medio,moto
ENV-005770,10.06,3.53,41.7,28.2,17.6,20.7,1,0,719.27,normal,residencial,despejado,9,alto,moto
ENV-005771,4.7,0.68,26.5,13.6,11.5,4.14,0,0,91.19,normal,centro,despejado,11,bajo,bicicleta
ENV-005772,4.44,3.56,44.2,30.3,17.1,22.9,0,0,98.7,normal,centro,despejado,17,medio,bicicleta
ENV-005773,9.96,2.93,37.1,23.2,20.2,17.39,0,0,2773.58,normal,periferia,despejado,12,bajo,moto
ENV-005774,5.18,1.43,20.2,21.3,16.1,6.93,0,0,195.02,normal,centro,despejado,17,bajo,bicicleta
ENV-005775,2.8,10.27,58.8,38.8,33.7,76.88,1,0,324.05,normal,residencial,despejado,13,alto,moto
ENV-005776,14.49,0.21,16.8,11.2,7.2,1.35,1,0,282.26,express,periferia,despejado,22,bajo,moto
ENV-005777,12.37,0.86,22.1,12.3,19.4,5.27,0,0,221.11,express,periferia,despejado,12,medio,dron
ENV-005778,2.28,3.45,32.8,29.2,16.7,15.99,0,0,1708.36,normal,centro,despejado,9,alto,bicicleta
ENV-005779,2.82,1.87,19.7,21.2,15.0,6.26,1,0,1872.74,express,centro,viento_fuerte,9,medio,bicicleta
ENV-005780,2.74,29.54,62.9,42.4,19.2,51.21,0,0,91.79,normal,centro,viento_fuerte,16,bajo,camioneta
ENV-005781,7.03,0.76,21.3,16.8,15.3,5.47,0,0,1656.78,express,residencial,despejado,14,bajo,dron
ENV-005782,20.21,4.44,53.0,31.4,16.7,27.79,0,0,724.66,mismo_dia,periferia,despejado,8,alto,moto
ENV-005783,6.63,0.39,15.0,15.9,11.3,2.7,0,0,438.87,normal,residencial,despejado,21,bajo,bicicleta
ENV-005784,1.69,0.85,28.0,13.4,13.3,4.99,0,0,592.11,express,centro,lluvia,10,alto,moto
ENV-005785,8.08,14.03,36.7,22.1,31.7,25.71,1,0,843.93,express,residencial,despejado,7,alto,camioneta
ENV-005786,8.16,1.48,31.0,19.1,14.9,8.82,0,0,584.01,normal,residencial,despejado,17,bajo,dron
ENV-005787,15.89,0.56,23.0,15.2,7.3,2.55,0,0,1640.09,normal,periferia,despejado,10,medio,moto
ENV-005788,10.21,2.05,23.4,21.1,21.6,10.66,0,0,2653.19,express,residencial,viento_fuerte,7,alto,moto
ENV-005789,3.33,11.26,71.0,43.8,26.1,81.17,1,0,1070.08,normal,residencial,despejado,15,medio,moto
ENV-005790,6.17,0.94,21.9,22.3,13.3,6.5,0,0,3779.45,express,residencial,lluvia,7,bajo,moto
ENV-005791,1.98,1.66,36.0,21.5,10.5,8.13,1,0,237.5,normal,centro,despejado,11,medio,bicicleta
ENV-005792,4.47,3.91,32.9,19.2,12.0,7.58,0,0,1001.99,normal,residencial,despejado,13,alto,bicicleta
ENV-005793,5.8,5.68,58.0,24.0,24.6,34.24,0,0,177.37,express,residencial,despejado,6,bajo,bicicleta
ENV-005794,2.7,1.89,35.5,19.1,14.3,9.7,0,0,252.67,mismo_dia,centro,viento_fuerte,13,alto,moto
ENV-005795,0.38,1.16,17.9,15.1,9.7,2.62,0,0,93.51,express,centro,despejado,7,alto,bicicleta
ENV-005796,3.2,3.14,29.8,22.4,25.5,17.02,0,0,201.53,normal,centro,lluvia,18,alto,moto
ENV-005797,30.08,0.91,17.7,13.1,7.7,1.79,0,0,317.46,normal,rural,despejado,15,alto,moto
ENV-005798,8.58,3.24,39.1,27.9,20.9,22.8,0,0,934.32,express,residencial,despejado,9,alto,moto
ENV-005799,18.8,0.91,22.4,12.6,12.8,3.61,0,0,5371.95,mismo_dia,periferia,despejado,17,medio,moto
ENV-005800,1.54,2.2,25.5,24.0,16.1,9.85,0,0,1101.7,mismo_dia,centro,despejado,14,medio,bicicleta
ENV-005801,12.03,79.75,131.0,60.5,50.4,399.45,1,0,1495.04,normal,residencial,despejado,21,alto,camioneta
ENV-005802,3.67,1.0,21.4,12.7,14.9,4.05,0,0,2147.49,mismo_dia,centro,despejado,13,medio,bicicleta
ENV-005803,4.78,3.58,42.9,28.1,13.7,16.52,0,0,302.59,normal,residencial,despejado,19,alto,bicicleta
ENV-005804,2.96,8.04,42.6,27.7,26.4,31.15,1,0,313.89,normal,residencial,despejado,8,alto,camioneta
ENV-005805,3.4,2.8,24.5,15.9,27.6,10.75,0,0,1261.94,normal,centro,despejado,13,alto,bicicleta
ENV-005806,5.06,0.46,20.0,11.3,15.3,3.46,0,0,930.88,express,residencial,lluvia,8,alto,moto
ENV-005807,3.79,1.78,25.6,13.0,16.0,5.32,0,0,302.75,normal,centro,despejado,13,alto,bicicleta
ENV-005808,5.43,35.05,57.8,51.2,34.6,102.39,0,0,202.38,express,centro,despejado,9,bajo,camioneta
ENV-005809,9.03,0.25,16.0,11.3,4.9,0.89,0,0,180.3,normal,residencial,despejado,11,medio,dron
ENV-005810,1.7,1.35,26.7,18.6,12.6,6.26,0,0,486.35,express,centro,lluvia,14,bajo,moto
ENV-005811,2.15,2.16,35.8,25.1,16.1,14.47,0,0,154.94,express,centro,despejado,12,bajo,bicicleta
ENV-005812,4.39,0.78,20.1,14.2,9.4,2.68,0,0,110.02,normal,centro,lluvia,7,alto,bicicleta
ENV-005813,17.56,2.1,25.7,18.9,24.2,11.75,0,1,10077.59,normal,periferia,despejado,20,alto,camioneta
ENV-005814,42.05,0.97,21.0,10.6,14.9,3.32,0,0,311.3,normal,rural,despejado,17,medio,camioneta
ENV-005815,14.04,1.15,26.6,12.7,15.3,5.17,0,0,2013.19,normal,periferia,despejado,9,bajo,dron
ENV-005816,7.34,0.65,13.6,9.4,8.3,1.06,0,0,288.28,normal,residencial,viento_fuerte,19,alto,moto
ENV-005817,36.13,0.3,16.9,11.0,11.1,2.06,1,0,618.59,normal,rural,despejado,15,medio,moto
ENV-005818,2.26,1.57,21.9,18.5,24.2,9.8,0,0,163.93,normal,centro,despejado,9,medio,bicicleta
ENV-005819,8.28,1.3,20.0,13.0,11.6,3.02,0,0,7628.89,normal,residencial,despejado,18,alto,dron
ENV-005820,5.74,1.82,26.1,19.4,12.9,6.53,0,1,225.44,normal,residencial,despejado,12,alto,camioneta
ENV-005821,18.37,1.12,20.3,21.8,15.8,6.99,1,0,489.89,express,periferia,despejado,19,alto,moto
ENV-005822,15.37,0.43,23.2,10.8,9.0,2.26,1,1,821.65,normal,periferia,despejado,10,medio,camioneta
ENV-005823,2.31,1.35,33.0,24.5,10.7,8.65,0,0,496.03,normal,centro,lluvia,13,alto,moto
ENV-005824,3.82,3.2,31.6,24.8,20.2,15.83,0,0,760.86,mismo_dia,residencial,despejado,9,medio,moto
ENV-005825,2.78,4.0,44.2,32.2,17.5,24.91,0,0,2657.4,mismo_dia,centro,lluvia,14,alto,moto
ENV-005826,3.29,4.22,36.4,21.6,13.0,10.22,0,0,1405.72,normal,centro,despejado,12,bajo,bicicleta
ENV-005827,3.47,3.95,53.2,28.3,20.7,31.17,1,0,136.88,express,centro,despejado,11,bajo,bicicleta
ENV-005828,11.99,1.41,19.6,14.8,23.3,6.76,0,0,568.82,normal,periferia,despejado,18,bajo,dron
ENV-005829,2.72,1.1,18.2,12.3,10.4,2.33,0,0,1582.85,normal,centro,lluvia,6,bajo,moto
ENV-005830,17.0,3.61,28.9,26.0,31.8,23.89,1,0,2980.28,normal,periferia,despejado,11,alto,moto
ENV-005831,2.9,5.63,37.3,28.6,20.1,21.44,0,0,1369.94,normal,centro,despejado,14,medio,bicicleta
ENV-005832,1.41,1.02,15.9,13.7,8.1,1.76,0,0,1334.46,normal,centro,despejado,3,bajo,moto
ENV-005833,4.85,2.14,26.2,19.4,20.8,10.57,1,0,1067.94,express,residencial,despejado,19,alto,dron
ENV-005834,4.78,2.91,27.4,22.0,10.7,6.45,0,0,245.98,normal,centro,viento_fuerte,16,bajo,bicicleta
ENV-005835,30.12,1.3,17.8,11.3,10.7,2.15,0,0,1296.95,normal,rural,despejado,7,medio,moto
ENV-005836,10.46,1.23,23.7,21.6,17.9,9.16,0,0,1418.65,normal,periferia,despejado,14,alto,dron
ENV-005837,4.12,1.4,29.5,19.5,12.5,7.19,0,0,1354.95,mismo_dia,centro,despejado,7,alto,bicicleta
ENV-005838,2.04,2.16,38.8,23.3,14.2,12.84,0,0,114.67,normal,centro,despejado,15,medio,bicicleta
ENV-005839,4.77,0.69,20.4,15.0,6.9,2.11,1,0,912.96,express,residencial,lluvia,19,alto,moto
ENV-005840,46.92,2.47,22.8,14.7,18.1,6.07,0,0,791.25,express,rural,despejado,12,bajo,camioneta
ENV-005841,15.31,4.22,32.7,37.1,25.6,31.06,0,0,301.91,normal,periferia,viento_fuerte,8,medio,moto
ENV-005842,23.45,3.95,20.5,17.9,23.1,8.48,0,0,1044.7,normal,periferia,despejado,3,bajo,moto
ENV-005843,2.89,20.78,52.5,33.2,27.3,47.58,0,0,787.4,normal,centro,despejado,5,medio,moto
ENV-005844,10.85,0.16,14.9,8.6,5.1,0.65,1,0,1385.53,normal,residencial,despejado,5,alto,moto
ENV-005845,24.87,7.92,42.3,37.1,28.3,44.41,0,0,187.97,normal,periferia,despejado,18,alto,moto
ENV-005846,12.92,33.83,97.7,73.9,35.6,257.03,0,1,774.31,normal,residencial,despejado,10,medio,camioneta
ENV-005847,1.09,1.88,40.9,21.1,16.3,14.07,0,0,343.43,mismo_dia,centro,despejado,9,medio,bicicleta
ENV-005848,4.96,1.63,24.1,12.5,11.8,3.55,1,0,565.0,mismo_dia,residencial,despejado,18,alto,bicicleta
ENV-005849,13.37,2.29,17.8,19.3,12.8,4.4,0,0,2875.37,normal,periferia,despejado,8,alto,dron
ENV-005850,21.09,4.91,26.8,21.8,28.7,16.77,0,0,2663.53,normal,periferia,despejado,10,medio,moto
ENV-005851,13.19,1.05,20.3,14.5,28.2,8.3,0,0,85.35,mismo_dia,periferia,viento_fuerte,11,medio,moto
ENV-005852,2.5,0.69,16.4,15.9,14.8,3.86,1,0,1332.53,express,residencial,despejado,5,bajo,moto
ENV-005853,19.55,43.69,63.1,45.5,37.8,108.53,0,0,589.77,mismo_dia,periferia,lluvia,4,bajo,camioneta
ENV-005854,3.46,2.01,22.5,13.8,21.1,6.55,0,0,445.03,normal,residencial,lluvia,16,bajo,moto
ENV-005855,2.78,1.93,41.8,26.3,12.9,14.18,0,0,1934.54,express,residencial,despejado,12,medio,bicicleta
ENV-005856,35.74,1.03,31.8,17.0,12.3,6.65,0,0,322.77,express,rural,despejado,8,bajo,moto
ENV-005857,2.05,0.25,11.0,10.4,5.8,0.66,0,0,895.25,mismo_dia,centro,despejado,18,medio,bicicleta
ENV-005858,35.75,3.28,43.3,26.2,17.0,19.29,0,0,390.72,normal,rural,despejado,7,medio,moto
ENV-005859,9.02,1.88,29.2,20.5,16.4,9.82,1,0,881.19,express,periferia,lluvia,8,medio,moto
ENV-005860,6.5,21.42,56.8,43.1,46.2,113.1,0,0,71.68,express,residencial,despejado,9,medio,camioneta
ENV-005861,1.43,0.46,16.0,14.4,16.0,3.69,0,0,250.63,mismo_dia,centro,despejado,8,medio,bicicleta
ENV-005862,3.6,2.4,23.6,25.8,19.8,12.06,0,0,619.8,mismo_dia,residencial,despejado,5,medio,moto
ENV-005863,22.88,0.65,23.0,15.3,11.3,3.98,0,1,366.08,express,periferia,despejado,19,alto,camioneta
ENV-005864,25.82,3.22,26.2,21.0,22.4,12.32,0,0,688.48,express,periferia,lluvia,9,alto,moto
ENV-005865,3.39,3.1,41.6,33.3,16.6,23.0,0,0,789.12,mismo_dia,residencial,despejado,14,alto,moto
ENV-005866,9.01,0.94,29.8,17.7,9.0,4.75,0,0,659.02,express,residencial,lluvia,12,bajo,moto
ENV-005867,27.08,2.63,28.1,26.1,28.1,20.61,0,0,797.34,normal,periferia,lluvia,9,alto,moto
ENV-005868,3.92,13.29,70.5,36.1,36.5,92.89,0,0,3444.67,normal,centro,lluvia,7,medio,camioneta
ENV-005869,10.29,0.49,15.6,13.7,9.5,2.03,0,0,1059.69,express,residencial,despejado,12,bajo,dron
ENV-005870,11.15,0.68,16.4,11.1,7.4,1.35,0,1,507.47,mismo_dia,periferia,despejado,9,alto,camioneta
ENV-005871,8.87,6.52,43.9,35.9,29.9,47.12,1,0,287.42,mismo_dia,residencial,despejado,7,medio,moto
ENV-005872,12.56,2.99,32.0,29.5,20.7,19.54,0,0,1232.96,normal,periferia,lluvia,15,alto,moto
ENV-005873,1.98,3.34,40.3,25.3,13.3,13.56,0,1,121.28,normal,centro,despejado,20,bajo,camioneta
ENV-005874,9.9,1.53,26.8,16.8,7.6,3.42,0,0,3389.06,normal,residencial,despejado,8,bajo,dron
ENV-005875,11.97,1.62,16.4,16.9,12.4,3.44,1,0,2506.38,express,residencial,lluvia,14,medio,moto
ENV-005876,5.51,2.57,27.8,15.4,12.5,5.35,0,0,958.9,express,residencial,despejado,2,bajo,moto
ENV-005877,9.11,3.09,40.6,23.0,21.8,20.36,1,0,1248.87,normal,residencial,lluvia,16,medio,moto
ENV-005878,5.91,2.09,35.3,24.9,11.3,9.93,0,0,1550.73,express,residencial,lluvia,8,medio,moto
ENV-005879,14.8,6.88,43.3,39.2,28.7,48.71,0,0,8317.2,normal,residencial,despejado,13,bajo,moto
ENV-005880,2.92,25.54,40.2,38.4,40.8,62.98,0,0,414.18,normal,centro,despejado,11,bajo,camioneta
ENV-005881,2.23,0.34,12.4,9.6,8.0,0.95,0,0,1025.22,normal,centro,viento_fuerte,9,medio,bicicleta
ENV-005882,17.26,1.79,27.6,23.0,15.5,9.84,1,0,257.52,normal,periferia,lluvia,17,alto,moto
ENV-005883,4.45,71.58,112.0,59.0,60.6,400.44,0,0,228.8,normal,centro,lluvia,9,medio,camioneta
ENV-005884,4.44,0.66,12.5,11.4,8.8,1.25,0,0,1108.36,normal,residencial,lluvia,11,bajo,moto
ENV-005885,3.04,4.95,30.1,19.4,28.9,16.88,0,0,3274.73,mismo_dia,residencial,despejado,11,medio,moto
ENV-005886,13.22,0.63,20.1,15.6,12.2,3.83,0,0,1210.48,mismo_dia,residencial,viento_fuerte,18,bajo,moto
ENV-005887,1.88,9.74,61.7,34.7,32.3,69.15,0,0,2195.07,normal,centro,despejado,6,bajo,moto
ENV-005888,17.54,0.89,27.9,14.7,11.3,4.63,1,0,3981.9,express,rural,lluvia,7,medio,moto
ENV-005889,12.7,53.25,94.1,57.9,55.4,301.84,0,0,489.99,normal,residencial,despejado,18,alto,camioneta
ENV-005890,4.75,0.74,27.4,12.4,15.6,5.3,0,0,50,normal,residencial,despejado,10,bajo,bicicleta
ENV-005891,5.96,0.57,18.7,17.6,13.1,4.31,0,0,268.11,express,periferia,despejado,14,alto,dron
ENV-005892,0.63,1.52,23.8,20.8,24.2,11.98,0,0,188.72,normal,centro,despejado,7,alto,bicicleta
ENV-005893,44.5,2.0,21.1,17.5,9.1,3.36,0,0,503.62,normal,rural,despejado,9,medio,camioneta
ENV-005894,12.23,1.98,26.0,19.1,10.0,4.97,0,0,1252.24,mismo_dia,periferia,despejado,20,bajo,camioneta
ENV-005895,7.78,1.11,19.6,14.8,11.7,3.39,0,0,107.4,express,residencial,despejado,0,medio,moto
ENV-005896,5.9,4.22,48.1,30.5,15.1,22.15,0,0,1868.71,mismo_dia,periferia,viento_fuerte,11,bajo,bicicleta
ENV-005897,5.82,4.97,37.0,34.2,30.5,38.59,1,0,330.64,mismo_dia,residencial,despejado,10,medio,bicicleta
ENV-005898,6.46,1.43,31.5,14.9,11.4,5.35,0,0,3507.78,normal,residencial,despejado,8,medio,bicicleta
ENV-005899,11.59,3.4,28.7,21.8,20.6,12.89,0,0,1294.06,normal,periferia,viento_fuerte,9,alto,moto
ENV-005900,1.57,5.31,43.8,35.8,24.5,38.42,0,0,794.05,express,centro,despejado,16,alto,bicicleta
ENV-005901,10.74,4.66,35.7,29.1,24.8,25.76,0,0,3211.1,normal,periferia,lluvia,1,bajo,moto
ENV-005902,9.38,2.0,25.5,21.3,26.4,14.34,0,0,886.66,normal,residencial,despejado,15,alto,moto
ENV-005903,2.86,6.93,43.5,26.3,17.8,20.36,0,0,325.35,normal,centro,despejado,7,alto,bicicleta
ENV-005904,3.76,1.54,34.3,17.8,18.4,11.23,0,0,1060.77,normal,centro,viento_fuerte,6,bajo,bicicleta
ENV-005905,5.07,0.66,29.2,13.8,12.4,5.0,0,0,614.73,normal,residencial,viento_fuerte,10,medio,bicicleta
ENV-005906,1.77,2.24,43.1,19.4,17.2,14.38,1,0,3172.57,normal,residencial,despejado,16,medio,bicicleta
ENV-005907,49.08,1.01,31.2,22.1,10.3,7.1,0,0,454.15,mismo_dia,rural,viento_fuerte,8,medio,camioneta
ENV-005908,10.76,69.16,76.2,72.5,55.2,304.95,0,0,1029.88,mismo_dia,periferia,despejado,21,bajo,camioneta
ENV-005909,11.24,2.69,36.8,19.8,26.3,19.16,0,0,329.39,normal,residencial,lluvia,23,medio,moto
ENV-005910,4.79,0.91,21.2,11.2,14.0,3.32,0,0,1175.38,normal,residencial,despejado,9,bajo,bicicleta
ENV-005911,28.22,3.99,31.4,18.4,13.1,7.57,0,0,72.69,express,rural,despejado,19,alto,moto
ENV-005912,22.68,6.52,37.9,37.1,33.7,47.39,0,0,561.77,normal,periferia,lluvia,19,alto,moto
ENV-005913,8.4,0.6,24.8,18.3,9.9,4.49,0,0,6267.19,express,periferia,viento_fuerte,14,alto,moto
ENV-005914,2.69,0.86,20.8,14.7,22.1,6.76,0,0,1543.87,express,residencial,despejado,16,medio,bicicleta
ENV-005915,30.44,72.52,84.7,66.5,70.9,399.35,1,0,936.13,express,rural,despejado,8,medio,camioneta
ENV-005916,14.98,0.43,20.7,11.9,7.3,1.8,0,0,512.63,normal,periferia,lluvia,0,bajo,moto
ENV-005917,22.43,0.87,28.2,20.8,11.6,6.8,1,1,436.6,normal,periferia,lluvia,12,medio,camioneta
ENV-005918,41.02,0.33,16.3,9.5,6.8,1.05,0,0,1737.14,express,rural,lluvia,18,medio,camioneta
ENV-005919,3.03,65.15,81.8,51.4,30.4,127.82,0,0,277.8,normal,centro,despejado,8,alto,camioneta
ENV-005920,5.49,1.06,25.1,17.2,15.9,6.86,0,0,3397.6,express,residencial,lluvia,22,medio,moto
ENV-005921,6.88,0.51,18.9,8.4,9.5,1.51,1,0,2221.08,normal,residencial,viento_fuerte,8,alto,bicicleta
ENV-005922,53.79,0.54,14.4,12.0,11.0,1.9,0,0,4003.79,normal,rural,despejado,17,medio,camioneta
ENV-005923,4.49,1.9,39.3,24.6,14.3,13.82,0,0,1579.27,mismo_dia,residencial,lluvia,12,bajo,moto
ENV-005924,11.02,1.45,16.1,14.6,10.6,2.49,0,0,687.2,express,residencial,despejado,6,medio,dron
ENV-005925,13.2,2.59,36.8,20.0,19.1,14.06,0,0,4032.21,normal,periferia,despejado,2,bajo,moto
ENV-005926,10.76,1.06,20.5,15.1,26.7,8.26,0,0,437.33,express,residencial,lluvia,10,alto,moto
ENV-005927,2.96,0.39,20.6,13.1,10.8,2.91,0,0,631.86,express,centro,despejado,14,alto,bicicleta
ENV-005928,7.56,4.85,44.8,23.1,28.6,29.6,0,1,6197.11,normal,residencial,despejado,16,bajo,camioneta
ENV-005929,12.93,47.67,81.8,59.8,77.8,380.57,0,0,1151.25,normal,residencial,despejado,10,bajo,camioneta
ENV-005930,0.71,1.7,32.4,23.9,11.9,9.21,1,0,763.39,normal,centro,despejado,8,alto,bicicleta
ENV-005931,7.49,32.8,89.7,37.6,40.9,137.94,0,0,5231.4,normal,residencial,viento_fuerte,20,bajo,camioneta
ENV-005932,7.47,0.1,8.5,7.9,4.5,0.3,0,0,159.69,normal,periferia,despejado,17,alto,dron
ENV-005933,4.21,0.83,14.6,12.9,7.2,1.36,0,1,559.23,normal,centro,despejado,14,alto,camioneta
ENV-005934,42.54,1.1,22.9,21.3,15.0,7.32,0,0,1702.82,express,rural,despejado,18,medio,camioneta
ENV-005935,23.85,55.92,63.8,48.2,60.7,186.66,0,0,2038.51,mismo_dia,rural,viento_fuerte,8,alto,camioneta
ENV-005936,41.18,0.67,13.8,13.2,7.9,1.44,0,0,2677.23,normal,rural,despejado,12,bajo,camioneta
ENV-005937,50.66,1.3,24.5,14.9,10.4,3.8,0,0,690.18,normal,rural,despejado,5,medio,camioneta
ENV-005938,39.18,2.16,27.1,13.1,9.8,3.48,0,0,238.88,normal,rural,despejado,1,bajo,moto
ENV-005939,18.31,2.27,27.0,28.2,17.3,13.17,0,1,1092.23,normal,periferia,despejado,9,alto,camioneta
ENV-005940,1.68,2.59,36.5,23.1,12.2,10.29,0,0,1036.32,normal,centro,despejado,11,medio,bicicleta
ENV-005941,10.24,4.63,41.8,22.5,13.6,12.79,0,0,403.04,express,residencial,viento_fuerte,16,medio,moto
ENV-005942,6.72,0.5,15.5,10.4,10.8,1.74,1,0,327.59,normal,residencial,despejado,19,alto,bicicleta
ENV-005943,27.89,10.21,51.5,31.8,27.9,45.69,0,0,1629.53,express,periferia,despejado,4,medio,moto
ENV-005944,19.97,1.76,28.0,19.6,15.6,8.56,0,0,255.59,normal,periferia,viento_fuerte,17,medio,moto
ENV-005945,4.66,1.64,19.1,13.6,20.6,5.35,0,0,1453.1,express,residencial,despejado,12,medio,bicicleta
ENV-005946,15.84,4.37,40.4,18.3,20.1,14.86,0,0,2456.1,normal,periferia,despejado,9,medio,moto
ENV-005947,5.07,0.37,14.1,14.1,9.7,1.93,0,0,514.63,normal,centro,viento_fuerte,13,medio,bicicleta
ENV-005948,38.65,5.8,35.4,25.1,40.5,35.99,0,0,866.11,mismo_dia,rural,despejado,20,alto,moto
ENV-005949,2.67,3.72,21.8,13.7,20.1,6.0,0,0,2848.56,normal,centro,despejado,7,bajo,bicicleta
ENV-005950,3.03,4.21,34.5,23.9,32.9,27.13,1,1,764.76,express,centro,despejado,16,bajo,camioneta
ENV-005951,4.48,6.07,40.3,23.7,12.5,11.94,0,0,1261.24,express,residencial,viento_fuerte,20,alto,bicicleta
ENV-005952,3.28,1.71,20.7,21.2,19.6,8.6,0,0,1597.53,express,centro,lluvia,15,alto,moto
ENV-005953,15.31,13.05,56.4,53.1,29.8,89.25,0,0,1691.36,normal,periferia,despejado,20,alto,moto
ENV-005954,10.04,3.73,31.2,19.1,21.4,12.75,0,0,466.95,express,residencial,despejado,19,bajo,moto
ENV-005955,14.55,0.65,17.5,12.9,15.7,3.54,0,0,261.21,express,periferia,despejado,8,alto,dron
ENV-005956,6.65,33.46,63.2,45.5,30.0,86.27,0,0,144.92,mismo_dia,residencial,despejado,17,alto,camioneta
ENV-005957,12.63,0.9,16.7,9.5,14.7,2.33,0,0,94.43,mismo_dia,residencial,despejado,11,bajo,dron
ENV-005958,2.23,5.86,23.3,21.7,22.6,11.43,1,0,199.58,mismo_dia,centro,despejado,14,alto,bicicleta
ENV-005959,2.51,0.57,14.1,15.0,9.6,2.03,0,0,406.27,normal,centro,despejado,10,bajo,bicicleta
ENV-005960,0.61,1.91,35.8,18.6,14.3,9.52,0,0,166.36,normal,centro,despejado,6,medio,bicicleta
ENV-005961,9.25,2.82,29.8,18.7,17.3,9.64,0,0,1376.83,mismo_dia,residencial,despejado,12,bajo,moto
ENV-005962,20.43,1.91,22.3,11.6,16.0,4.14,0,0,2233.52,express,periferia,despejado,16,medio,moto
ENV-005963,6.87,0.86,28.0,20.6,10.2,5.88,0,0,1142.14,express,periferia,viento_fuerte,10,bajo,bicicleta
ENV-005964,9.41,1.12,18.6,17.8,13.1,4.34,1,1,383.4,express,residencial,despejado,14,alto,camioneta
ENV-005965,18.16,66.36,131.6,52.2,58.2,399.81,0,0,1460.97,normal,periferia,despejado,14,alto,camioneta
ENV-005966,5.65,0.57,16.8,16.2,11.0,2.99,1,0,215.12,normal,residencial,despejado,7,alto,bicicleta
ENV-005967,9.54,2.74,34.5,15.1,13.5,7.03,1,0,217.25,normal,residencial,despejado,18,medio,moto
ENV-005968,28.15,1.75,23.9,13.7,17.0,5.57,0,0,50,normal,rural,despejado,8,medio,moto
ENV-005969,2.34,2.33,31.3,19.2,27.7,16.65,0,0,150.32,normal,centro,viento_fuerte,12,medio,bicicleta
ENV-005970,1.34,4.6,28.4,20.6,22.1,12.93,0,0,974.83,express,centro,despejado,13,alto,bicicleta
ENV-005971,0.9,0.7,16.5,11.2,20.9,3.86,1,0,749.52,express,centro,despejado,7,bajo,bicicleta
ENV-005972,2.21,5.14,39.0,27.0,21.0,22.11,0,0,970.23,express,centro,despejado,17,bajo,bicicleta
ENV-005973,5.1,1.57,26.6,17.2,10.1,4.62,1,0,1131.78,mismo_dia,centro,despejado,12,bajo,bicicleta
ENV-005974,15.29,0.73,16.7,10.6,17.5,3.1,0,0,1274.81,normal,periferia,despejado,10,bajo,camioneta
ENV-005975,2.25,0.79,16.1,8.7,13.4,1.88,0,0,1641.48,express,centro,despejado,5,medio,moto
ENV-005976,12.58,13.11,72.7,33.8,29.6,72.73,0,0,685.08,mismo_dia,residencial,despejado,15,alto,moto
ENV-005977,1.66,0.37,12.9,12.9,11.7,1.95,0,0,5268.5,express,centro,despejado,8,alto,bicicleta
ENV-005978,19.61,11.74,50.3,34.5,45.5,78.96,0,0,2055.47,express,periferia,despejado,1,bajo,moto
ENV-005979,19.85,1.31,23.6,18.8,11.0,4.88,0,0,898.05,express,rural,despejado,6,bajo,moto
ENV-005980,2.58,1.35,35.3,22.9,10.5,8.49,0,0,462.18,mismo_dia,residencial,despejado,5,bajo,moto
ENV-005981,7.06,1.28,20.8,19.3,14.1,5.66,0,0,23123.79,normal,residencial,despejado,19,medio,moto
ENV-005982,1.82,1.34,23.9,14.9,8.9,3.17,0,0,646.1,normal,centro,despejado,17,bajo,bicicleta
ENV-005983,6.06,0.23,15.8,9.6,5.3,0.8,0,0,6080.15,mismo_dia,residencial,despejado,10,bajo,bicicleta
ENV-005984,0.76,1.7,35.3,19.8,11.3,7.9,0,1,94.01,normal,centro,despejado,13,alto,camioneta
ENV-005985,19.04,0.85,23.8,13.2,18.5,5.81,1,0,141.37,mismo_dia,periferia,despejado,8,alto,moto
ENV-005986,4.86,1.01,30.0,20.6,9.3,5.75,0,0,922.67,express,residencial,despejado,17,bajo,bicicleta
ENV-005987,5.86,0.57,19.0,9.5,12.0,2.17,0,0,1331.03,normal,residencial,viento_fuerte,11,bajo,bicicleta
ENV-005988,33.56,1.1,22.9,12.2,12.6,3.52,1,0,595.07,mismo_dia,rural,viento_fuerte,9,alto,moto
ENV-005989,13.26,1.72,19.1,17.2,12.7,4.17,1,0,19125.64,normal,residencial,despejado,8,alto,dron
ENV-005990,4.62,0.88,27.3,15.6,12.6,5.37,0,0,1061.53,mismo_dia,centro,lluvia,13,alto,moto
ENV-005991,6.73,1.55,29.4,17.5,9.6,4.94,1,0,635.99,normal,residencial,despejado,15,alto,dron
ENV-005992,4.67,0.6,18.8,16.7,11.0,3.45,0,0,594.03,normal,centro,despejado,13,medio,bicicleta
ENV-005993,10.24,0.48,17.9,12.2,7.6,1.66,0,0,247.51,normal,residencial,despejado,17,bajo,dron
ENV-005994,17.41,4.04,36.8,30.3,14.8,16.5,0,0,586.08,normal,periferia,despejado,16,bajo,moto
ENV-005995,26.64,39.21,76.4,44.8,41.0,140.33,0,0,226.28,express,periferia,despejado,8,alto,camioneta
ENV-005996,1.59,4.05,23.6,16.1,19.9,7.56,0,0,6267.74,normal,centro,despejado,16,bajo,bicicleta
ENV-005997,10.55,1.82,26.8,21.3,18.4,10.5,0,0,50,express,residencial,despejado,12,bajo,dron
ENV-005998,44.63,1.49,31.5,19.2,17.4,10.52,0,0,350.86,normal,rural,despejado,14,alto,camioneta
ENV-005999,9.44,0.33,10.5,7.4,10.1,0.78,1,0,5941.43,express,residencial,despejado,2,bajo,moto
ENV-006000,5.57,1.6,21.8,20.0,11.6,5.06,0,0,190.3,express,residencial,lluvia,5,medio,moto
ENV-006001,8.7,0.95,16.5,14.1,15.2,3.54,0,0,651.24,express,residencial,despejado,12,medio,dron
ENV-006002,2.83,0.66,20.7,9.9,13.1,2.68,1,1,127.74,normal,centro,despejado,10,bajo,camioneta
ENV-006003,7.87,6.64,29.2,24.7,32.5,23.44,0,0,329.24,express,residencial,despejado,21,bajo,moto
ENV-006004,10.28,6.73,39.0,22.8,36.1,32.1,1,0,1907.0,normal,residencial,despejado,22,alto,moto
ENV-006005,10.64,0.33,15.5,11.2,4.7,0.82,0,0,2038.55,mismo_dia,periferia,despejado,17,bajo,dron
ENV-006006,9.24,3.98,35.7,31.2,24.3,27.07,0,0,16581.59,normal,residencial,despejado,11,bajo,moto
ENV-006007,41.44,5.04,53.1,23.8,23.8,30.08,0,0,380.75,normal,rural,despejado,17,medio,camioneta
ENV-006008,10.07,2.15,24.7,27.6,19.8,13.5,0,0,657.54,normal,residencial,despejado,16,medio,moto
ENV-006009,47.87,2.89,28.3,26.2,21.0,15.57,1,0,4014.13,express,rural,despejado,17,bajo,camioneta
ENV-006010,5.01,8.65,52.2,30.8,16.9,27.17,0,0,1201.46,express,residencial,despejado,16,alto,moto
ENV-006011,11.2,0.37,12.3,9.0,7.8,0.86,0,0,5724.64,express,residencial,despejado,1,bajo,moto
ENV-006012,17.41,2.25,23.4,16.1,13.1,4.94,1,0,123.26,normal,periferia,lluvia,18,alto,moto
ENV-006013,11.54,62.09,121.7,67.8,48.5,400.19,0,0,205.95,normal,residencial,despejado,21,medio,camioneta
ENV-006014,8.93,2.01,31.7,23.2,11.1,8.16,0,0,587.98,mismo_dia,residencial,despejado,4,bajo,moto
ENV-006015,10.7,2.82,36.0,18.6,22.2,14.87,0,0,531.18,express,residencial,despejado,15,bajo,moto
ENV-006016,21.94,2.81,36.4,18.8,22.1,15.12,0,0,1608.04,express,periferia,despejado,15,medio,moto
ENV-006017,16.61,0.11,10.9,9.2,7.6,0.76,1,0,281.73,normal,periferia,despejado,15,medio,moto
ENV-006018,35.39,1.89,27.7,27.2,16.6,12.51,0,0,3810.06,normal,rural,despejado,17,medio,moto
ENV-006019,1.45,5.88,58.9,24.7,27.9,40.59,0,0,2382.06,normal,centro,despejado,16,medio,moto
ENV-006020,5.0,1.73,29.7,14.4,13.3,5.69,0,1,502.49,mismo_dia,centro,despejado,5,bajo,camioneta
ENV-006021,8.76,3.05,29.9,21.4,32.9,21.05,0,0,1122.55,normal,residencial,viento_fuerte,12,alto,moto
ENV-006022,24.14,20.07,69.4,46.4,25.2,81.15,0,0,1035.5,express,rural,lluvia,11,bajo,moto
ENV-006023,5.63,75.07,70.9,60.0,38.7,164.63,0,0,197.55,normal,centro,viento_fuerte,16,bajo,camioneta
ENV-006024,4.34,5.04,52.8,23.9,26.5,33.44,1,1,851.88,normal,residencial,despejado,20,medio,camioneta
ENV-006025,7.63,6.08,35.6,22.5,27.7,22.19,0,0,51.63,normal,residencial,despejado,12,alto,moto
ENV-006026,1.88,1.01,25.4,12.2,10.9,3.38,0,1,903.85,normal,centro,despejado,19,medio,camioneta
ENV-006027,2.29,1.42,21.8,16.9,10.9,4.02,1,0,16286.2,mismo_dia,residencial,despejado,15,alto,bicicleta
ENV-006028,8.51,14.73,72.7,53.7,24.9,97.21,1,0,451.89,normal,periferia,despejado,8,medio,camioneta
ENV-006029,2.0,3.99,23.9,24.3,19.2,11.15,0,0,2007.83,normal,centro,despejado,8,alto,bicicleta
ENV-006030,1.55,1.34,26.8,18.6,21.2,10.57,0,0,71.06,express,centro,despejado,12,bajo,bicicleta
ENV-006031,2.23,7.46,30.0,16.7,23.3,11.67,1,0,473.5,normal,centro,despejado,14,alto,bicicleta
ENV-006032,14.59,1.87,24.0,12.6,17.4,5.26,0,0,1084.49,normal,periferia,despejado,6,medio,dron
ENV-006033,2.03,1.02,28.2,17.7,9.4,4.69,0,0,3786.37,normal,centro,despejado,10,medio,bicicleta
ENV-006034,6.75,44.56,74.3,38.0,49.6,140.04,0,0,527.92,normal,periferia,lluvia,20,alto,camioneta
ENV-006035,9.66,4.44,34.3,21.2,27.9,20.29,0,0,1723.48,mismo_dia,residencial,despejado,11,medio,moto
ENV-006036,5.7,0.78,19.2,13.0,23.3,5.82,0,0,1156.52,normal,residencial,despejado,8,alto,bicicleta
ENV-006037,9.91,3.63,30.4,17.5,10.8,5.75,0,0,437.91,normal,residencial,despejado,5,bajo,moto
ENV-006038,18.76,0.83,24.4,17.7,9.7,4.19,1,0,2309.91,normal,periferia,despejado,19,medio,moto
ENV-006039,12.48,3.72,35.2,19.2,24.1,16.29,0,0,234.4,express,periferia,despejado,16,bajo,moto
ENV-006040,3.04,10.12,59.6,43.4,25.0,64.67,0,0,435.76,mismo_dia,centro,viento_fuerte,7,medio,moto
ENV-006041,8.72,9.91,65.2,32.9,30.2,64.78,0,0,920.68,normal,residencial,despejado,8,medio,camioneta
ENV-006042,57.73,1.97,27.2,22.4,15.2,9.26,0,0,8606.67,normal,rural,despejado,7,alto,camioneta
ENV-006043,9.0,0.63,21.0,11.4,15.4,3.69,0,0,493.72,mismo_dia,residencial,despejado,7,bajo,dron
ENV-006044,4.32,7.91,39.9,38.4,24.7,37.84,0,0,1266.59,express,centro,despejado,13,alto,bicicleta
ENV-006045,3.52,1.08,23.8,14.0,14.4,4.8,0,0,175.13,express,centro,despejado,16,bajo,bicicleta
ENV-006046,10.82,10.97,51.6,39.3,19.5,39.54,0,0,596.01,mismo_dia,residencial,despejado,19,alto,moto
ENV-006047,5.07,1.92,29.7,16.6,25.4,12.52,1,0,397.65,normal,residencial,lluvia,7,alto,bicicleta
ENV-006048,20.19,7.4,40.3,27.7,29.5,32.93,0,0,1000.95,normal,periferia,despejado,23,medio,moto
ENV-006049,23.0,0.46,19.8,12.3,13.4,3.26,0,0,1721.33,mismo_dia,periferia,viento_fuerte,20,alto,moto
ENV-006050,25.83,5.85,42.2,21.6,15.1,13.76,0,0,2572.55,express,periferia,despejado,17,bajo,moto
ENV-006051,7.97,0.78,20.1,13.4,8.1,2.18,0,0,3676.74,normal,residencial,viento_fuerte,21,bajo,camioneta
ENV-006052,15.81,0.22,11.7,9.0,7.8,0.82,0,0,146.26,normal,periferia,lluvia,0,bajo,moto
ENV-006053,3.27,2.25,23.9,23.1,22.6,12.48,0,0,999.18,normal,centro,despejado,15,medio,bicicleta
ENV-006054,3.15,2.37,20.6,11.9,17.9,4.39,0,0,57.63,normal,residencial,lluvia,19,medio,moto
ENV-006055,2.42,0.19,11.7,6.3,6.6,0.49,0,0,1940.69,normal,centro,despejado,18,bajo,bicicleta
ENV-006056,5.05,2.9,40.8,19.7,21.2,17.04,0,0,636.51,normal,residencial,despejado,18,bajo,bicicleta
ENV-006057,17.82,0.97,27.3,12.9,12.0,4.23,0,0,885.06,express,periferia,despejado,9,alto,moto
ENV-006058,13.52,10.16,42.5,29.4,15.0,18.74,0,0,542.27,normal,periferia,despejado,19,alto,moto
ENV-006059,7.69,3.96,40.7,35.1,20.6,29.43,0,0,1457.32,mismo_dia,residencial,despejado,20,alto,moto
ENV-006060,12.35,6.46,58.8,37.3,19.5,42.77,0,0,3743.51,express,residencial,lluvia,10,medio,moto
ENV-006061,3.19,1.98,33.9,21.9,14.1,10.47,0,1,492.89,express,centro,viento_fuerte,12,medio,camioneta
ENV-006062,1.95,1.56,30.0,24.3,14.1,10.28,0,1,1854.35,normal,residencial,lluvia,20,alto,camioneta
ENV-006063,4.36,49.72,78.7,49.9,24.8,97.39,0,0,2664.66,express,centro,lluvia,17,medio,camioneta
ENV-006064,50.35,2.65,48.2,29.3,14.7,20.76,1,0,1264.0,normal,rural,lluvia,21,medio,camioneta
ENV-006065,1.87,0.81,31.1,18.5,9.6,5.52,1,0,1075.52,mismo_dia,centro,despejado,9,alto,bicicleta
ENV-006066,4.55,2.21,28.4,20.2,12.1,6.94,0,0,1202.22,express,residencial,lluvia,8,medio,moto
ENV-006067,1.77,3.91,34.5,26.1,14.6,13.15,0,0,2780.23,express,centro,despejado,12,bajo,bicicleta
ENV-006068,3.94,1.94,25.1,12.8,10.8,3.47,0,0,1771.26,normal,centro,lluvia,21,alto,moto
ENV-006069,34.97,1.26,22.2,17.9,14.4,5.72,0,0,825.71,normal,rural,despejado,12,bajo,moto
ENV-006070,2.03,10.93,35.3,31.8,20.4,22.9,0,0,2274.8,express,centro,despejado,16,medio,moto
ENV-006071,7.92,2.28,34.7,22.2,10.0,7.7,1,0,2045.91,express,residencial,viento_fuerte,17,medio,moto
ENV-006072,9.73,13.06,51.7,34.1,48.6,85.68,0,0,772.85,mismo_dia,residencial,lluvia,7,alto,moto
ENV-006073,1.21,0.2,12.1,10.6,7.8,1.0,0,0,324.53,normal,centro,despejado,14,alto,bicicleta
ENV-006074,2.98,1.48,17.0,14.1,11.3,2.71,1,0,1580.23,normal,residencial,lluvia,8,alto,camioneta
ENV-006075,4.62,1.63,20.9,21.4,13.2,5.9,0,0,433.46,normal,residencial,viento_fuerte,16,bajo,bicicleta
ENV-006076,2.07,49.27,97.6,62.2,42.0,254.97,1,0,4437.72,mismo_dia,centro,despejado,14,alto,camioneta
ENV-006077,20.53,2.1,32.4,27.5,14.5,12.92,0,0,3450.3,normal,periferia,despejado,21,bajo,moto
ENV-006078,8.24,25.04,82.5,41.8,42.3,145.87,1,0,140.15,express,residencial,lluvia,3,bajo,camioneta
ENV-006079,4.78,6.23,41.4,26.6,18.8,20.7,1,0,3049.95,express,centro,lluvia,9,medio,bicicleta
ENV-006080,6.44,1.05,26.7,20.9,12.4,6.92,0,0,438.08,normal,residencial,despejado,4,bajo,moto
ENV-006081,16.77,1.68,18.3,18.1,10.7,3.54,0,0,94.85,express,periferia,despejado,15,medio,moto
ENV-006082,5.64,0.1,8.7,6.2,8.1,0.44,0,0,349.04,normal,residencial,viento_fuerte,17,bajo,bicicleta
ENV-006083,7.44,1.3,15.7,14.3,9.1,2.04,0,0,6398.48,express,residencial,despejado,15,alto,moto
ENV-006084,21.31,0.88,23.7,20.6,10.6,5.18,0,0,11690.37,express,periferia,viento_fuerte,5,medio,camioneta
ENV-006085,4.35,4.41,35.5,28.9,32.5,33.34,0,0,1776.62,express,residencial,despejado,14,alto,moto
ENV-006086,7.53,5.94,38.7,31.8,30.2,37.17,0,0,255.04,normal,residencial,despejado,5,medio,moto
ENV-006087,2.26,1.44,15.9,14.9,15.4,3.65,0,0,632.11,normal,residencial,lluvia,15,alto,moto
ENV-006088,4.26,1.5,27.9,15.4,12.0,5.16,0,0,2745.9,normal,centro,despejado,11,bajo,bicicleta
ENV-006089,3.55,4.36,47.9,29.0,16.3,22.64,0,0,58.12,normal,centro,despejado,15,medio,bicicleta
ENV-006090,11.85,1.09,27.3,11.3,13.1,4.04,0,0,709.37,normal,residencial,despejado,12,alto,dron
ENV-006091,2.06,1.16,20.2,15.6,11.2,3.53,1,0,235.15,normal,centro,despejado,12,medio,bicicleta
ENV-006092,11.25,2.04,29.9,21.8,13.1,8.54,1,1,3321.2,express,periferia,despejado,11,bajo,camioneta
ENV-006093,3.5,2.33,29.2,17.3,17.4,8.79,1,0,356.06,express,centro,despejado,2,bajo,bicicleta
ENV-006094,11.09,12.15,42.1,29.2,31.9,39.22,0,0,1602.36,normal,residencial,despejado,1,bajo,moto
ENV-006095,9.6,3.93,43.9,33.7,15.0,22.19,0,0,663.3,express,residencial,despejado,5,medio,moto
ENV-006096,1.95,2.69,34.1,21.8,13.9,10.33,1,0,261.23,mismo_dia,centro,despejado,15,medio,bicicleta
ENV-006097,14.22,3.25,36.7,24.2,18.2,16.16,0,0,470.44,normal,periferia,despejado,14,medio,moto
ENV-006098,8.44,3.95,36.9,22.1,33.2,27.07,1,0,589.91,express,periferia,despejado,13,alto,camioneta
ENV-006099,15.79,0.99,29.1,16.3,12.4,5.88,0,0,142.58,express,periferia,despejado,17,bajo,moto
ENV-006100,20.4,2.01,27.7,17.9,15.1,7.49,1,0,1409.59,normal,periferia,lluvia,9,medio,moto
ENV-006101,40.04,2.09,26.3,24.0,20.9,13.19,0,0,1006.39,mismo_dia,rural,despejado,15,medio,camioneta
ENV-006102,1.77,9.68,70.6,38.6,22.8,62.13,0,0,193.81,normal,centro,lluvia,11,bajo,moto
ENV-006103,19.97,3.77,27.0,24.6,13.8,9.17,0,0,1357.37,mismo_dia,periferia,despejado,7,alto,moto
ENV-006104,7.5,1.14,21.6,20.1,13.2,5.73,0,0,7979.45,express,residencial,despejado,9,medio,dron
ENV-006105,10.2,2.05,22.3,16.0,25.6,9.13,1,0,843.45,mismo_dia,periferia,despejado,19,alto,dron
ENV-006106,8.29,1.81,36.4,26.8,13.8,13.46,0,0,2545.56,mismo_dia,residencial,despejado,16,medio,moto
ENV-006107,2.09,0.78,20.4,19.1,14.8,5.77,0,0,364.33,normal,centro,viento_fuerte,16,alto,bicicleta
ENV-006108,7.01,0.62,19.5,14.5,7.8,2.21,1,0,1099.4,normal,residencial,lluvia,12,alto,moto
ENV-006109,17.9,3.75,22.2,24.4,15.9,8.61,1,0,60.04,normal,periferia,lluvia,17,bajo,moto
ENV-006110,17.83,1.78,24.4,14.5,13.5,4.78,0,0,3412.17,mismo_dia,periferia,despejado,14,medio,moto
ENV-006111,1.89,0.48,12.3,10.5,10.3,1.33,0,0,906.0,express,centro,despejado,20,bajo,bicicleta
ENV-006112,13.51,6.17,52.6,32.0,19.2,32.32,0,0,919.12,mismo_dia,residencial,despejado,12,bajo,moto
ENV-006113,4.66,23.44,57.9,45.2,27.5,71.97,0,0,235.08,express,residencial,despejado,17,bajo,moto
ENV-006114,26.41,46.9,84.2,69.6,63.6,372.72,1,0,767.56,mismo_dia,periferia,despejado,15,alto,camioneta
ENV-006115,38.51,2.39,33.8,17.1,17.6,10.17,0,0,50,express,rural,lluvia,15,medio,moto
ENV-006116,20.29,4.52,36.2,17.9,23.0,14.9,0,0,1760.86,normal,periferia,despejado,22,alto,moto
ENV-006117,8.03,1.35,19.5,17.5,10.5,3.58,0,0,938.02,express,residencial,despejado,3,medio,moto
ENV-006118,6.13,11.63,51.8,32.2,23.1,38.53,0,0,786.63,mismo_dia,residencial,despejado,17,bajo,moto
ENV-006119,4.09,5.16,30.6,22.9,38.4,26.91,1,0,53.11,normal,residencial,despejado,14,alto,bicicleta
ENV-006120,7.5,4.47,30.2,17.4,14.6,7.67,0,0,106.2,express,residencial,despejado,7,medio,moto
ENV-006121,9.43,3.39,27.0,16.8,17.1,7.76,0,0,1436.44,normal,periferia,despejado,21,medio,moto
ENV-006122,18.5,3.18,41.3,24.4,15.1,15.22,1,0,503.32,express,periferia,despejado,22,alto,moto
ENV-006123,12.15,16.44,51.0,35.0,54.0,96.39,0,0,1089.77,normal,periferia,viento_fuerte,13,alto,camioneta
ENV-006124,1.68,3.05,25.3,14.9,17.4,6.56,1,0,2403.13,express,residencial,lluvia,6,medio,bicicleta
ENV-006125,39.48,3.73,35.3,33.3,20.2,23.74,0,0,1355.64,mismo_dia,rural,viento_fuerte,5,medio,moto
ENV-006126,3.0,2.72,37.1,30.3,17.8,20.01,0,0,704.74,express,centro,despejado,19,alto,bicicleta
ENV-006127,10.03,0.42,16.5,15.3,12.9,3.26,0,0,1344.51,normal,residencial,despejado,14,alto,dron
ENV-006128,19.79,1.54,23.3,13.6,10.3,3.26,0,0,2038.1,express,rural,despejado,17,bajo,moto
ENV-006129,20.03,8.43,43.1,30.6,41.6,54.86,1,0,1327.54,normal,rural,despejado,14,alto,moto
ENV-006130,8.62,2.37,27.0,25.8,20.6,14.35,0,0,1282.34,normal,periferia,lluvia,13,alto,camioneta
ENV-006131,10.33,4.45,36.0,23.3,19.5,16.36,0,0,155.37,normal,residencial,lluvia,18,alto,moto
ENV-006132,2.73,1.0,26.9,15.2,10.9,4.46,1,0,6122.6,express,centro,despejado,21,bajo,camioneta
ENV-006133,4.15,3.96,42.8,25.3,18.2,19.71,1,0,948.97,normal,centro,despejado,19,alto,bicicleta
ENV-006134,0.62,26.73,69.5,64.1,46.1,205.37,0,0,3721.59,normal,centro,despejado,22,bajo,camioneta
ENV-006135,10.72,2.73,26.3,15.3,16.0,6.44,0,0,4001.57,express,residencial,lluvia,17,bajo,moto
ENV-006136,14.43,2.87,32.1,18.7,13.0,7.8,0,0,1031.89,normal,periferia,despejado,22,bajo,moto
ENV-006137,47.7,12.9,66.1,48.2,21.3,67.86,1,0,1099.25,express,rural,despejado,21,alto,camioneta
ENV-006138,9.78,1.78,23.1,19.9,14.8,6.8,0,0,1821.2,normal,periferia,despejado,21,bajo,moto
ENV-006139,22.37,8.44,53.3,37.7,32.3,64.9,0,0,209.0,normal,periferia,despejado,12,bajo,moto
ENV-006140,38.32,5.22,46.9,20.6,24.0,23.19,0,0,5391.65,express,rural,lluvia,10,medio,moto
ENV-006141,16.52,25.35,80.9,41.5,45.6,153.1,0,0,280.9,normal,periferia,despejado,9,medio,camioneta
ENV-006142,3.35,0.57,21.2,12.4,11.0,2.89,0,0,372.82,normal,centro,despejado,12,bajo,bicicleta
ENV-006143,13.65,3.8,47.0,26.1,14.6,17.91,0,0,420.63,normal,periferia,despejado,11,bajo,moto
ENV-006144,1.99,0.65,24.2,11.5,10.4,2.89,1,0,2624.42,express,residencial,despejado,23,alto,bicicleta
ENV-006145,3.3,4.11,39.3,29.7,22.7,26.5,0,0,6675.97,normal,centro,despejado,16,medio,bicicleta
ENV-006146,57.67,13.45,45.4,40.7,30.2,55.8,0,0,3536.65,mismo_dia,rural,lluvia,10,medio,camioneta
ENV-006147,13.38,6.16,34.1,30.6,21.2,22.12,0,0,3405.45,normal,periferia,lluvia,8,alto,moto
ENV-006148,2.47,0.33,11.7,12.5,7.8,1.14,1,0,641.41,express,centro,despejado,13,bajo,bicicleta
ENV-006149,2.71,1.56,31.5,15.7,13.4,6.63,0,0,380.45,express,centro,despejado,16,bajo,bicicleta
ENV-006150,13.9,0.81,27.2,18.0,9.0,4.41,0,0,162.51,express,periferia,despejado,16,bajo,dron
ENV-006151,3.73,6.47,56.5,35.2,21.7,43.16,0,0,1130.16,mismo_dia,centro,despejado,18,alto,moto
ENV-006152,3.17,0.27,12.2,9.0,14.0,1.54,0,0,761.36,express,centro,despejado,11,medio,bicicleta
ENV-006153,5.28,0.85,21.5,15.2,10.8,3.53,0,0,915.26,mismo_dia,residencial,viento_fuerte,14,alto,moto
ENV-006154,6.46,0.82,16.4,13.6,15.8,3.52,0,0,1069.3,normal,residencial,despejado,10,bajo,bicicleta
ENV-006155,5.5,0.38,17.7,10.6,13.7,2.57,0,0,748.39,mismo_dia,residencial,despejado,5,bajo,moto
ENV-006156,4.16,3.25,46.6,23.2,21.5,23.24,0,0,1734.0,normal,residencial,despejado,11,bajo,bicicleta
ENV-006157,10.76,1.79,29.2,22.7,20.7,13.72,0,0,940.95,express,residencial,despejado,15,alto,moto
ENV-006158,3.18,5.19,30.3,16.7,23.7,11.99,0,0,118.68,normal,centro,despejado,21,bajo,moto
ENV-006159,7.16,1.16,22.9,10.6,13.5,3.28,0,0,934.63,normal,residencial,lluvia,12,medio,moto
ENV-006160,8.76,2.48,25.3,15.9,22.9,9.21,0,0,286.1,express,residencial,lluvia,9,medio,moto
ENV-006161,11.73,0.31,18.6,9.9,6.3,1.16,1,0,5358.87,express,periferia,despejado,17,medio,dron
ENV-006162,4.5,0.58,22.1,16.2,10.7,3.83,1,0,1482.83,normal,centro,despejado,15,alto,bicicleta
ENV-006163,10.37,1.25,30.8,22.7,10.1,7.06,0,0,1124.36,normal,residencial,despejado,8,medio,dron
ENV-006164,8.95,1.37,36.7,16.6,17.1,10.42,1,0,222.71,express,residencial,despejado,10,bajo,dron
ENV-006165,3.79,8.29,54.8,29.6,23.6,38.28,0,0,1926.74,express,residencial,despejado,21,medio,camioneta
ENV-006166,13.12,5.93,42.9,29.7,16.1,20.51,1,0,145.97,normal,periferia,despejado,10,bajo,moto
ENV-006167,3.38,1.29,26.5,16.0,8.7,3.69,0,0,2967.33,mismo_dia,residencial,viento_fuerte,10,medio,bicicleta
ENV-006168,0.79,2.08,23.8,26.7,19.3,12.26,1,0,353.09,normal,centro,despejado,16,medio,bicicleta
ENV-006169,23.3,0.71,13.9,10.7,8.1,1.2,0,1,581.42,express,periferia,despejado,17,bajo,camioneta
ENV-006170,30.59,2.16,40.8,27.3,14.3,15.93,0,0,1226.53,mismo_dia,rural,viento_fuerte,2,bajo,moto
ENV-006171,11.93,2.27,24.7,15.7,9.3,3.61,0,0,399.88,normal,periferia,lluvia,16,bajo,moto
ENV-006172,6.46,0.47,17.6,11.3,6.2,1.23,0,0,5756.77,express,residencial,despejado,19,bajo,dron
ENV-006173,23.39,0.61,15.7,17.0,11.1,2.96,1,0,50.25,express,periferia,despejado,10,bajo,moto
ENV-006174,21.49,1.64,27.1,20.9,15.1,8.55,0,0,344.44,normal,periferia,despejado,14,alto,moto
ENV-006175,10.08,2.66,42.7,22.6,17.2,16.6,1,0,536.25,normal,residencial,despejado,18,medio,moto
ENV-006176,3.43,1.98,33.1,25.7,15.6,13.27,1,1,695.69,express,residencial,lluvia,8,alto,camioneta
ENV-006177,1.09,1.37,24.9,24.8,15.0,9.26,1,0,257.96,normal,centro,despejado,8,medio,bicicleta
ENV-006178,54.77,0.76,23.1,14.3,18.2,6.01,0,0,1084.02,mismo_dia,rural,despejado,15,medio,camioneta
ENV-006179,11.98,0.97,20.0,10.9,9.7,2.11,0,0,427.55,mismo_dia,residencial,despejado,19,bajo,dron
ENV-006180,3.72,3.04,25.8,15.7,12.8,5.18,1,0,589.53,mismo_dia,centro,lluvia,14,alto,bicicleta
ENV-006181,29.85,78.91,108.4,55.4,64.8,389.15,1,0,2614.32,normal,rural,despejado,8,medio,camioneta
ENV-006182,36.83,0.62,18.7,12.6,20.3,4.78,0,0,599.75,normal,rural,despejado,20,medio,moto
ENV-006183,9.91,1.24,24.5,16.2,11.3,4.48,0,0,2858.47,express,periferia,despejado,11,bajo,dron
ENV-006184,7.2,1.06,22.6,20.9,14.3,6.75,0,0,397.24,express,residencial,lluvia,10,medio,moto
ENV-006185,9.59,2.53,27.1,19.6,26.4,14.02,1,0,634.51,normal,periferia,despejado,17,medio,moto
ENV-006186,3.0,2.66,21.1,15.7,19.7,6.53,0,0,2993.33,normal,centro,despejado,16,bajo,bicicleta
ENV-006187,18.53,4.81,38.7,18.8,14.3,10.4,0,0,309.32,normal,periferia,despejado,6,bajo,moto
ENV-006188,4.46,16.61,74.0,51.1,25.0,94.53,0,0,547.56,express,residencial,despejado,5,bajo,camioneta
ENV-006189,13.72,22.52,62.1,39.9,41.0,101.59,0,0,2233.48,express,periferia,despejado,10,medio,camioneta
ENV-006190,3.98,1.73,23.1,19.3,21.0,9.36,0,0,3072.97,normal,centro,despejado,17,alto,bicicleta
ENV-006191,9.64,1.46,22.8,21.2,18.2,8.8,0,0,663.59,express,residencial,despejado,12,alto,dron
ENV-006192,12.24,1.16,20.4,10.3,12.0,2.52,0,0,395.53,mismo_dia,residencial,despejado,11,alto,dron
ENV-006193,5.24,6.01,45.9,28.1,36.9,47.59,0,0,442.73,mismo_dia,residencial,despejado,9,alto,moto
ENV-006194,6.5,1.0,17.9,9.6,12.7,2.18,0,0,1379.98,express,residencial,despejado,12,alto,bicicleta
ENV-006195,7.46,0.62,15.1,16.7,12.0,3.03,0,1,446.09,mismo_dia,residencial,viento_fuerte,14,alto,camioneta
ENV-006196,13.33,0.87,18.4,15.9,17.0,4.97,0,0,3254.44,express,periferia,despejado,15,medio,dron
ENV-006197,13.13,2.29,35.2,22.2,11.5,8.99,1,0,9977.2,mismo_dia,residencial,lluvia,17,bajo,moto
ENV-006198,8.83,1.21,23.1,18.7,11.7,5.05,0,0,401.38,express,residencial,despejado,7,medio,dron
ENV-006199,4.02,1.45,35.0,23.0,11.5,9.26,0,0,194.14,normal,centro,lluvia,11,medio,moto
ENV-006200,28.42,5.43,54.1,33.8,23.6,43.15,0,0,483.37,normal,periferia,lluvia,2,bajo,moto
ENV-006201,21.85,0.54,18.9,12.6,16.4,3.91,0,0,151.54,normal,rural,despejado,6,medio,moto
ENV-006202,12.03,5.95,40.8,38.6,23.7,37.32,0,0,3446.08,normal,periferia,despejado,21,medio,moto
ENV-006203,2.44,3.19,38.9,18.3,21.9,15.59,0,0,90.96,express,centro,despejado,8,medio,bicicleta
ENV-006204,21.7,1.67,18.6,14.4,21.4,5.73,0,0,238.71,express,rural,despejado,14,medio,moto
ENV-006205,13.01,1.82,34.1,19.7,13.0,8.73,0,0,1268.09,express,residencial,despejado,12,bajo,dron
ENV-006206,16.79,0.56,12.3,9.9,8.5,1.04,1,0,279.87,mismo_dia,periferia,despejado,6,medio,moto
ENV-006207,2.04,0.69,24.6,17.4,9.1,3.9,0,0,328.78,mismo_dia,centro,viento_fuerte,13,medio,bicicleta
ENV-006208,1.69,1.34,37.2,17.7,14.9,9.81,0,0,366.51,express,centro,viento_fuerte,8,bajo,bicicleta
ENV-006209,0.95,3.47,24.8,18.3,29.8,13.52,0,0,312.11,express,centro,lluvia,20,medio,moto
ENV-006210,17.18,28.07,39.2,42.9,29.2,49.11,0,0,2377.07,express,periferia,despejado,16,bajo,camioneta
ENV-006211,3.17,0.8,17.3,8.5,11.6,1.71,0,0,1482.12,mismo_dia,centro,lluvia,17,bajo,moto
ENV-006212,4.03,0.21,16.1,12.0,6.6,1.28,0,0,189.9,normal,residencial,lluvia,8,alto,moto
ENV-006213,1.11,1.32,17.4,16.1,17.8,4.99,1,0,1654.31,express,centro,despejado,8,alto,bicicleta
ENV-006214,3.22,2.94,43.4,19.9,23.4,20.21,1,0,124.75,mismo_dia,centro,despejado,10,bajo,bicicleta
ENV-006215,26.47,0.87,20.3,14.4,7.1,2.08,0,0,2707.72,express,periferia,despejado,8,alto,moto
ENV-006216,10.41,10.69,45.5,41.6,44.8,84.8,0,0,2939.49,normal,residencial,despejado,19,alto,moto
ENV-006217,5.52,0.11,11.9,7.2,3.5,0.3,1,0,4760.5,normal,residencial,despejado,22,bajo,bicicleta
ENV-006218,17.13,1.42,22.6,17.0,28.7,11.03,0,0,3927.34,express,periferia,despejado,14,medio,moto
ENV-006219,12.98,9.31,44.4,30.4,15.0,20.25,0,0,616.35,mismo_dia,residencial,despejado,21,alto,moto
ENV-006220,1.26,0.47,9.4,9.0,9.7,0.82,0,0,146.61,normal,centro,lluvia,15,medio,moto
ENV-006221,4.21,2.78,28.1,26.2,22.9,16.86,1,0,918.43,mismo_dia,residencial,despejado,10,bajo,bicicleta
ENV-006222,1.41,1.88,29.8,17.5,17.8,9.28,0,0,142.58,normal,centro,despejado,14,alto,bicicleta
ENV-006223,4.66,4.19,31.9,19.7,22.0,13.83,0,0,6731.91,express,residencial,despejado,19,medio,bicicleta
ENV-006224,18.16,5.43,47.9,22.8,29.2,31.89,0,0,1781.07,normal,periferia,despejado,8,medio,moto
ENV-006225,29.13,1.12,25.5,18.8,9.9,4.75,0,0,181.63,express,rural,viento_fuerte,8,alto,moto
ENV-006226,15.71,2.25,29.6,17.2,9.3,4.73,0,0,1256.29,normal,periferia,despejado,7,alto,moto
ENV-006227,3.68,3.52,39.9,19.3,16.0,12.32,0,0,1052.25,express,residencial,despejado,15,alto,bicicleta
ENV-006228,5.82,0.32,21.1,14.4,7.4,2.25,0,0,126.05,normal,residencial,lluvia,13,alto,moto
ENV-006229,35.22,0.37,18.2,12.5,12.9,2.93,0,0,289.79,express,rural,despejado,10,medio,moto
ENV-006230,1.74,5.99,53.6,24.6,20.2,26.63,0,0,7946.26,normal,centro,lluvia,12,bajo,moto
ENV-006231,3.76,0.23,18.9,10.1,8.5,1.62,0,0,3334.53,normal,centro,lluvia,16,bajo,moto
ENV-006232,2.34,10.58,38.4,36.6,40.0,56.22,0,0,481.19,normal,centro,despejado,3,bajo,moto
ENV-006233,0.56,3.72,24.7,13.6,17.4,5.85,0,0,808.51,express,centro,lluvia,6,alto,moto
ENV-006234,5.82,0.8,26.9,12.4,12.9,4.3,0,0,647.2,normal,residencial,despejado,8,alto,bicicleta
ENV-006235,6.57,0.69,22.7,11.7,8.1,2.15,0,0,857.03,express,residencial,despejado,7,medio,dron
ENV-006236,4.97,4.0,31.0,21.1,9.3,6.08,0,0,312.07,express,residencial,despejado,21,bajo,moto
ENV-006237,3.38,1.71,37.7,22.5,13.5,11.45,0,0,891.91,express,centro,despejado,21,alto,moto
ENV-006238,1.79,21.65,90.8,40.6,37.0,136.4,0,0,192.74,normal,centro,despejado,11,alto,camioneta
ENV-006239,5.13,1.25,20.7,16.9,16.5,5.77,0,0,256.07,normal,centro,despejado,7,alto,bicicleta
ENV-006240,2.79,3.46,49.3,33.3,16.2,26.6,0,0,2983.15,express,centro,despejado,18,alto,bicicleta
ENV-006241,9.72,1.54,28.3,22.3,17.3,10.92,0,0,2714.16,normal,residencial,despejado,18,medio,dron
ENV-006242,10.62,0.47,13.0,11.2,7.5,1.09,0,0,3829.66,mismo_dia,residencial,viento_fuerte,14,medio,moto
ENV-006243,1.61,1.13,20.0,13.6,9.1,2.48,0,0,353.38,normal,centro,despejado,11,alto,bicicleta
ENV-006244,4.7,1.12,25.4,18.4,11.5,5.37,0,0,1403.54,mismo_dia,residencial,lluvia,16,bajo,moto
ENV-006245,4.93,7.41,44.6,34.9,24.7,38.45,0,0,56.7,normal,residencial,lluvia,14,alto,moto
ENV-006246,0.8,2.31,39.4,26.6,13.4,14.04,0,0,466.29,normal,centro,lluvia,6,bajo,moto
ENV-006247,2.59,2.05,29.7,20.7,18.2,11.19,0,0,1304.14,normal,centro,viento_fuerte,19,alto,bicicleta
ENV-006248,19.02,1.02,21.5,19.5,17.5,7.34,0,0,9500.81,express,rural,viento_fuerte,17,medio,moto
ENV-006249,11.88,3.51,25.7,24.6,23.4,14.79,0,0,8587.96,express,residencial,viento_fuerte,12,alto,moto
ENV-006250,8.67,5.0,33.6,17.5,19.4,11.41,0,0,229.12,normal,residencial,lluvia,10,bajo,moto
ENV-006251,4.77,0.62,19.1,11.9,16.9,3.84,1,0,331.79,normal,residencial,despejado,15,alto,bicicleta
ENV-006252,1.08,10.9,53.9,27.3,31.9,46.94,0,0,496.83,normal,centro,lluvia,15,alto,moto
ENV-006253,4.64,0.28,14.6,11.6,6.7,1.13,0,0,3150.96,normal,residencial,despejado,8,medio,bicicleta
ENV-006254,2.02,0.24,14.2,6.6,7.7,0.72,0,0,5073.46,express,centro,despejado,16,alto,bicicleta
ENV-006255,6.17,6.6,28.0,22.7,18.9,12.01,1,0,688.68,normal,residencial,despejado,16,alto,bicicleta
ENV-006256,4.69,1.51,31.8,18.3,15.2,8.85,0,0,358.02,normal,centro,despejado,9,alto,bicicleta
ENV-006257,4.43,1.52,20.3,19.0,11.1,4.28,0,0,1525.76,mismo_dia,centro,despejado,7,bajo,bicicleta
ENV-006258,3.21,3.15,35.4,19.4,21.2,14.56,0,0,968.37,normal,residencial,lluvia,14,alto,bicicleta
ENV-006259,5.68,0.74,20.9,14.8,10.8,3.34,1,0,514.44,mismo_dia,residencial,viento_fuerte,2,alto,moto
ENV-006260,4.14,0.69,14.7,13.4,12.2,2.4,1,0,9163.53,normal,centro,despejado,16,alto,bicicleta
ENV-006261,29.51,0.54,10.6,7.2,12.6,0.96,1,0,604.88,mismo_dia,rural,despejado,18,medio,moto
ENV-006262,3.8,2.94,31.2,18.0,12.0,6.74,0,0,2043.47,normal,centro,despejado,16,bajo,bicicleta
ENV-006263,10.67,0.93,20.5,12.2,10.4,2.6,0,0,464.67,express,residencial,despejado,15,alto,dron
ENV-006264,3.75,6.72,31.5,25.4,14.0,11.2,0,0,1359.88,normal,centro,viento_fuerte,8,medio,bicicleta
ENV-006265,8.97,12.03,72.3,37.9,27.6,75.63,0,0,1824.29,mismo_dia,residencial,lluvia,16,medio,moto
ENV-006266,7.71,1.03,20.2,13.9,11.9,3.34,0,0,3179.68,express,residencial,despejado,7,alto,dron
ENV-006267,2.4,1.14,17.9,11.6,14.5,3.01,0,1,129.08,mismo_dia,centro,despejado,12,bajo,camioneta
ENV-006268,6.68,12.89,39.1,24.4,28.2,26.9,0,0,9481.59,express,residencial,lluvia,8,medio,moto
ENV-006269,3.8,1.24,18.5,15.6,17.5,5.05,0,0,1710.4,mismo_dia,centro,despejado,17,alto,bicicleta
ENV-006270,7.29,6.04,55.7,32.0,21.1,37.61,0,0,1041.14,normal,residencial,despejado,7,alto,moto
ENV-006271,21.29,1.99,30.7,21.0,19.7,12.7,0,1,1141.22,normal,rural,despejado,18,bajo,camioneta
ENV-006272,4.18,0.69,28.4,16.3,11.4,5.28,1,1,1176.27,express,residencial,despejado,17,bajo,camioneta
ENV-006273,2.32,16.09,61.6,29.2,37.4,67.27,0,1,264.02,mismo_dia,centro,lluvia,8,alto,camioneta
ENV-006274,15.62,3.07,28.7,19.3,26.8,14.84,0,0,177.88,mismo_dia,periferia,despejado,11,bajo,moto
ENV-006275,3.67,0.39,18.0,10.2,11.0,2.02,0,0,1415.9,normal,centro,lluvia,15,alto,moto
ENV-006276,12.01,19.5,46.5,31.2,20.6,29.89,0,0,12072.02,normal,residencial,despejado,0,alto,moto
ENV-006277,5.08,3.0,38.9,23.4,12.6,11.47,0,0,108.9,normal,residencial,lluvia,9,medio,moto
ENV-006278,9.58,3.06,39.5,18.9,19.8,14.78,0,0,790.51,mismo_dia,residencial,despejado,15,medio,moto
ENV-006279,11.3,7.75,54.8,33.0,25.5,46.11,1,0,3157.54,express,periferia,despejado,14,alto,moto
ENV-006280,24.18,4.35,36.3,22.0,33.5,26.75,0,0,731.17,normal,periferia,lluvia,12,alto,moto
ENV-006281,2.42,8.46,42.3,20.0,15.7,13.28,0,0,431.35,normal,centro,despejado,10,bajo,moto
ENV-006282,16.83,4.64,21.3,20.7,20.6,9.08,0,0,1147.41,normal,periferia,viento_fuerte,20,alto,moto
ENV-006283,3.0,0.29,18.5,9.3,8.1,1.39,1,0,85.21,mismo_dia,residencial,viento_fuerte,14,alto,bicicleta
ENV-006284,10.3,0.84,26.8,12.9,11.8,4.08,1,0,6694.93,normal,periferia,despejado,16,bajo,dron
ENV-006285,6.93,2.68,27.2,20.5,11.1,6.19,0,0,347.16,normal,residencial,viento_fuerte,9,alto,bicicleta
ENV-006286,12.08,0.1,7.7,5.6,7.0,0.3,1,0,1997.48,normal,residencial,despejado,10,alto,dron
ENV-006287,3.35,14.64,77.7,38.8,32.8,98.88,0,0,1354.64,normal,centro,despejado,15,alto,camioneta
ENV-006288,48.56,4.85,44.7,30.4,19.9,27.04,1,0,1198.27,normal,rural,despejado,17,medio,camioneta
ENV-006289,28.0,3.04,33.4,25.4,28.2,23.92,0,0,832.56,express,rural,despejado,15,alto,moto
ENV-006290,32.36,0.34,21.6,14.1,7.5,2.28,0,0,1066.53,normal,rural,viento_fuerte,18,bajo,moto
ENV-006291,13.21,0.58,22.7,16.7,11.1,4.21,1,1,1832.25,normal,residencial,despejado,11,bajo,camioneta
ENV-006292,26.79,0.39,15.6,9.8,9.9,1.51,1,0,616.16,mismo_dia,rural,despejado,13,bajo,moto
ENV-006293,2.07,2.3,18.4,17.9,17.0,5.6,0,0,2210.49,normal,centro,viento_fuerte,18,alto,bicicleta
ENV-006294,12.27,12.7,56.1,31.0,49.8,86.61,0,0,203.87,normal,periferia,lluvia,15,alto,moto
ENV-006295,16.72,1.74,35.1,21.2,12.4,9.23,0,0,605.71,normal,periferia,despejado,10,bajo,moto
ENV-006296,6.23,2.54,21.1,20.2,16.7,7.12,0,0,3576.39,mismo_dia,residencial,despejado,14,alto,bicicleta
ENV-006297,2.14,2.31,34.0,25.8,14.4,12.63,1,0,216.93,express,centro,lluvia,6,medio,bicicleta
ENV-006298,12.47,4.06,36.6,30.3,18.0,19.96,0,0,750.77,express,periferia,lluvia,17,bajo,moto
ENV-006299,0.42,0.88,18.9,19.1,18.4,6.64,1,0,149.25,normal,centro,despejado,8,bajo,bicicleta
ENV-006300,44.72,9.36,38.5,27.6,18.8,19.98,1,0,659.74,normal,rural,despejado,16,bajo,camioneta
ENV-006301,54.27,3.14,42.3,21.7,16.0,14.69,0,0,333.01,normal,rural,lluvia,16,medio,camioneta
ENV-006302,6.94,2.88,24.7,28.8,20.1,14.3,0,0,2434.17,express,periferia,lluvia,18,alto,moto
ENV-006303,1.34,4.36,31.6,19.6,11.0,6.81,1,0,1338.13,normal,centro,despejado,19,medio,bicicleta
ENV-006304,15.21,2.75,37.4,22.5,25.6,21.54,1,0,67.68,normal,periferia,despejado,20,alto,moto
ENV-006305,6.43,0.92,22.3,20.5,12.9,5.9,0,0,451.4,express,residencial,despejado,17,alto,dron
ENV-006306,6.69,0.59,12.1,8.9,8.8,0.95,0,0,1095.04,express,residencial,despejado,8,medio,bicicleta
ENV-006307,12.48,4.75,26.1,26.3,20.5,14.07,0,0,6871.21,normal,residencial,lluvia,13,medio,moto
ENV-006308,11.8,2.1,30.4,19.0,11.2,6.47,0,0,1407.69,normal,residencial,despejado,14,medio,dron
ENV-006309,3.26,5.95,37.7,29.2,41.8,46.02,0,0,354.33,mismo_dia,centro,despejado,13,medio,moto
ENV-006310,1.65,4.21,29.2,20.7,26.3,15.9,1,0,250.33,normal,centro,lluvia,17,alto,moto
ENV-006311,13.77,1.09,20.4,18.6,14.4,5.46,0,0,105.72,express,periferia,viento_fuerte,21,bajo,moto
ENV-006312,37.84,0.51,15.5,13.3,14.0,2.89,0,0,159.31,normal,rural,despejado,19,bajo,moto
ENV-006313,1.32,13.67,40.9,28.2,46.0,53.06,0,0,1778.28,normal,centro,despejado,18,medio,moto
ENV-006314,2.65,1.09,31.3,18.8,13.2,7.77,1,0,220.73,normal,centro,despejado,7,medio,bicicleta
ENV-006315,3.31,1.98,18.8,17.5,18.4,6.05,0,0,538.36,express,centro,despejado,15,alto,bicicleta
ENV-006316,6.71,1.03,15.7,13.2,9.2,1.91,1,1,2659.21,express,residencial,despejado,14,alto,camioneta
ENV-006317,2.24,1.39,26.0,25.9,15.3,10.3,0,0,2045.26,normal,centro,despejado,20,bajo,bicicleta
ENV-006318,1.92,0.68,16.6,14.9,14.1,3.49,1,0,736.1,express,centro,despejado,19,medio,bicicleta
ENV-006319,13.85,1.25,19.2,12.5,20.0,4.8,0,0,868.91,mismo_dia,residencial,lluvia,21,medio,moto
ENV-006320,2.34,1.5,34.7,24.2,12.2,10.24,0,0,327.64,normal,centro,despejado,11,medio,bicicleta
ENV-006321,14.58,0.5,18.4,16.0,8.2,2.41,1,0,3675.32,mismo_dia,periferia,despejado,19,alto,dron
ENV-006322,5.15,2.92,24.1,20.2,22.0,10.71,0,0,10109.29,normal,centro,despejado,17,medio,bicicleta
ENV-006323,7.45,2.61,40.5,28.6,16.9,19.58,0,0,282.25,normal,residencial,despejado,20,medio,moto
ENV-006324,5.54,1.51,32.1,17.8,16.3,9.31,0,0,89.33,express,residencial,despejado,3,bajo,moto
ENV-006325,3.83,6.5,36.4,29.4,20.9,22.37,0,0,3257.13,normal,centro,despejado,21,alto,moto
ENV-006326,44.6,1.09,31.5,15.0,11.8,5.58,0,0,138.57,express,rural,despejado,9,alto,camioneta
ENV-006327,17.78,1.36,31.0,18.7,15.5,8.99,0,1,435.01,normal,periferia,despejado,17,medio,camioneta
ENV-006328,4.03,5.72,28.7,17.3,27.7,13.75,0,1,3002.66,normal,residencial,despejado,8,alto,camioneta
ENV-006329,12.26,5.14,37.8,35.5,24.8,33.28,1,0,287.74,mismo_dia,residencial,despejado,14,bajo,moto
ENV-006330,14.05,3.42,31.0,15.4,12.0,5.73,1,0,2158.93,express,periferia,despejado,2,medio,moto
ENV-006331,2.57,3.81,29.8,13.5,17.0,6.84,0,0,1840.09,express,centro,despejado,11,alto,bicicleta
ENV-006332,12.61,2.03,33.6,25.5,16.7,14.31,0,0,195.69,express,periferia,lluvia,15,alto,moto
ENV-006333,1.6,1.73,35.6,16.3,14.9,8.65,0,0,157.86,normal,centro,lluvia,4,bajo,moto
ENV-006334,3.8,40.17,89.1,75.7,44.5,300.15,0,0,405.33,express,centro,despejado,19,alto,camioneta
ENV-006335,12.24,2.28,27.8,14.8,14.7,6.05,0,0,324.8,normal,residencial,despejado,18,alto,dron
ENV-006336,6.83,0.95,18.1,14.5,15.9,4.17,0,0,1306.66,normal,residencial,despejado,14,bajo,bicicleta
ENV-006337,46.74,4.53,23.1,16.5,27.9,10.63,1,0,1778.63,normal,rural,lluvia,16,alto,camioneta
ENV-006338,6.35,2.19,39.5,24.2,17.3,16.54,1,0,121.88,mismo_dia,residencial,despejado,18,medio,bicicleta
ENV-006339,7.26,1.55,22.4,20.5,11.9,5.46,0,1,183.71,normal,residencial,lluvia,13,medio,camioneta
ENV-006340,9.09,2.72,23.9,20.2,18.9,9.12,0,0,449.98,normal,residencial,viento_fuerte,15,alto,moto
ENV-006341,2.36,3.66,33.6,34.4,20.6,23.81,0,0,306.6,normal,centro,despejado,10,bajo,bicicleta
ENV-006342,2.81,2.93,24.0,24.8,19.3,11.49,0,0,50,normal,centro,despejado,16,bajo,bicicleta
ENV-006343,17.1,2.87,48.1,31.3,14.6,21.98,0,0,217.81,normal,periferia,despejado,11,alto,moto
ENV-006344,33.32,0.1,10.6,6.8,4.2,0.3,1,0,47849.53,normal,rural,despejado,18,medio,moto
ENV-006345,6.0,6.16,44.8,21.8,21.0,20.51,0,0,142.72,mismo_dia,residencial,despejado,6,bajo,moto
ENV-006346,1.26,1.83,24.6,24.3,23.5,14.05,0,0,5117.05,express,centro,despejado,18,bajo,bicicleta
ENV-006347,1.8,3.74,32.4,23.4,31.1,23.58,1,0,954.27,mismo_dia,centro,despejado,2,medio,moto
ENV-006348,5.15,3.78,35.8,17.3,13.1,8.11,0,0,320.94,normal,centro,viento_fuerte,21,alto,moto
ENV-006349,2.53,78.0,130.6,61.0,50.2,399.92,1,1,178.58,normal,centro,despejado,16,bajo,camioneta
ENV-006350,9.62,0.94,23.5,16.6,7.1,2.77,0,0,310.94,normal,residencial,despejado,8,alto,dron
ENV-006351,3.29,6.79,31.3,26.1,15.1,12.34,1,0,1211.38,express,centro,despejado,17,medio,bicicleta
ENV-006352,1.54,0.47,19.8,9.7,13.3,2.55,1,1,695.79,normal,centro,lluvia,20,alto,camioneta
ENV-006353,10.58,7.08,48.9,31.9,24.7,38.53,0,0,3800.35,express,residencial,viento_fuerte,9,bajo,moto
ENV-006354,6.66,28.79,81.4,45.8,26.4,98.42,0,0,393.54,normal,residencial,despejado,21,bajo,camioneta
ENV-006355,1.16,3.48,35.1,24.0,14.4,12.13,0,0,278.62,normal,residencial,lluvia,17,bajo,moto
ENV-006356,7.8,4.21,31.8,16.7,13.8,7.33,0,0,3995.43,mismo_dia,residencial,despejado,7,alto,moto
ENV-006357,1.36,4.22,53.8,22.4,26.0,31.33,0,0,121.13,normal,centro,despejado,12,bajo,bicicleta
ENV-006358,11.8,3.54,27.2,23.2,15.8,9.97,0,0,203.03,normal,residencial,despejado,10,medio,moto
ENV-006359,1.43,1.4,32.9,23.5,13.8,10.67,0,0,426.45,normal,residencial,despejado,7,alto,bicicleta
ENV-006360,13.89,0.17,11.5,5.7,5.0,0.33,0,0,659.82,normal,periferia,lluvia,16,bajo,moto
ENV-006361,12.01,1.54,26.6,17.6,8.2,3.84,0,0,223.98,express,periferia,despejado,11,bajo,dron
ENV-006362,1.15,1.28,19.2,19.3,17.6,6.52,0,0,857.13,normal,centro,despejado,12,medio,bicicleta
ENV-006363,3.87,2.71,32.4,16.8,15.0,8.16,0,0,3226.16,express,centro,despejado,13,medio,bicicleta
ENV-006364,3.66,38.73,69.7,43.8,21.2,64.72,1,0,1922.09,normal,centro,despejado,18,bajo,camioneta
ENV-006365,1.79,0.2,17.2,10.0,7.9,1.36,0,0,4604.86,express,centro,despejado,7,alto,bicicleta
ENV-006366,5.1,7.95,56.3,28.5,33.5,53.75,1,0,9820.96,express,residencial,despejado,14,medio,moto
ENV-006367,5.65,2.89,37.3,21.7,12.3,9.96,0,0,23635.53,normal,residencial,despejado,19,alto,bicicleta
ENV-006368,5.81,0.25,12.6,11.2,13.1,1.85,0,1,111.52,normal,residencial,despejado,9,alto,camioneta
ENV-006369,18.63,1.06,24.9,14.0,9.8,3.42,0,0,631.7,normal,periferia,despejado,8,alto,moto
ENV-006370,23.89,7.45,35.7,27.3,19.3,18.81,0,0,5945.56,normal,periferia,despejado,15,bajo,moto
ENV-006371,17.44,7.06,56.1,25.6,24.5,35.19,1,0,1832.02,normal,periferia,lluvia,13,alto,moto
ENV-006372,1.73,7.74,37.9,20.8,15.5,12.22,0,0,754.86,normal,centro,despejado,13,bajo,bicicleta
ENV-006373,4.94,4.94,46.4,23.8,22.0,24.3,0,0,247.87,mismo_dia,centro,viento_fuerte,11,medio,bicicleta
ENV-006374,1.74,3.4,24.2,24.7,18.8,11.24,1,0,285.27,mismo_dia,centro,despejado,18,alto,bicicleta
ENV-006375,5.43,1.53,24.9,20.4,11.3,5.74,0,0,557.2,express,residencial,despejado,11,medio,bicicleta
ENV-006376,1.46,1.17,29.8,18.1,11.6,6.26,0,0,3149.07,normal,residencial,despejado,14,alto,bicicleta
ENV-006377,16.34,0.64,27.0,18.2,7.6,3.73,0,0,523.99,express,periferia,despejado,12,alto,moto
ENV-006378,40.18,2.45,23.5,21.6,13.9,7.06,0,0,1101.48,express,rural,viento_fuerte,10,medio,camioneta
ENV-006379,55.09,4.95,38.0,24.0,14.1,12.86,0,0,50,express,rural,despejado,16,medio,camioneta
ENV-006380,21.46,1.15,16.7,12.4,19.4,4.02,0,0,863.19,mismo_dia,periferia,lluvia,18,medio,moto
ENV-006381,0.97,0.95,19.2,15.0,8.3,2.39,1,0,1267.01,express,centro,viento_fuerte,17,medio,bicicleta
ENV-006382,3.81,9.42,42.1,23.3,16.5,16.19,0,0,966.86,express,centro,despejado,15,alto,moto
ENV-006383,28.9,2.68,39.5,20.8,20.0,16.43,0,1,50,mismo_dia,rural,despejado,20,alto,camioneta
ENV-006384,2.98,1.62,30.3,22.4,12.1,8.21,0,0,669.03,normal,centro,despejado,2,medio,moto
ENV-006385,10.16,1.99,30.6,24.2,20.4,15.11,0,0,642.08,express,residencial,despejado,13,medio,moto
ENV-006386,11.87,9.87,44.5,35.2,28.0,43.86,0,0,1032.41,mismo_dia,periferia,despejado,12,alto,moto
ENV-006387,11.88,1.15,19.1,13.6,9.8,2.55,0,0,5599.17,mismo_dia,residencial,viento_fuerte,12,bajo,moto
ENV-006388,13.77,0.53,22.5,18.1,8.9,3.62,1,0,533.23,express,periferia,despejado,8,alto,dron
ENV-006389,3.42,6.39,60.0,39.7,17.6,41.92,0,1,11486.99,mismo_dia,centro,despejado,16,bajo,camioneta
ENV-006390,7.64,2.27,31.0,29.7,17.1,15.74,0,0,558.37,normal,residencial,despejado,19,alto,moto
ENV-006391,4.47,11.07,39.3,24.5,42.4,40.82,0,0,1810.34,normal,residencial,despejado,16,medio,moto
ENV-006392,2.05,0.65,22.0,16.4,13.5,4.87,0,0,700.76,mismo_dia,centro,despejado,19,alto,bicicleta
ENV-006393,16.99,9.54,49.9,42.3,23.3,49.18,0,0,365.51,normal,periferia,despejado,18,alto,moto
ENV-006394,31.43,18.06,43.1,31.2,49.9,67.1,0,0,1009.48,normal,rural,despejado,9,alto,moto
ENV-006395,3.03,1.92,29.4,18.3,10.6,5.7,0,0,938.52,express,centro,despejado,13,medio,bicicleta
ENV-006396,22.97,0.63,15.9,14.5,9.0,2.07,0,0,1460.7,normal,periferia,despejado,6,alto,moto
ENV-006397,24.57,6.06,44.3,29.2,29.2,37.77,0,0,817.54,normal,rural,despejado,19,medio,moto
ENV-006398,7.55,0.89,19.6,10.4,13.1,2.67,0,0,1464.31,express,residencial,despejado,17,alto,dron
ENV-006399,1.94,77.25,65.9,44.5,46.0,134.9,0,0,365.28,express,centro,despejado,18,alto,camioneta
ENV-006400,12.09,3.63,24.9,12.8,19.0,6.06,0,0,501.28,normal,residencial,despejado,19,alto,moto
ENV-006401,36.39,0.61,18.8,9.8,11.8,2.17,0,0,635.01,normal,rural,lluvia,7,alto,moto
ENV-006402,5.29,0.34,12.5,11.3,9.7,1.37,0,0,233.73,express,centro,despejado,18,alto,bicicleta
ENV-006403,4.02,11.2,59.7,40.1,25.5,61.05,0,0,5869.34,express,centro,despejado,14,alto,moto
ENV-006404,2.46,1.04,17.1,9.8,10.9,1.83,0,0,2908.38,express,residencial,despejado,10,medio,bicicleta
ENV-006405,1.36,4.07,55.0,31.8,17.9,31.31,1,0,268.91,express,centro,despejado,6,bajo,bicicleta
ENV-006406,4.7,3.03,28.5,29.1,19.9,16.5,1,0,320.39,normal,residencial,despejado,14,alto,bicicleta
ENV-006407,6.84,2.61,23.5,14.8,18.3,6.36,0,0,611.68,normal,residencial,lluvia,21,alto,moto
ENV-006408,3.43,8.35,60.3,44.1,21.1,56.11,0,0,330.11,normal,centro,despejado,4,bajo,moto
ENV-006409,37.24,2.23,29.0,23.3,13.5,9.12,0,0,5476.59,mismo_dia,rural,despejado,8,alto,moto
ENV-006410,30.05,2.41,36.7,20.3,13.8,10.28,0,0,323.45,normal,rural,despejado,21,bajo,moto
ENV-006411,24.43,7.27,62.3,25.9,30.9,49.86,0,0,802.62,normal,periferia,lluvia,8,medio,moto
ENV-006412,6.33,5.56,31.7,36.8,26.1,30.45,0,0,2365.27,normal,residencial,viento_fuerte,1,bajo,moto
ENV-006413,8.04,3.42,30.3,30.3,27.1,24.88,0,0,3286.42,normal,residencial,despejado,15,alto,moto
ENV-006414,1.5,54.86,65.0,42.4,41.6,114.65,0,0,317.78,normal,centro,despejado,7,alto,camioneta
ENV-006415,8.06,0.95,25.4,15.4,13.3,5.2,0,1,90.15,normal,residencial,lluvia,7,alto,camioneta
ENV-006416,2.74,2.84,24.3,25.4,16.8,10.37,0,1,6006.48,normal,centro,despejado,2,alto,camioneta
ENV-006417,5.55,1.41,38.4,19.8,14.3,10.87,0,0,183.54,express,residencial,despejado,11,alto,bicicleta
ENV-006418,19.86,8.76,49.4,38.7,20.8,39.77,0,0,2061.68,normal,periferia,despejado,20,medio,moto
ENV-006419,3.29,1.8,35.1,19.7,14.2,9.82,0,0,507.76,express,centro,viento_fuerte,11,medio,bicicleta
ENV-006420,3.64,3.67,29.8,22.7,14.5,9.81,0,0,122.47,mismo_dia,residencial,despejado,15,alto,moto
ENV-006421,2.5,4.63,41.9,28.0,27.6,32.38,1,0,2893.62,mismo_dia,residencial,despejado,8,medio,bicicleta
ENV-006422,13.42,1.34,20.0,12.9,19.9,5.13,1,0,7706.05,normal,periferia,despejado,0,medio,moto
ENV-006423,2.08,0.85,28.1,16.6,14.0,6.53,0,0,731.22,express,centro,despejado,21,bajo,moto
ENV-006424,7.05,3.78,22.8,16.5,16.7,6.28,0,0,1175.89,mismo_dia,residencial,despejado,20,alto,moto
ENV-006425,4.3,4.67,38.9,27.7,34.4,37.07,1,0,397.66,express,residencial,despejado,5,medio,moto
ENV-006426,27.3,15.0,81.5,42.8,30.8,107.44,0,0,552.18,express,rural,lluvia,10,medio,camioneta
ENV-006427,8.94,74.06,80.2,41.5,58.0,193.04,0,0,317.78,express,residencial,lluvia,15,bajo,camioneta
ENV-006428,10.09,0.22,12.9,7.9,12.6,1.28,1,0,285.79,express,periferia,despejado,14,alto,dron
ENV-006429,7.53,3.73,36.6,28.3,17.0,17.61,0,0,680.2,express,residencial,despejado,10,bajo,moto
ENV-006430,3.89,4.1,22.7,21.3,23.6,11.41,1,0,3248.54,normal,centro,despejado,6,bajo,bicicleta
ENV-006431,4.12,2.0,37.0,21.9,12.2,9.89,0,1,363.64,express,centro,despejado,22,bajo,camioneta
ENV-006432,4.8,56.76,89.8,54.6,81.1,397.64,0,0,324.37,express,residencial,despejado,11,bajo,camioneta
ENV-006433,3.11,2.2,32.7,27.3,13.7,12.23,0,0,1068.3,normal,centro,lluvia,9,medio,moto
ENV-006434,15.12,0.43,16.7,11.0,7.5,1.38,0,0,505.21,express,periferia,despejado,18,alto,moto
ENV-006435,1.43,76.25,72.7,68.1,54.3,268.83,0,0,460.77,normal,centro,despejado,10,alto,camioneta
ENV-006436,8.76,0.22,15.8,9.3,5.4,0.79,0,0,1924.42,normal,residencial,despejado,21,medio,moto
ENV-006437,12.3,2.08,27.5,16.5,26.5,12.02,0,0,418.6,mismo_dia,periferia,despejado,18,alto,moto
ENV-006438,11.85,2.52,33.2,25.9,19.8,17.03,1,0,1451.22,normal,periferia,lluvia,23,bajo,moto
ENV-006439,2.61,13.8,67.2,47.9,23.7,76.29,0,0,4738.2,normal,centro,lluvia,14,medio,camioneta
ENV-006440,5.23,2.3,37.2,16.1,20.0,11.98,1,0,1263.77,express,residencial,despejado,10,bajo,dron
ENV-006441,24.56,3.85,36.5,21.6,34.2,26.96,0,0,5898.9,express,rural,despejado,10,bajo,moto
ENV-006442,1.51,1.56,33.2,23.4,10.5,8.16,0,0,2094.22,normal,centro,despejado,17,medio,bicicleta
ENV-006443,5.57,4.05,40.9,20.5,29.8,24.99,1,0,3593.75,normal,residencial,viento_fuerte,17,medio,bicicleta
ENV-006444,3.91,3.98,31.3,22.0,30.0,20.66,0,1,9981.36,normal,residencial,lluvia,18,medio,camioneta
ENV-006445,9.77,1.62,23.2,22.1,18.6,9.54,0,0,333.42,normal,residencial,despejado,18,alto,dron
ENV-006446,13.97,8.03,37.1,26.8,29.5,29.33,1,0,3097.03,mismo_dia,periferia,lluvia,17,alto,moto
ENV-006447,3.72,2.71,27.2,25.3,16.9,11.63,0,0,480.14,normal,residencial,despejado,12,alto,bicicleta
ENV-006448,6.9,0.39,13.0,8.9,5.2,0.6,0,0,8415.93,express,residencial,viento_fuerte,18,bajo,bicicleta
ENV-006449,7.36,0.67,22.8,16.2,12.4,4.58,0,0,4026.19,express,residencial,despejado,12,bajo,dron
ENV-006450,12.11,3.55,36.7,19.9,13.4,9.79,0,0,2883.55,mismo_dia,residencial,despejado,9,alto,moto
ENV-006451,16.17,5.66,41.9,26.6,31.1,34.66,0,0,3735.98,normal,periferia,lluvia,4,bajo,moto
ENV-006452,4.1,1.36,15.6,17.2,13.6,3.65,0,0,424.17,mismo_dia,centro,despejado,16,alto,bicicleta
ENV-006453,10.59,1.97,38.9,17.8,21.6,14.96,0,1,2584.76,express,periferia,lluvia,18,medio,camioneta
ENV-006454,11.09,0.63,26.7,13.0,12.6,4.37,0,0,2774.2,normal,residencial,despejado,19,medio,dron
ENV-006455,3.84,1.98,34.7,15.8,14.9,8.17,0,0,1224.29,normal,centro,despejado,14,medio,bicicleta
ENV-006456,3.66,1.73,20.3,21.4,15.7,6.82,0,0,1858.17,normal,centro,despejado,20,alto,bicicleta
ENV-006457,6.66,4.02,25.0,18.8,29.5,13.87,0,1,137.03,mismo_dia,residencial,despejado,21,bajo,camioneta
ENV-006458,4.58,40.19,89.0,77.3,40.5,278.63,0,0,261.32,express,centro,viento_fuerte,11,bajo,camioneta
ENV-006459,1.12,4.77,38.9,30.6,28.4,33.81,0,0,946.96,normal,centro,despejado,13,medio,bicicleta
ENV-006460,18.81,7.88,47.2,39.3,29.9,55.46,0,0,104.36,express,periferia,despejado,17,alto,moto
ENV-006461,10.08,0.4,21.1,10.6,11.9,2.66,0,0,1283.98,express,residencial,despejado,7,alto,dron
ENV-006462,37.73,72.91,106.1,79.7,47.2,399.13,0,0,1105.88,normal,rural,lluvia,20,alto,camioneta
ENV-006463,6.1,18.06,58.1,36.4,45.5,96.23,0,0,60.86,normal,residencial,despejado,13,medio,camioneta
ENV-006464,7.76,0.83,25.8,13.2,10.5,3.58,1,0,436.95,normal,residencial,viento_fuerte,22,bajo,moto
ENV-006465,11.43,2.06,28.8,18.8,13.5,7.31,0,0,166.33,express,periferia,lluvia,15,medio,moto
ENV-006466,18.06,0.94,27.9,13.0,13.1,4.75,0,0,475.31,express,periferia,despejado,13,medio,moto
ENV-006467,29.59,7.07,47.9,26.6,19.8,25.23,0,0,13039.02,mismo_dia,rural,despejado,19,alto,moto
ENV-006468,44.86,1.0,22.8,16.6,12.5,4.73,0,0,486.88,normal,rural,despejado,14,alto,camioneta
ENV-006469,26.9,3.22,35.1,22.1,26.3,20.4,0,0,658.55,normal,periferia,despejado,10,bajo,moto
ENV-006470,14.98,3.04,44.7,28.8,12.0,15.45,0,0,5450.94,normal,periferia,viento_fuerte,18,alto,moto
ENV-006471,6.26,4.05,31.0,31.8,27.2,26.81,0,0,458.25,normal,residencial,despejado,13,alto,bicicleta
ENV-006472,5.82,8.86,51.5,38.6,20.0,39.76,0,0,845.49,normal,periferia,lluvia,2,medio,moto
ENV-006473,9.24,6.04,45.2,34.3,20.4,31.63,0,0,497.33,normal,residencial,viento_fuerte,17,bajo,moto
ENV-006474,14.56,1.47,25.1,16.2,14.2,5.77,0,0,95.49,express,periferia,viento_fuerte,14,bajo,moto
ENV-006475,10.36,0.11,11.3,7.1,6.4,0.51,0,0,7227.84,normal,residencial,despejado,20,bajo,dron
ENV-006476,2.87,5.08,39.9,27.5,13.2,14.48,1,0,390.88,normal,centro,despejado,9,medio,bicicleta
ENV-006477,3.18,1.3,23.9,18.0,23.8,10.24,0,0,1104.69,normal,centro,despejado,9,alto,bicicleta
ENV-006478,2.75,77.22,82.8,59.9,53.6,265.84,0,0,810.49,normal,residencial,despejado,15,alto,camioneta
ENV-006479,9.79,6.84,32.5,25.3,16.5,13.57,0,1,268.61,normal,residencial,despejado,5,bajo,camioneta
ENV-006480,3.94,6.81,37.9,28.8,38.1,41.59,0,0,117.95,normal,centro,despejado,17,bajo,moto
ENV-006481,19.06,2.27,29.9,23.4,13.0,9.1,0,0,140.41,express,periferia,despejado,8,alto,moto
ENV-006482,8.01,1.45,32.1,17.1,12.3,6.75,1,0,366.96,express,periferia,lluvia,19,medio,moto
ENV-006483,5.54,2.0,25.6,13.7,14.8,5.19,1,0,1317.34,normal,residencial,despejado,21,bajo,bicicleta
ENV-006484,22.98,0.97,24.3,19.4,11.6,5.47,0,1,1002.28,normal,periferia,despejado,14,alto,camioneta
ENV-006485,18.25,0.18,9.4,6.7,9.3,0.59,0,0,569.39,mismo_dia,periferia,lluvia,12,bajo,moto
ENV-006486,11.66,6.69,60.8,32.4,23.7,46.69,1,0,50,normal,residencial,despejado,8,alto,moto
ENV-006487,5.13,5.21,45.3,26.1,34.1,40.32,0,0,614.48,normal,residencial,despejado,7,alto,moto
ENV-006488,2.04,0.89,19.5,15.7,20.8,6.37,1,0,1503.89,normal,centro,despejado,7,alto,bicicleta
ENV-006489,4.1,1.2,20.8,15.4,24.8,7.94,0,0,3573.3,normal,centro,despejado,16,medio,moto
ENV-006490,7.38,5.44,38.1,25.7,40.5,39.66,0,0,748.72,normal,residencial,lluvia,21,alto,moto
ENV-006491,3.97,4.09,35.4,32.9,22.2,25.86,0,0,935.18,express,centro,despejado,15,alto,bicicleta
ENV-006492,27.3,1.65,31.0,17.7,17.8,9.77,0,0,1193.53,normal,periferia,lluvia,14,medio,moto
ENV-006493,7.5,1.63,30.3,13.9,18.2,7.67,0,0,703.04,normal,residencial,despejado,5,medio,moto
ENV-006494,30.51,5.27,41.6,29.7,23.5,29.03,0,0,192.54,normal,rural,despejado,21,bajo,moto
ENV-006495,3.61,1.8,26.2,18.5,19.1,9.26,1,0,1363.65,express,centro,lluvia,12,bajo,moto
ENV-006496,12.94,6.91,41.3,38.8,34.2,54.8,0,0,839.01,express,periferia,despejado,13,alto,moto
ENV-006497,10.15,7.45,48.5,25.4,22.5,27.72,0,0,466.9,normal,residencial,despejado,12,bajo,camioneta
ENV-006498,4.64,25.19,62.9,46.2,32.0,92.99,0,0,645.58,express,centro,despejado,11,bajo,camioneta
ENV-006499,3.63,1.94,19.6,12.3,17.6,4.24,0,0,77.62,mismo_dia,centro,lluvia,8,alto,bicicleta
ENV-006500,1.6,3.24,49.8,28.8,15.8,22.66,0,1,199.29,normal,centro,despejado,17,medio,camioneta
ENV-006501,9.26,5.96,36.5,29.4,24.6,26.4,1,0,489.5,normal,residencial,despejado,13,alto,moto
ENV-006502,14.99,8.76,36.3,21.6,25.5,19.99,0,1,644.97,express,periferia,lluvia,15,alto,camioneta
ENV-006503,7.81,1.33,19.7,9.6,12.1,2.29,0,0,1103.25,normal,residencial,despejado,14,alto,dron
ENV-006504,4.13,0.61,17.6,11.5,20.7,4.19,1,0,3003.06,express,residencial,despejado,1,bajo,moto
ENV-006505,4.64,4.52,23.3,22.7,22.4,11.85,1,0,784.72,express,centro,despejado,7,alto,bicicleta
ENV-006506,11.29,0.68,16.7,17.7,11.2,3.31,0,0,1013.75,normal,periferia,viento_fuerte,8,alto,moto
ENV-006507,35.18,4.08,29.3,16.0,16.8,7.88,0,0,768.23,express,rural,despejado,19,alto,moto
ENV-006508,3.02,1.91,30.3,19.4,14.7,8.64,0,0,378.26,mismo_dia,centro,despejado,11,bajo,moto
ENV-006509,5.42,1.89,22.1,23.1,15.2,7.76,1,0,225.84,normal,residencial,despejado,11,medio,bicicleta
ENV-006510,10.34,1.24,32.1,18.0,16.0,9.24,0,1,672.22,normal,periferia,despejado,16,medio,camioneta
ENV-006511,7.26,0.88,26.2,13.8,15.1,5.46,0,0,309.82,normal,residencial,despejado,14,alto,dron
ENV-006512,1.24,1.59,23.5,20.8,12.0,5.87,0,0,2031.84,express,centro,despejado,10,bajo,bicicleta
ENV-006513,21.1,0.41,13.5,10.3,9.2,1.28,0,0,3279.93,express,rural,despejado,17,medio,moto
ENV-006514,3.13,5.87,39.4,25.5,36.7,36.87,0,0,593.69,express,centro,despejado,15,alto,bicicleta
ENV-006515,6.1,2.97,25.8,18.0,10.1,4.69,0,0,170.65,normal,residencial,lluvia,17,bajo,bicicleta
ENV-006516,5.53,0.59,24.5,14.2,7.6,2.64,1,0,222.5,normal,residencial,despejado,7,alto,bicicleta
ENV-006517,9.42,57.43,66.4,56.9,57.7,218.0,0,1,4824.02,express,residencial,despejado,22,medio,camioneta
ENV-006518,9.72,6.83,54.8,34.9,27.9,53.36,0,0,975.29,mismo_dia,residencial,despejado,13,bajo,moto
ENV-006519,8.51,2.47,33.2,21.2,20.8,14.64,0,0,1088.72,normal,residencial,lluvia,10,bajo,moto
ENV-006520,12.94,0.25,15.2,10.2,11.6,1.8,1,0,1258.42,mismo_dia,periferia,despejado,9,alto,dron
ENV-006521,2.35,4.65,37.8,25.8,16.7,16.29,0,0,3761.57,mismo_dia,centro,despejado,5,medio,moto
ENV-006522,3.51,1.82,25.0,15.9,10.5,4.17,0,0,575.69,normal,centro,despejado,14,alto,bicicleta
ENV-006523,5.0,63.14,127.6,66.9,46.9,400.36,0,0,280.1,normal,centro,despejado,7,alto,camioneta
ENV-006524,9.19,0.68,17.4,10.5,12.2,2.23,0,0,25382.84,normal,residencial,despejado,6,medio,camioneta
ENV-006525,4.79,2.45,43.5,28.0,12.8,15.59,0,0,2757.95,normal,centro,viento_fuerte,9,medio,bicicleta
ENV-006526,13.5,2.3,33.5,17.7,15.1,8.95,1,0,3217.13,normal,residencial,lluvia,15,alto,moto
ENV-006527,8.74,0.67,20.1,12.1,13.3,3.23,0,0,2604.98,express,residencial,despejado,15,medio,dron
ENV-006528,15.66,0.2,12.0,8.9,5.9,0.63,0,0,50,mismo_dia,periferia,despejado,21,alto,moto
ENV-006529,2.96,1.45,24.0,17.1,9.5,3.9,0,0,864.72,express,centro,viento_fuerte,13,alto,bicicleta
ENV-006530,3.72,1.56,22.8,15.7,21.6,7.73,0,0,616.37,normal,centro,despejado,16,bajo,bicicleta
ENV-006531,36.79,2.54,34.6,21.4,15.3,11.33,0,0,438.43,express,rural,despejado,21,bajo,moto
ENV-006532,11.2,10.45,72.5,41.6,22.5,67.86,0,0,760.38,normal,residencial,despejado,21,medio,camioneta
ENV-006533,21.89,5.36,41.4,35.4,26.6,38.98,0,0,325.47,normal,periferia,despejado,13,alto,moto
ENV-006534,8.85,0.11,14.1,6.4,5.8,0.52,1,0,100.1,normal,residencial,despejado,19,alto,dron
ENV-006535,2.85,4.46,42.9,37.2,19.9,31.76,0,0,230.64,normal,residencial,despejado,14,medio,bicicleta
ENV-006536,9.24,10.09,43.6,33.7,20.7,30.41,0,0,388.45,normal,residencial,despejado,17,medio,moto
ENV-006537,8.48,2.29,39.4,27.6,12.5,13.59,0,1,86.49,normal,residencial,lluvia,7,alto,camioneta
ENV-006538,7.44,10.18,46.2,35.1,41.5,67.3,1,0,1900.53,express,residencial,despejado,6,medio,moto
ENV-006539,2.24,3.51,41.5,31.3,15.7,20.39,0,0,82.46,normal,centro,lluvia,10,medio,moto
ENV-006540,44.82,0.99,25.8,17.4,17.1,7.68,0,0,513.13,express,rural,despejado,19,medio,camioneta
ENV-006541,1.07,8.34,50.4,36.7,29.5,54.57,0,0,3323.73,mismo_dia,centro,despejado,12,medio,moto
ENV-006542,1.46,1.51,24.8,23.7,18.8,11.05,0,0,3044.35,express,centro,lluvia,16,bajo,moto
ENV-006543,1.13,0.56,18.6,15.1,7.5,2.11,0,0,366.05,normal,centro,despejado,17,medio,bicicleta
ENV-006544,1.67,4.23,29.6,18.8,16.6,9.24,0,0,3621.19,normal,centro,despejado,9,alto,bicicleta
ENV-006545,4.87,77.96,102.4,60.0,65.1,399.97,1,0,195.01,normal,residencial,despejado,15,alto,camioneta
ENV-006546,20.19,0.33,10.4,10.1,8.2,0.86,0,0,1728.1,express,periferia,lluvia,8,alto,moto
ENV-006547,3.33,10.2,66.6,38.8,28.4,73.39,0,0,598.33,normal,centro,despejado,15,medio,moto
ENV-006548,8.04,77.75,95.1,59.4,70.9,400.51,0,0,210.91,express,residencial,despejado,14,alto,camioneta
ENV-006549,8.48,0.34,12.9,12.2,9.0,1.42,0,0,5338.59,mismo_dia,residencial,viento_fuerte,12,medio,moto
ENV-006550,8.01,13.08,40.2,25.0,31.9,32.06,0,1,337.24,express,periferia,despejado,12,medio,camioneta
ENV-006551,1.45,10.54,36.9,40.4,27.7,41.29,0,0,1337.44,normal,centro,despejado,11,bajo,moto
ENV-006552,10.01,2.42,21.7,18.1,15.9,6.25,0,0,1011.0,normal,periferia,despejado,9,medio,dron
ENV-006553,2.8,1.32,21.4,15.8,6.9,2.33,0,0,1314.26,mismo_dia,centro,despejado,13,alto,bicicleta
ENV-006554,9.98,1.37,31.3,20.6,11.5,7.41,0,0,12205.04,normal,residencial,despejado,18,alto,dron
ENV-006555,4.71,0.85,23.8,15.4,14.0,5.13,0,0,27054.78,normal,centro,lluvia,9,medio,moto
ENV-006556,3.3,1.23,24.1,18.5,21.5,9.59,0,1,3209.71,normal,centro,despejado,20,medio,camioneta
ENV-006557,16.32,1.64,25.8,16.6,7.1,3.04,0,0,299.4,normal,periferia,despejado,11,alto,moto
ENV-006558,5.67,2.79,27.9,16.5,18.2,8.38,0,0,1413.64,normal,residencial,despejado,17,medio,bicicleta
ENV-006559,3.81,5.54,38.4,18.8,22.0,15.88,1,0,3287.72,express,residencial,despejado,13,alto,bicicleta
ENV-006560,51.11,1.4,35.7,15.8,17.5,9.87,0,0,59.72,normal,rural,despejado,13,alto,camioneta
ENV-006561,1.91,1.71,29.6,20.3,11.2,6.73,0,0,1568.86,normal,centro,despejado,16,alto,bicicleta
ENV-006562,28.87,0.88,20.7,20.8,14.1,6.07,0,0,360.91,normal,rural,despejado,23,bajo,moto
ENV-006563,3.46,0.89,21.2,11.1,11.3,2.66,1,0,1124.07,normal,residencial,despejado,13,alto,dron
ENV-006564,4.75,3.2,33.1,18.1,17.2,10.3,0,0,4943.8,express,centro,lluvia,9,medio,moto
ENV-006565,14.77,1.16,21.6,17.7,19.3,7.38,0,0,811.89,express,periferia,despejado,22,alto,moto
ENV-006566,2.52,0.77,28.4,13.1,15.1,5.62,0,0,210.33,express,centro,despejado,15,alto,bicicleta
ENV-006567,2.36,1.63,31.2,22.5,16.6,11.65,0,0,524.72,normal,centro,lluvia,7,bajo,bicicleta
ENV-006568,4.94,0.75,12.8,13.3,8.6,1.46,0,0,1473.61,normal,centro,lluvia,12,bajo,bicicleta
ENV-006569,1.73,8.69,39.5,33.3,22.8,29.99,0,0,3121.47,normal,centro,despejado,12,bajo,moto
ENV-006570,3.22,9.39,45.9,26.3,16.7,20.16,0,0,618.18,normal,centro,viento_fuerte,1,bajo,moto
ENV-006571,12.93,5.61,40.7,21.5,22.3,19.51,0,0,2696.16,normal,periferia,despejado,18,alto,moto
ENV-006572,17.29,1.8,31.8,20.6,21.0,13.76,0,0,785.97,normal,periferia,despejado,8,alto,moto
ENV-006573,3.53,1.75,22.5,11.5,11.1,2.87,0,0,2367.13,express,centro,despejado,16,alto,bicicleta
ENV-006574,2.49,0.22,10.1,10.7,6.6,0.71,0,0,62.6,normal,centro,lluvia,23,bajo,moto
ENV-006575,21.33,1.05,19.5,11.8,11.1,2.55,0,0,1280.78,normal,periferia,despejado,12,bajo,moto
ENV-006576,2.85,3.55,33.2,24.9,16.2,13.39,0,0,683.87,normal,centro,lluvia,5,alto,moto
ENV-006577,7.54,59.41,54.0,41.6,40.5,90.98,0,0,488.98,normal,residencial,despejado,11,bajo,camioneta
ENV-006578,5.49,1.89,27.7,25.0,15.2,10.53,1,0,585.59,express,residencial,despejado,17,bajo,bicicleta
ENV-006579,6.61,5.65,28.5,27.6,19.9,15.65,0,0,297.47,normal,residencial,despejado,14,alto,bicicleta
ENV-006580,6.71,5.53,36.2,24.1,20.4,17.8,0,0,718.63,normal,residencial,despejado,14,alto,bicicleta
ENV-006581,5.09,3.97,45.2,18.7,20.4,17.24,0,0,730.67,normal,residencial,viento_fuerte,9,alto,bicicleta
ENV-006582,4.04,0.61,22.1,15.7,13.2,4.58,1,0,2616.09,normal,centro,despejado,10,medio,bicicleta
ENV-006583,19.31,2.51,25.1,20.5,9.8,5.04,0,0,1371.41,mismo_dia,periferia,despejado,8,alto,moto
ENV-006584,2.21,24.54,70.0,49.8,24.9,86.8,0,0,162.64,normal,centro,despejado,12,bajo,moto
ENV-006585,39.45,8.86,64.6,39.4,20.0,50.9,0,0,273.72,normal,rural,despejado,8,medio,moto
ENV-006586,10.76,0.39,15.6,12.9,10.1,2.03,0,0,482.39,express,residencial,despejado,23,bajo,moto
ENV-006587,13.33,6.57,31.7,21.9,34.9,24.23,0,0,923.49,express,periferia,despejado,10,medio,moto
ENV-006588,10.97,4.16,50.4,32.0,14.8,23.87,0,0,249.92,express,periferia,viento_fuerte,9,medio,moto
ENV-006589,46.72,1.53,19.1,13.8,13.9,3.66,0,0,75.4,express,rural,despejado,20,bajo,camioneta
ENV-006590,18.98,5.71,50.1,38.1,19.7,37.6,0,0,1419.01,mismo_dia,periferia,despejado,17,medio,moto
ENV-006591,38.44,61.52,91.1,57.0,58.2,302.22,0,0,110.68,express,rural,despejado,17,alto,camioneta
ENV-006592,41.13,14.81,63.7,31.9,27.5,55.88,0,0,32668.84,express,rural,despejado,23,bajo,camioneta
ENV-006593,8.17,4.62,20.5,15.4,22.2,7.01,0,0,2604.22,normal,residencial,despejado,7,bajo,moto
ENV-006594,13.1,16.85,72.1,35.6,26.3,67.51,0,0,4415.89,normal,periferia,viento_fuerte,16,medio,moto
ENV-006595,23.73,2.97,28.8,16.5,21.1,10.03,0,0,2885.39,normal,rural,despejado,20,alto,moto
ENV-006596,6.28,1.7,28.8,21.3,9.8,6.01,0,0,394.45,normal,residencial,despejado,13,bajo,bicicleta
ENV-006597,52.92,2.08,39.1,22.2,12.9,11.2,0,0,1317.03,normal,rural,despejado,13,bajo,camioneta
ENV-006598,7.1,11.58,50.0,26.5,28.5,37.76,0,0,374.55,normal,residencial,despejado,17,bajo,moto
ENV-006599,4.08,6.06,28.1,23.5,14.8,9.77,0,0,327.98,express,centro,viento_fuerte,6,medio,bicicleta
ENV-006600,24.27,1.54,18.8,18.9,16.3,5.79,0,0,3785.06,normal,periferia,despejado,20,alto,moto
ENV-006601,2.54,4.86,34.7,32.6,24.9,28.17,0,0,1259.35,express,centro,despejado,1,bajo,moto
ENV-006602,4.01,0.33,16.9,13.4,9.1,2.06,0,0,5665.4,express,residencial,despejado,16,bajo,bicicleta
ENV-006603,7.33,1.11,24.5,24.2,14.5,8.6,0,0,432.45,normal,residencial,despejado,10,medio,dron
ENV-006604,28.47,0.75,22.0,16.8,11.0,4.07,0,0,2081.78,normal,rural,despejado,11,bajo,moto
ENV-006605,9.42,1.11,20.8,20.9,18.3,7.96,1,0,4631.37,normal,residencial,despejado,19,alto,dron
ENV-006606,9.1,3.75,45.1,30.9,14.6,20.35,0,0,110.67,normal,residencial,despejado,12,medio,moto
ENV-006607,11.66,1.15,31.1,14.9,17.9,8.29,1,0,2052.23,mismo_dia,periferia,despejado,17,medio,dron
ENV-006608,12.95,5.21,38.2,24.9,20.7,19.69,0,0,667.21,normal,periferia,lluvia,9,bajo,moto
ENV-006609,22.26,1.87,31.4,20.4,14.8,9.48,0,0,529.63,express,periferia,despejado,15,medio,moto
ENV-006610,7.11,0.31,17.8,13.3,7.8,1.85,1,0,747.46,normal,residencial,despejado,13,medio,dron
ENV-006611,6.72,2.05,25.9,16.8,26.8,11.66,0,0,6681.55,normal,residencial,viento_fuerte,17,bajo,bicicleta
ENV-006612,11.74,8.19,28.4,19.4,33.6,18.51,0,0,953.67,express,residencial,lluvia,15,medio,moto
ENV-006613,5.08,1.22,18.5,17.4,17.2,5.54,0,0,793.14,mismo_dia,centro,lluvia,14,medio,moto
ENV-006614,4.14,0.34,12.1,13.1,11.1,1.76,0,0,692.72,express,centro,despejado,10,bajo,bicicleta
ENV-006615,3.23,8.79,44.0,27.6,15.1,18.34,1,0,1521.74,express,centro,despejado,20,alto,moto
ENV-006616,12.48,5.31,37.0,23.7,21.1,18.5,0,0,1175.99,mismo_dia,periferia,despejado,14,medio,moto
ENV-006617,6.38,0.61,13.9,7.6,12.0,1.27,0,0,552.49,mismo_dia,residencial,despejado,18,alto,dron
ENV-006618,34.02,1.73,37.1,28.4,13.0,13.7,0,0,356.18,express,rural,viento_fuerte,6,bajo,moto
ENV-006619,31.55,0.79,23.3,16.2,13.1,4.94,0,0,333.58,mismo_dia,rural,lluvia,13,alto,moto
ENV-006620,10.2,4.5,48.0,20.6,25.0,24.72,1,0,69.25,normal,residencial,lluvia,9,alto,moto
ENV-006621,32.06,42.79,67.2,43.9,36.2,106.79,0,0,208.04,express,rural,despejado,13,medio,camioneta
ENV-006622,1.91,11.95,39.5,23.9,30.0,28.32,0,0,4973.1,normal,centro,despejado,20,alto,moto
ENV-006623,7.72,0.22,15.4,7.3,9.1,1.02,1,0,851.63,mismo_dia,residencial,despejado,8,alto,dron
ENV-006624,3.63,0.3,15.6,10.5,6.5,1.06,1,0,1705.96,express,centro,despejado,15,alto,bicicleta
ENV-006625,5.24,0.79,17.2,13.5,19.1,4.44,0,0,354.19,normal,centro,despejado,12,medio,bicicleta
ENV-006626,7.99,2.02,39.8,27.8,11.6,12.83,1,0,3330.57,express,residencial,despejado,10,bajo,moto
ENV-006627,2.53,1.49,24.8,10.9,11.5,3.11,0,0,487.76,mismo_dia,centro,despejado,14,alto,bicicleta
ENV-006628,4.7,4.92,32.4,23.5,21.1,16.07,0,0,1104.55,express,centro,lluvia,7,alto,moto
ENV-006629,8.25,17.37,68.6,60.5,32.9,136.54,0,1,370.37,mismo_dia,residencial,lluvia,22,alto,camioneta
ENV-006630,7.36,3.57,36.7,21.7,11.2,8.92,0,0,13022.53,mismo_dia,residencial,despejado,7,alto,moto
ENV-006631,38.22,2.86,28.5,12.9,16.0,5.88,0,0,1147.16,normal,rural,despejado,8,alto,moto
ENV-006632,49.06,1.92,24.4,19.6,13.1,6.26,0,0,1213.55,mismo_dia,rural,despejado,17,medio,camioneta
ENV-006633,5.94,2.74,40.1,23.0,20.3,18.72,0,0,2417.9,mismo_dia,residencial,despejado,7,medio,bicicleta
ENV-006634,50.37,0.92,16.8,17.1,11.7,3.36,0,0,509.87,normal,rural,despejado,4,bajo,camioneta
ENV-006635,1.67,1.92,23.7,17.7,9.3,3.9,0,0,1161.24,normal,centro,despejado,16,bajo,bicicleta
ENV-006636,16.14,1.81,28.3,20.0,21.1,11.94,0,0,576.76,normal,periferia,despejado,18,medio,moto
ENV-006637,10.32,35.94,68.4,42.1,62.2,179.11,0,0,208.59,mismo_dia,residencial,despejado,9,alto,camioneta
ENV-006638,4.48,3.69,35.2,22.6,19.8,15.75,0,0,1583.11,express,residencial,despejado,6,medio,bicicleta
ENV-006639,2.53,2.96,39.8,19.3,20.5,15.75,0,0,563.5,express,centro,despejado,13,bajo,bicicleta
ENV-006640,13.13,3.53,49.6,24.6,22.6,27.58,0,1,1024.1,normal,periferia,despejado,19,bajo,camioneta
ENV-006641,8.47,3.35,28.5,20.9,15.4,9.17,0,0,1228.6,normal,residencial,viento_fuerte,8,alto,moto
ENV-006642,26.78,8.63,33.9,25.0,33.4,28.31,0,0,887.62,normal,rural,despejado,11,medio,moto
ENV-006643,4.39,1.3,31.1,12.5,14.5,5.64,1,0,560.48,normal,residencial,despejado,11,bajo,bicicleta
ENV-006644,2.72,0.16,11.8,9.3,6.1,0.67,0,0,603.62,normal,centro,despejado,10,medio,bicicleta
ENV-006645,4.2,3.04,26.3,14.1,15.3,5.67,0,0,878.85,normal,residencial,despejado,15,medio,camioneta
ENV-006646,24.44,0.99,19.3,11.4,7.0,1.54,0,0,718.9,normal,rural,viento_fuerte,16,bajo,moto
ENV-006647,1.79,3.84,46.7,29.8,12.8,17.81,1,0,648.84,express,centro,despejado,21,alto,bicicleta
ENV-006648,7.55,49.14,79.5,60.7,44.5,214.74,1,0,982.6,express,residencial,despejado,8,medio,camioneta
ENV-006649,4.37,19.82,61.0,39.7,52.5,127.14,0,0,502.09,express,residencial,viento_fuerte,14,alto,camioneta
ENV-006650,15.59,0.77,20.9,17.8,15.2,5.65,0,0,922.6,normal,periferia,despejado,9,alto,moto
ENV-006651,49.49,4.09,41.8,26.6,28.5,31.69,0,0,366.82,express,rural,despejado,19,medio,camioneta
ENV-006652,20.35,1.44,21.4,12.2,8.3,2.17,0,0,342.28,express,periferia,lluvia,18,bajo,moto
ENV-006653,13.51,2.9,27.8,25.3,15.3,10.76,0,0,844.64,express,periferia,lluvia,3,medio,moto
ENV-006654,14.19,3.8,38.7,24.9,11.7,11.27,0,0,1466.68,normal,residencial,despejado,15,alto,moto
ENV-006655,53.62,0.97,20.7,11.4,16.3,3.85,0,0,796.64,express,rural,lluvia,11,medio,camioneta
ENV-006656,18.38,0.85,20.8,14.7,11.5,3.52,0,0,557.57,normal,periferia,despejado,21,bajo,moto
ENV-006657,31.79,4.52,50.9,34.1,15.2,26.38,0,0,1030.39,express,rural,lluvia,17,alto,moto
ENV-006658,10.12,1.28,32.4,24.8,11.5,9.24,0,0,1313.42,normal,residencial,despejado,7,alto,dron
ENV-006659,5.58,4.7,31.2,19.0,32.8,19.44,0,0,1712.99,normal,residencial,despejado,11,alto,bicicleta
ENV-006660,5.03,4.12,46.4,28.9,21.5,28.83,0,0,563.41,normal,residencial,lluvia,20,bajo,moto
ENV-006661,2.5,10.18,59.2,35.0,19.0,39.37,0,0,235.36,express,residencial,despejado,5,bajo,moto
ENV-006662,5.51,3.72,32.7,22.6,22.5,16.63,1,0,8438.78,express,centro,despejado,10,bajo,bicicleta
ENV-006663,1.38,0.96,30.7,19.6,10.0,6.02,0,0,626.16,express,centro,despejado,19,bajo,bicicleta
ENV-006664,6.05,1.72,26.0,16.8,26.3,11.49,0,0,374.67,express,residencial,viento_fuerte,7,alto,bicicleta
ENV-006665,14.96,5.34,41.6,35.1,22.6,33.0,0,0,511.67,express,periferia,despejado,15,alto,moto
ENV-006666,5.53,5.08,33.6,20.8,27.5,19.22,0,0,212.37,express,residencial,despejado,17,bajo,bicicleta
ENV-006667,4.34,1.37,36.3,18.8,12.3,8.39,0,1,2128.3,normal,residencial,despejado,20,alto,camioneta
ENV-006668,13.84,2.62,27.9,12.0,14.5,4.85,0,0,648.68,normal,periferia,despejado,11,medio,moto
ENV-006669,11.2,65.14,106.6,64.0,44.4,302.91,0,0,1043.76,normal,residencial,despejado,11,medio,camioneta
ENV-006670,9.77,3.16,19.0,17.6,16.1,5.38,0,0,523.76,mismo_dia,periferia,lluvia,13,alto,moto
ENV-006671,15.85,6.52,58.2,34.9,25.3,51.39,0,0,419.15,express,periferia,lluvia,22,bajo,moto
ENV-006672,0.79,0.7,24.8,16.4,8.1,3.29,0,0,13941.74,normal,centro,despejado,12,alto,bicicleta
ENV-006673,11.31,2.27,37.8,29.2,15.8,17.44,0,0,272.49,normal,residencial,lluvia,14,alto,camioneta
ENV-006674,4.96,2.71,27.7,19.7,32.1,17.52,0,0,671.47,normal,residencial,despejado,13,medio,bicicleta
ENV-006675,11.23,2.25,37.6,20.4,17.2,13.19,0,0,297.29,normal,residencial,despejado,21,medio,moto
ENV-006676,3.43,4.53,31.7,21.0,18.9,12.58,0,0,50,express,residencial,despejado,10,bajo,bicicleta
ENV-006677,29.73,65.03,96.6,82.6,50.1,399.76,0,0,50,normal,rural,despejado,2,alto,camioneta
ENV-006678,10.66,2.83,25.2,24.1,18.3,11.11,0,0,437.05,normal,residencial,despejado,12,bajo,moto
ENV-006679,2.53,2.61,44.0,26.6,17.7,20.72,0,0,605.72,mismo_dia,centro,lluvia,20,alto,moto
ENV-006680,7.42,0.21,13.0,10.7,6.9,0.96,0,0,1162.54,normal,residencial,despejado,22,bajo,moto
ENV-006681,9.82,0.21,9.6,8.8,10.3,0.87,1,0,1899.6,normal,periferia,despejado,20,alto,dron
ENV-006682,7.03,1.37,19.4,14.9,8.6,2.49,1,0,103.27,normal,residencial,despejado,2,medio,moto
ENV-006683,12.62,1.15,28.1,12.8,12.8,4.6,0,0,245.2,normal,periferia,lluvia,11,bajo,moto
ENV-006684,8.01,1.52,16.6,15.6,10.4,2.69,0,0,803.84,mismo_dia,residencial,viento_fuerte,12,medio,moto
ENV-006685,1.46,1.17,18.4,17.6,16.7,5.41,0,0,574.55,normal,centro,despejado,15,alto,bicicleta
ENV-006686,5.27,6.39,32.6,29.1,18.2,17.27,0,0,382.37,normal,residencial,despejado,13,alto,bicicleta
ENV-006687,7.49,5.21,51.5,28.8,23.9,35.45,0,0,665.12,express,residencial,despejado,16,alto,moto
ENV-006688,6.38,8.01,53.9,31.9,32.0,55.02,0,0,1556.93,normal,residencial,lluvia,15,medio,moto
ENV-006689,5.62,1.89,29.5,17.9,13.0,6.86,1,0,1756.6,mismo_dia,residencial,despejado,23,bajo,moto
ENV-006690,5.37,0.42,16.6,10.3,8.5,1.45,1,0,346.01,normal,centro,despejado,11,medio,bicicleta
ENV-006691,6.31,1.68,17.3,14.8,10.3,2.64,0,0,1170.46,normal,periferia,lluvia,18,medio,moto
ENV-006692,45.54,0.3,20.9,9.4,11.9,2.34,1,0,297.48,express,rural,despejado,23,alto,camioneta
ENV-006693,4.62,3.56,27.7,23.6,15.6,10.2,0,0,1639.75,express,centro,despejado,5,medio,moto
ENV-006694,37.64,3.18,26.3,15.0,12.1,4.77,0,1,692.56,express,rural,despejado,5,medio,camioneta
ENV-006695,3.15,0.58,14.0,14.3,11.2,2.24,1,0,772.44,express,centro,despejado,18,alto,bicicleta
ENV-006696,4.1,3.24,31.7,22.5,15.1,10.77,0,0,484.33,mismo_dia,centro,despejado,20,medio,moto
ENV-006697,3.25,6.47,33.9,36.2,26.5,32.52,0,0,3949.82,normal,residencial,lluvia,19,bajo,moto
ENV-006698,11.29,0.83,20.7,20.1,14.8,6.16,1,0,587.36,express,residencial,viento_fuerte,12,medio,camioneta
ENV-006699,6.4,10.93,63.7,35.9,37.0,84.61,1,0,1448.84,normal,residencial,despejado,8,medio,moto
ENV-006700,4.87,4.5,37.7,18.7,24.8,17.48,1,0,791.5,normal,residencial,despejado,11,medio,bicicleta
ENV-006701,18.38,0.48,15.2,9.1,5.8,0.8,1,0,449.45,normal,periferia,lluvia,9,alto,moto
ENV-006702,1.04,0.89,19.8,9.6,10.5,2.0,0,0,1744.28,express,centro,despejado,20,alto,bicicleta
ENV-006703,8.17,0.9,21.5,10.7,14.7,3.38,0,0,202.13,normal,residencial,despejado,18,alto,dron
ENV-006704,3.2,1.33,28.9,16.7,13.1,6.32,1,0,824.21,mismo_dia,centro,despejado,12,bajo,bicicleta
ENV-006705,1.81,12.44,70.8,35.8,32.4,82.12,0,0,1384.35,normal,centro,despejado,1,alto,moto
ENV-006706,6.57,31.59,67.9,49.1,59.4,198.03,0,1,620.77,normal,residencial,viento_fuerte,15,alto,camioneta
ENV-006707,15.86,3.83,25.5,25.6,16.7,10.9,0,0,783.87,normal,periferia,viento_fuerte,10,medio,moto
ENV-006708,2.18,0.49,20.7,16.8,10.3,3.58,0,0,3174.39,normal,centro,lluvia,9,alto,moto
ENV-006709,1.44,0.81,21.5,14.2,11.3,3.45,0,1,306.11,normal,centro,viento_fuerte,17,medio,camioneta
ENV-006710,11.02,3.34,34.0,16.7,20.3,11.53,1,0,469.49,normal,residencial,despejado,9,medio,moto
ENV-006711,31.62,1.79,25.2,18.5,8.3,3.87,0,0,877.28,normal,rural,despejado,11,bajo,moto
ENV-006712,12.13,10.15,65.8,32.0,36.4,76.64,0,0,1032.53,normal,residencial,despejado,21,medio,moto
ENV-006713,5.07,2.18,19.7,17.7,16.4,5.72,1,0,84.96,normal,residencial,lluvia,8,bajo,bicicleta
ENV-006714,2.28,1.75,15.1,15.9,14.2,3.41,0,0,4247.77,normal,centro,despejado,18,alto,bicicleta
ENV-006715,8.81,0.91,20.5,15.9,10.6,3.46,0,0,699.99,normal,residencial,despejado,6,medio,dron
ENV-006716,4.82,2.37,35.9,19.2,14.1,9.72,0,0,6637.91,normal,residencial,lluvia,14,medio,bicicleta
ENV-006717,2.01,2.52,21.6,24.2,17.4,9.1,0,1,107.9,express,residencial,viento_fuerte,7,alto,camioneta
ENV-006718,6.1,2.04,35.2,28.4,15.5,15.5,0,0,2592.11,normal,residencial,despejado,14,medio,bicicleta
ENV-006719,6.89,1.01,19.5,17.3,14.1,4.76,0,0,403.19,normal,residencial,lluvia,7,alto,bicicleta
ENV-006720,12.37,0.88,22.4,18.3,13.0,5.33,0,0,2642.27,mismo_dia,periferia,despejado,17,medio,dron
ENV-006721,1.96,4.07,32.6,19.4,19.4,12.27,0,0,347.09,express,centro,lluvia,21,bajo,moto
ENV-006722,3.39,2.28,29.3,24.4,16.8,12.01,0,0,592.16,normal,centro,viento_fuerte,13,alto,bicicleta
ENV-006723,4.6,13.73,37.0,29.8,35.9,39.58,0,0,426.74,express,residencial,lluvia,10,medio,moto
ENV-006724,13.44,2.76,25.8,17.0,10.1,4.43,0,0,23187.73,express,residencial,despejado,17,alto,moto
ENV-006725,29.05,9.24,38.9,34.4,38.7,51.79,1,0,866.72,express,rural,despejado,11,bajo,moto
ENV-006726,10.2,3.6,48.3,21.6,26.8,27.96,0,0,509.88,mismo_dia,residencial,lluvia,3,bajo,moto
ENV-006727,2.09,6.23,41.3,29.4,17.7,21.49,0,0,220.53,normal,centro,despejado,8,medio,bicicleta
ENV-006728,16.36,3.15,35.0,19.9,27.7,19.29,0,0,471.55,normal,rural,viento_fuerte,18,alto,moto
ENV-006729,12.74,1.16,31.0,24.3,11.2,8.44,0,0,354.66,mismo_dia,residencial,despejado,2,medio,moto
ENV-006730,2.75,3.45,50.0,31.7,15.3,24.25,0,0,1318.53,normal,centro,lluvia,12,alto,moto
ENV-006731,15.79,4.89,35.9,19.0,19.5,13.3,1,0,5128.42,normal,periferia,despejado,10,bajo,camioneta
ENV-006732,3.65,3.22,21.9,18.6,22.2,9.04,0,0,6327.54,normal,residencial,despejado,10,bajo,bicicleta
ENV-006733,10.25,1.95,37.0,22.6,13.3,11.12,0,0,2757.63,normal,residencial,despejado,6,bajo,dron
ENV-006734,15.08,4.2,53.8,27.3,22.0,32.31,0,0,273.8,express,periferia,despejado,7,alto,moto
ENV-006735,12.96,1.94,36.8,26.5,13.0,12.68,0,0,896.63,express,residencial,despejado,15,medio,moto
ENV-006736,1.95,0.66,18.6,12.4,6.2,1.43,0,0,759.81,mismo_dia,centro,despejado,18,bajo,bicicleta
ENV-006737,7.5,20.46,83.7,50.7,26.7,113.3,1,0,3067.25,normal,residencial,despejado,10,medio,camioneta
ENV-006738,3.18,10.23,48.4,32.1,38.6,59.97,0,0,755.35,mismo_dia,centro,viento_fuerte,3,medio,moto
ENV-006739,5.22,2.4,30.1,26.6,18.9,15.13,0,0,1103.11,normal,residencial,despejado,20,medio,bicicleta
ENV-006740,7.97,0.64,21.3,11.3,10.0,2.41,0,0,1410.79,express,residencial,lluvia,21,alto,moto
ENV-006741,8.68,8.68,54.8,33.5,17.6,32.31,0,0,1673.79,normal,residencial,lluvia,18,alto,moto
ENV-006742,3.4,5.31,48.6,25.8,15.9,19.94,0,0,203.59,express,centro,despejado,20,medio,bicicleta
ENV-006743,14.08,2.27,44.8,22.9,16.5,16.93,1,0,1021.01,normal,residencial,despejado,18,alto,moto
ENV-006744,2.32,2.38,35.6,19.9,14.1,9.99,1,0,5139.66,normal,centro,viento_fuerte,17,bajo,camioneta
ENV-006745,15.29,0.29,19.8,10.5,9.6,2.0,0,0,799.9,mismo_dia,periferia,despejado,18,medio,moto
ENV-006746,12.6,34.27,86.6,57.6,47.0,234.44,1,0,343.96,express,periferia,despejado,12,bajo,camioneta
ENV-006747,13.83,1.93,22.4,19.8,14.4,6.39,1,0,1416.33,normal,residencial,despejado,1,medio,moto
ENV-006748,23.69,0.1,8.7,5.0,6.9,0.3,0,0,883.62,normal,rural,despejado,17,bajo,moto
ENV-006749,3.01,1.31,23.2,11.6,11.7,3.15,0,0,2448.76,normal,centro,despejado,19,alto,bicicleta
ENV-006750,10.91,1.48,25.5,15.4,12.9,5.07,0,0,231.94,express,residencial,despejado,7,alto,dron
ENV-006751,8.62,0.7,15.1,8.4,10.3,1.31,0,0,891.66,normal,residencial,despejado,16,medio,dron
ENV-006752,5.46,1.4,32.2,22.0,15.5,10.98,1,1,725.43,normal,residencial,viento_fuerte,8,alto,camioneta
ENV-006753,7.6,11.8,57.7,34.6,36.2,72.27,0,0,221.45,normal,periferia,lluvia,0,bajo,moto
ENV-006754,2.0,0.31,20.1,10.2,6.9,1.41,0,0,6088.54,express,centro,despejado,6,medio,bicicleta
ENV-006755,12.82,1.47,23.8,13.7,22.9,7.47,1,0,115.9,normal,residencial,despejado,17,alto,dron
ENV-006756,30.18,3.46,34.3,17.1,15.4,9.03,0,0,10059.57,express,rural,despejado,10,bajo,moto
ENV-006757,17.69,72.11,94.3,55.6,52.4,274.74,0,0,518.11,express,periferia,despejado,8,alto,camioneta
ENV-006758,1.92,0.83,23.3,13.6,12.9,4.09,0,0,979.71,normal,residencial,viento_fuerte,16,medio,bicicleta
ENV-006759,3.26,1.29,26.1,16.3,14.9,6.34,0,0,2476.45,normal,residencial,despejado,10,medio,bicicleta
ENV-006760,41.3,0.73,21.8,14.8,18.0,5.81,0,0,995.8,express,rural,lluvia,6,medio,camioneta
ENV-006761,9.93,61.7,62.7,44.4,42.3,117.76,0,0,908.99,mismo_dia,residencial,viento_fuerte,16,bajo,camioneta
ENV-006762,3.97,0.67,13.1,11.1,11.8,1.72,0,0,11212.05,normal,centro,despejado,14,alto,bicicleta
ENV-006763,34.06,0.39,13.7,13.7,10.6,1.99,0,0,527.69,normal,rural,despejado,15,alto,moto
ENV-006764,26.04,1.66,27.6,20.4,15.5,8.73,1,0,4643.01,normal,periferia,lluvia,10,bajo,moto
ENV-006765,3.28,8.17,51.5,40.0,26.5,54.59,0,0,579.25,express,centro,lluvia,10,bajo,moto
ENV-006766,6.93,3.22,53.0,23.6,20.5,25.64,0,0,1777.47,normal,residencial,lluvia,6,bajo,bicicleta
ENV-006767,5.24,6.04,35.1,25.0,16.0,14.04,0,0,436.39,normal,residencial,despejado,20,medio,bicicleta
ENV-006768,10.91,3.3,42.9,20.8,18.4,16.42,0,0,160.69,mismo_dia,residencial,despejado,12,bajo,moto
ENV-006769,2.9,4.15,47.7,29.0,21.5,29.74,0,0,772.75,mismo_dia,centro,despejado,9,medio,bicicleta
ENV-006770,1.5,5.75,37.6,38.5,30.8,44.59,0,0,2237.34,mismo_dia,centro,despejado,17,bajo,moto
ENV-006771,11.75,0.33,17.7,8.0,6.9,0.98,1,0,1617.19,mismo_dia,residencial,lluvia,14,alto,moto
ENV-006772,2.75,1.02,21.7,11.5,7.6,1.9,1,0,513.55,mismo_dia,centro,despejado,15,medio,bicicleta
ENV-006773,9.66,1.16,21.7,12.5,14.5,3.93,0,0,656.68,express,residencial,viento_fuerte,20,medio,moto
ENV-006774,4.52,0.61,16.5,18.6,12.6,3.87,0,0,990.83,normal,centro,despejado,8,alto,bicicleta
ENV-006775,1.84,2.93,41.2,23.2,15.1,14.43,0,0,632.5,normal,centro,lluvia,6,medio,moto
ENV-006776,8.09,4.76,35.6,19.3,23.9,16.42,0,0,3746.21,express,residencial,despejado,14,medio,moto
ENV-006777,12.0,1.84,34.4,18.2,15.2,9.52,0,0,384.64,normal,periferia,lluvia,6,bajo,moto
ENV-006778,2.54,1.06,22.8,14.9,14.2,4.82,0,0,2964.83,normal,centro,despejado,9,alto,bicicleta
ENV-006779,2.66,0.64,14.9,9.6,17.0,2.43,0,0,758.3,normal,centro,despejado,8,bajo,bicicleta
ENV-006780,4.42,2.16,27.1,16.4,24.3,10.8,1,0,369.02,normal,residencial,lluvia,10,bajo,bicicleta
ENV-006781,10.86,0.97,23.5,22.1,13.3,6.91,0,0,4511.2,mismo_dia,periferia,viento_fuerte,10,bajo,moto
ENV-006782,5.1,11.86,48.7,38.6,18.4,34.59,0,0,1203.91,normal,centro,despejado,6,bajo,moto
ENV-006783,7.85,1.15,20.7,21.4,18.5,8.2,1,0,405.92,normal,residencial,despejado,21,medio,moto
ENV-006784,19.43,1.4,37.4,20.8,13.9,10.81,1,0,1285.22,normal,periferia,lluvia,17,bajo,moto
ENV-006785,11.3,2.84,40.6,23.2,14.9,14.03,0,0,1598.12,normal,residencial,despejado,9,medio,moto
ENV-006786,3.18,13.73,50.3,30.8,20.9,32.38,0,0,602.11,normal,residencial,despejado,22,bajo,moto
ENV-006787,2.31,1.46,31.5,20.6,17.0,11.03,0,0,1578.39,normal,residencial,viento_fuerte,10,medio,bicicleta
ENV-006788,2.69,5.9,32.7,26.6,22.9,19.92,0,0,313.08,mismo_dia,centro,despejado,9,alto,bicicleta
ENV-006789,7.76,2.49,38.5,18.2,18.2,12.75,1,1,767.04,normal,residencial,lluvia,10,bajo,camioneta
ENV-006790,3.38,0.43,25.2,14.9,7.5,2.82,0,0,1453.16,normal,centro,despejado,10,bajo,bicicleta
ENV-006791,0.74,3.68,36.2,24.0,13.2,11.47,1,0,2459.2,normal,centro,despejado,9,bajo,bicicleta
ENV-006792,8.89,0.66,17.3,13.0,11.2,2.52,0,0,263.36,express,residencial,despejado,6,alto,dron
ENV-006793,20.86,0.92,19.4,12.9,21.1,5.28,0,0,3510.13,normal,periferia,despejado,15,medio,moto
ENV-006794,8.55,3.55,36.7,29.1,18.3,19.54,0,0,295.48,express,residencial,lluvia,8,medio,moto
ENV-006795,7.42,2.36,41.4,23.3,14.1,13.6,0,0,369.4,express,residencial,despejado,17,bajo,moto
ENV-006796,8.28,1.9,41.1,19.0,16.3,12.73,0,1,402.96,normal,residencial,despejado,12,medio,camioneta
ENV-006797,1.07,2.36,24.6,16.9,28.8,11.97,1,0,496.4,express,centro,despejado,15,alto,bicicleta
ENV-006798,1.34,6.51,32.2,18.8,21.7,13.14,0,0,531.07,express,centro,viento_fuerte,9,alto,camioneta
ENV-006799,5.77,2.23,27.3,11.4,12.1,3.77,0,0,275.21,normal,residencial,despejado,17,bajo,bicicleta
ENV-006800,7.38,1.55,18.4,15.3,15.6,4.39,0,0,1009.53,normal,residencial,viento_fuerte,5,medio,moto
ENV-006801,6.45,6.56,49.7,33.3,23.9,39.55,0,0,1108.55,normal,residencial,despejado,17,bajo,bicicleta
ENV-006802,56.26,3.74,35.6,17.9,13.8,8.79,0,0,1304.81,normal,rural,viento_fuerte,20,medio,camioneta
ENV-006803,15.02,2.91,35.0,18.5,19.2,12.43,0,0,251.56,normal,periferia,viento_fuerte,23,medio,moto
ENV-006804,7.38,9.49,56.7,33.4,36.0,68.18,0,1,994.79,mismo_dia,residencial,despejado,15,alto,camioneta
ENV-006805,11.32,3.01,36.2,16.3,15.3,9.03,0,0,1074.29,normal,residencial,despejado,5,medio,moto
ENV-006806,36.39,1.13,18.1,12.9,11.2,2.62,0,0,320.85,express,rural,despejado,14,alto,moto
ENV-006807,12.68,5.44,55.4,33.8,19.7,36.89,0,0,1527.44,normal,residencial,despejado,4,bajo,moto
ENV-006808,4.09,1.39,27.2,15.8,12.5,5.37,0,0,1051.25,normal,centro,despejado,16,bajo,bicicleta
ENV-006809,10.43,2.33,35.0,23.9,18.1,15.14,0,1,2323.5,express,residencial,despejado,18,alto,camioneta
ENV-006810,8.35,0.48,18.2,15.0,10.7,2.92,0,0,195.83,normal,residencial,despejado,8,alto,dron
ENV-006811,6.61,6.1,43.4,24.2,21.7,22.79,0,0,745.58,mismo_dia,residencial,lluvia,3,bajo,moto
ENV-006812,6.41,17.58,67.4,44.8,18.7,56.47,0,0,352.03,express,residencial,despejado,17,bajo,moto
ENV-006813,24.64,3.98,28.1,18.0,27.7,14.01,0,0,409.44,normal,periferia,despejado,11,bajo,moto
ENV-006814,3.3,3.79,40.0,23.1,13.1,12.1,0,0,755.25,express,residencial,lluvia,15,alto,moto
ENV-006815,10.06,79.16,74.9,58.2,91.8,400.17,0,0,1735.02,mismo_dia,residencial,despejado,14,alto,camioneta
ENV-006816,20.92,0.65,16.8,12.4,19.0,3.96,1,0,185.35,express,periferia,despejado,7,medio,moto
ENV-006817,10.23,2.71,23.0,20.6,12.6,5.97,0,0,4294.88,normal,periferia,viento_fuerte,5,bajo,moto
ENV-006818,2.37,0.55,15.5,10.5,15.8,2.57,0,0,2396.6,express,centro,despejado,13,alto,bicicleta
ENV-006819,10.09,3.36,34.6,24.4,27.6,23.3,0,0,2343.62,normal,periferia,despejado,13,medio,moto
ENV-006820,3.84,1.12,29.5,15.4,19.7,8.95,0,0,816.05,normal,centro,lluvia,11,alto,moto
ENV-006821,3.7,5.34,36.8,28.7,22.6,23.87,0,0,336.27,normal,centro,despejado,18,alto,bicicleta
ENV-006822,20.46,1.92,25.5,13.4,11.9,4.07,0,0,207.8,express,periferia,lluvia,12,medio,moto
ENV-006823,54.18,4.65,35.1,30.4,34.4,36.71,0,0,986.88,normal,rural,despejado,9,alto,camioneta
ENV-006824,9.73,2.2,30.4,14.9,17.0,7.7,0,0,2489.61,normal,residencial,lluvia,13,medio,moto
ENV-006825,3.36,6.46,50.2,35.8,16.4,29.47,0,0,428.15,normal,centro,despejado,12,bajo,bicicleta
ENV-006826,32.95,9.39,65.5,45.7,21.8,65.26,1,0,2044.85,express,rural,despejado,20,alto,moto
ENV-006827,4.33,0.58,14.7,14.4,14.8,3.13,0,0,458.97,normal,residencial,lluvia,10,bajo,moto
ENV-006828,3.82,4.63,38.4,20.0,16.1,12.36,0,0,153.07,normal,residencial,lluvia,16,medio,moto
ENV-006829,5.94,5.77,34.4,26.8,27.0,24.89,1,0,4313.43,mismo_dia,residencial,despejado,21,bajo,moto
ENV-006830,9.64,4.5,41.3,22.8,24.0,22.6,1,0,856.14,express,residencial,despejado,15,medio,moto
ENV-006831,4.76,0.77,17.3,16.8,13.4,3.89,0,0,729.06,express,residencial,despejado,22,medio,moto
ENV-006832,8.46,3.95,36.5,29.7,16.3,17.67,0,0,490.73,normal,residencial,despejado,8,alto,moto
ENV-006833,10.09,10.01,52.1,39.6,25.1,51.79,0,1,123.46,normal,residencial,despejado,8,medio,camioneta
ENV-006834,26.46,31.77,88.4,61.2,46.3,250.49,0,0,221.65,express,rural,viento_fuerte,16,alto,camioneta
ENV-006835,11.57,1.07,23.9,15.8,7.5,2.83,1,0,9398.37,express,periferia,despejado,7,medio,dron
ENV-006836,18.44,2.59,24.5,22.9,13.2,7.41,1,0,585.16,mismo_dia,periferia,despejado,0,medio,moto
ENV-006837,1.95,1.93,35.9,25.7,12.1,11.16,0,0,1001.24,normal,centro,viento_fuerte,14,alto,bicicleta
ENV-006838,13.98,0.68,23.6,14.2,8.8,2.95,1,0,1236.69,mismo_dia,periferia,despejado,17,alto,dron
ENV-006839,7.15,0.44,18.3,13.8,6.2,1.57,0,1,328.13,express,residencial,despejado,10,alto,camioneta
ENV-006840,7.99,6.29,31.6,19.8,32.7,20.46,0,0,311.37,normal,residencial,despejado,21,medio,moto
ENV-006841,15.5,5.45,43.6,33.5,15.9,23.22,0,0,1819.87,normal,periferia,despejado,20,alto,moto
ENV-006842,6.47,1.52,15.7,16.4,13.4,3.45,0,0,3823.18,mismo_dia,residencial,despejado,12,bajo,camioneta
ENV-006843,10.6,1.65,23.1,16.4,12.8,4.85,1,0,1313.51,normal,residencial,despejado,15,alto,dron
ENV-006844,5.64,1.65,28.1,19.7,11.8,6.53,0,0,84.61,normal,residencial,despejado,9,medio,bicicleta
ENV-006845,11.25,4.31,44.7,31.3,15.3,21.41,0,0,539.71,express,residencial,despejado,21,medio,moto
ENV-006846,9.81,0.52,23.9,15.3,10.7,3.91,0,0,601.08,normal,periferia,despejado,15,alto,dron
ENV-006847,3.57,2.15,31.2,21.3,20.0,13.29,0,0,74.44,express,centro,despejado,21,bajo,moto
ENV-006848,3.27,1.74,23.0,20.1,11.3,5.22,1,1,282.12,normal,centro,despejado,14,medio,camioneta
ENV-006849,6.09,2.81,31.0,18.3,20.8,11.8,0,0,6733.33,normal,residencial,despejado,19,alto,bicicleta
ENV-006850,4.97,2.48,26.3,18.9,13.0,6.46,0,0,1411.36,normal,centro,despejado,19,alto,bicicleta
ENV-006851,5.89,6.42,38.1,21.3,20.1,16.31,1,0,3581.11,normal,periferia,lluvia,16,medio,bicicleta
ENV-006852,11.29,13.56,58.3,43.3,19.1,48.22,0,0,483.64,normal,residencial,despejado,11,bajo,moto
ENV-006853,3.82,1.03,15.6,15.6,15.4,3.75,0,0,1493.57,normal,centro,despejado,11,medio,bicicleta
ENV-006854,7.39,1.56,24.5,21.3,17.1,8.92,0,0,149.81,normal,residencial,despejado,19,alto,dron
ENV-006855,32.96,2.05,27.2,10.8,11.8,3.47,0,0,348.57,normal,rural,viento_fuerte,15,medio,moto
ENV-006856,4.06,2.0,32.1,16.7,21.0,11.26,0,0,324.72,normal,residencial,despejado,19,alto,bicicleta
ENV-006857,7.66,2.24,28.7,20.0,12.2,7.0,0,0,3265.11,normal,residencial,lluvia,9,alto,moto
ENV-006858,45.98,4.5,32.2,31.5,30.3,30.73,0,0,70.07,mismo_dia,rural,despejado,9,medio,camioneta
ENV-006859,1.67,2.04,33.2,24.6,17.6,14.37,1,0,2016.76,normal,centro,despejado,15,alto,bicicleta
ENV-006860,1.77,0.8,19.5,15.5,10.5,3.17,1,0,1643.56,express,centro,despejado,19,bajo,camioneta
ENV-006861,31.66,1.45,30.6,14.6,17.1,7.64,0,0,158.1,express,rural,despejado,8,alto,moto
ENV-006862,6.86,1.17,26.8,18.9,11.3,5.72,0,0,910.17,mismo_dia,residencial,despejado,11,medio,dron
ENV-006863,7.02,1.19,21.1,11.8,14.0,3.49,0,0,275.08,express,residencial,viento_fuerte,17,medio,moto
ENV-006864,21.65,1.11,25.7,13.8,14.8,5.25,1,0,264.32,express,periferia,despejado,12,medio,moto
ENV-006865,3.69,0.38,19.8,13.9,7.3,2.01,0,0,751.12,normal,centro,despejado,9,alto,bicicleta
ENV-006866,6.08,1.39,21.8,14.3,6.8,2.12,1,0,13060.45,express,periferia,despejado,15,bajo,dron
ENV-006867,10.9,2.17,30.0,27.1,19.7,16.02,0,0,1220.79,mismo_dia,residencial,despejado,11,alto,moto
ENV-006868,12.1,0.4,19.7,12.3,12.2,2.96,1,0,1218.47,normal,periferia,lluvia,1,bajo,moto
ENV-006869,16.34,2.27,30.3,20.2,11.2,6.86,0,0,108.37,normal,periferia,despejado,13,alto,moto
ENV-006870,41.24,50.91,60.3,49.5,36.1,107.75,0,0,970.65,normal,rural,despejado,14,alto,camioneta
ENV-006871,2.61,1.41,19.8,15.3,23.7,7.18,0,0,215.6,normal,residencial,lluvia,10,bajo,moto
ENV-006872,14.98,3.38,43.3,26.3,21.2,24.14,0,0,307.94,normal,periferia,lluvia,10,medio,moto
ENV-006873,8.95,1.26,23.4,13.8,10.3,3.33,0,0,976.86,normal,residencial,despejado,12,bajo,dron
ENV-006874,3.85,0.64,23.0,13.1,8.6,2.59,0,0,2841.46,normal,centro,viento_fuerte,16,bajo,bicicleta
ENV-006875,7.45,2.07,35.8,23.0,16.1,13.26,0,0,732.06,mismo_dia,residencial,despejado,20,alto,moto
ENV-006876,13.45,3.79,36.0,28.8,29.1,30.17,0,0,692.66,express,periferia,despejado,17,medio,moto
ENV-006877,29.23,0.58,18.4,13.2,5.9,1.43,0,0,658.69,normal,periferia,despejado,12,medio,moto
ENV-006878,5.56,62.52,85.7,57.5,81.2,400.13,0,0,5117.78,normal,residencial,despejado,20,alto,camioneta
ENV-006879,7.41,2.62,22.2,15.0,26.7,8.89,0,0,224.2,normal,residencial,despejado,13,alto,moto
ENV-006880,4.09,2.55,36.8,19.4,17.6,12.56,0,1,288.59,mismo_dia,centro,despejado,12,bajo,camioneta
ENV-006881,1.73,2.83,35.0,20.7,29.8,21.59,0,0,2030.15,normal,centro,viento_fuerte,16,bajo,bicicleta
ENV-006882,45.7,1.62,31.8,19.5,18.5,11.47,0,0,673.0,normal,rural,despejado,13,alto,camioneta
ENV-006883,8.67,4.42,55.2,27.8,21.4,32.84,0,0,230.86,normal,residencial,despejado,19,medio,moto
ENV-006884,5.56,8.72,35.1,26.0,18.2,16.61,0,0,365.51,normal,centro,despejado,10,medio,moto
ENV-006885,12.95,0.45,20.6,18.0,9.5,3.52,0,0,1999.58,normal,residencial,despejado,18,alto,dron
ENV-006886,1.75,1.43,27.0,26.0,15.0,10.53,0,0,83.77,normal,centro,viento_fuerte,14,alto,bicicleta
ENV-006887,2.22,4.7,54.7,35.4,17.0,32.92,0,0,4237.03,normal,centro,despejado,2,bajo,moto
ENV-006888,3.16,1.1,19.8,18.3,12.5,4.53,0,0,14300.12,normal,centro,viento_fuerte,10,alto,bicicleta
ENV-006889,2.34,1.29,28.0,19.3,8.9,4.81,0,1,426.3,express,centro,viento_fuerte,6,alto,camioneta
ENV-006890,6.41,2.84,39.3,24.3,17.6,16.81,0,0,2524.55,normal,residencial,lluvia,11,bajo,moto
ENV-006891,47.05,0.24,18.4,13.9,6.1,1.56,0,0,86.18,express,rural,despejado,7,alto,camioneta
ENV-006892,16.11,1.38,27.1,21.3,16.1,9.29,0,0,1659.69,mismo_dia,periferia,despejado,9,bajo,camioneta
ENV-006893,10.46,2.24,36.9,17.8,15.0,9.85,0,0,1194.98,normal,residencial,lluvia,10,bajo,moto
ENV-006894,23.67,1.6,27.5,24.0,14.3,9.44,0,0,171.14,mismo_dia,periferia,despejado,21,bajo,moto
ENV-006895,12.23,1.57,27.9,16.1,26.0,11.68,0,0,194.76,normal,residencial,lluvia,15,alto,moto
ENV-006896,11.58,0.88,19.7,12.5,6.7,1.65,1,0,124.33,express,periferia,despejado,7,medio,dron
ENV-006897,5.38,1.12,23.5,16.6,16.4,6.4,1,0,496.06,normal,centro,despejado,19,alto,bicicleta
ENV-006898,8.53,1.95,29.5,23.5,18.0,12.48,0,1,348.45,express,residencial,despejado,8,alto,camioneta
ENV-006899,28.99,2.74,32.5,22.0,19.0,13.59,0,0,836.04,express,rural,despejado,5,medio,moto
ENV-006900,18.74,3.99,36.5,31.5,23.0,26.44,0,0,1392.29,normal,periferia,lluvia,17,bajo,moto
ENV-006901,13.13,24.93,49.7,34.3,38.4,65.46,0,0,38367.8,normal,periferia,despejado,18,medio,moto
ENV-006902,18.56,1.74,32.6,15.3,19.3,9.63,0,0,4695.3,express,periferia,viento_fuerte,15,alto,moto
ENV-006903,3.98,3.06,37.0,26.6,14.0,13.78,0,0,2444.7,express,centro,lluvia,14,alto,moto
ENV-006904,11.08,55.27,51.8,51.6,44.3,118.41,0,0,1221.85,mismo_dia,residencial,lluvia,17,medio,camioneta
ENV-006905,2.79,1.2,20.3,11.6,8.9,2.1,0,0,68.0,mismo_dia,centro,lluvia,15,medio,moto
ENV-006906,12.29,1.67,29.8,12.7,12.7,4.81,0,0,416.18,express,residencial,viento_fuerte,9,alto,moto
ENV-006907,2.45,64.42,83.0,56.3,45.0,210.28,1,0,264.48,express,centro,despejado,20,alto,camioneta
ENV-006908,5.84,5.82,52.6,38.4,21.9,44.23,0,0,780.83,express,residencial,lluvia,23,bajo,moto
ENV-006909,19.13,1.23,27.6,14.9,11.4,4.69,0,0,783.64,normal,periferia,lluvia,15,alto,moto
ENV-006910,4.81,1.4,34.8,21.2,14.1,10.4,0,0,1685.32,mismo_dia,centro,despejado,19,alto,moto
ENV-006911,31.5,1.72,31.8,26.3,13.8,11.54,0,0,1593.95,normal,rural,despejado,17,medio,moto
ENV-006912,4.26,0.46,14.3,8.9,7.6,0.97,0,0,50,mismo_dia,centro,despejado,2,bajo,moto
ENV-006913,10.25,1.85,24.8,14.7,22.3,8.13,0,0,732.91,express,residencial,lluvia,11,bajo,moto
ENV-006914,57.38,0.99,26.1,14.9,13.6,5.29,0,0,139.0,normal,rural,viento_fuerte,8,medio,camioneta
ENV-006915,4.58,5.25,37.7,40.7,27.1,41.58,0,0,82.42,express,residencial,despejado,15,alto,moto
ENV-006916,2.44,38.08,64.5,61.0,54.9,216.0,0,0,249.51,express,centro,despejado,16,bajo,camioneta
ENV-006917,3.47,0.62,16.4,13.2,7.9,1.71,0,0,310.92,normal,centro,lluvia,18,alto,moto
ENV-006918,6.01,2.61,27.3,15.1,16.4,6.76,0,0,597.76,normal,residencial,despejado,13,medio,bicicleta
ENV-006919,7.79,2.03,25.7,15.6,15.0,6.01,0,1,440.2,express,residencial,despejado,14,alto,camioneta
ENV-006920,18.79,0.82,22.2,16.1,13.2,4.72,0,0,6864.1,express,periferia,despejado,8,bajo,moto
ENV-006921,13.17,7.66,50.5,33.1,15.3,25.57,1,0,597.8,normal,periferia,despejado,10,medio,moto
ENV-006922,27.47,39.06,55.8,50.3,40.2,112.83,1,0,278.79,express,periferia,despejado,9,medio,camioneta
ENV-006923,13.35,15.23,71.1,37.3,23.5,62.32,0,0,1143.54,express,periferia,lluvia,17,medio,moto
ENV-006924,6.14,3.31,40.6,27.0,11.2,12.28,0,0,7377.07,normal,residencial,viento_fuerte,9,alto,bicicleta
ENV-006925,9.2,1.27,20.6,14.0,12.0,3.46,0,0,462.54,mismo_dia,residencial,lluvia,17,bajo,moto
ENV-006926,6.34,2.66,23.8,21.1,17.7,8.89,0,0,1425.15,normal,residencial,despejado,17,medio,bicicleta
ENV-006927,3.31,0.17,15.0,10.6,6.8,1.08,0,0,1510.79,express,centro,despejado,16,bajo,bicicleta
ENV-006928,3.54,4.57,53.4,33.9,17.0,30.77,1,0,1150.65,normal,residencial,lluvia,13,alto,bicicleta
ENV-006929,8.03,0.13,11.9,4.8,5.2,0.3,0,0,1010.38,normal,residencial,despejado,18,medio,dron
ENV-006930,13.09,1.72,21.4,17.9,9.1,3.49,1,0,1522.76,normal,periferia,despejado,16,alto,dron
ENV-006931,15.61,0.79,24.4,15.2,10.4,3.86,0,0,924.88,express,periferia,despejado,14,alto,moto
ENV-006932,26.81,2.13,29.9,26.9,14.2,11.42,1,0,965.41,express,periferia,lluvia,23,medio,moto
ENV-006933,2.94,0.74,19.2,12.6,18.6,4.5,0,0,2063.73,express,centro,lluvia,3,bajo,moto
ENV-006934,15.47,3.07,22.9,23.7,15.7,8.52,0,0,2636.14,normal,periferia,despejado,12,medio,moto
ENV-006935,9.29,1.48,25.1,11.7,12.1,3.55,1,0,352.94,mismo_dia,residencial,despejado,9,bajo,dron
ENV-006936,3.34,17.29,54.5,49.4,36.4,98.0,0,0,2488.67,normal,residencial,lluvia,8,alto,camioneta
ENV-006937,6.21,1.59,29.2,16.9,24.5,12.09,1,0,111.86,express,residencial,despejado,13,alto,bicicleta
ENV-006938,3.01,0.71,17.1,11.2,8.7,1.67,0,0,1532.22,express,residencial,lluvia,10,medio,moto
ENV-006939,11.64,1.64,23.0,13.7,18.3,5.77,0,0,346.49,normal,residencial,lluvia,15,medio,moto
ENV-006940,22.02,1.87,38.5,22.8,15.9,13.96,0,0,799.99,express,periferia,despejado,18,medio,moto
ENV-006941,11.5,1.3,15.4,15.7,12.1,2.93,0,0,656.51,mismo_dia,periferia,despejado,9,alto,dron
ENV-006942,4.97,2.16,24.4,26.6,20.5,13.31,0,0,2032.65,normal,residencial,despejado,18,bajo,bicicleta
ENV-006943,10.76,6.73,49.6,26.3,31.5,41.09,0,0,295.76,normal,residencial,despejado,9,bajo,moto
ENV-006944,12.53,2.35,42.4,26.6,11.8,13.31,0,0,382.46,normal,residencial,despejado,16,bajo,moto
ENV-006945,25.47,1.35,34.3,14.8,16.7,8.48,0,0,5624.66,mismo_dia,periferia,despejado,7,alto,moto
ENV-006946,37.85,3.36,25.9,27.8,21.1,15.19,0,0,1427.03,normal,rural,despejado,20,alto,moto
ENV-006947,3.31,0.47,16.5,17.3,11.0,3.14,0,0,976.37,normal,centro,despejado,9,alto,bicicleta
ENV-006948,24.63,2.05,27.6,16.3,15.3,6.88,1,0,692.13,normal,periferia,despejado,20,alto,moto
ENV-006949,3.53,1.31,26.3,22.5,13.0,7.69,0,0,1549.46,normal,residencial,despejado,10,bajo,bicicleta
ENV-006950,6.11,2.9,33.1,23.0,29.6,22.53,0,0,10875.21,express,residencial,lluvia,12,bajo,moto
ENV-006951,14.94,0.82,16.0,14.6,9.4,2.2,0,0,178.97,normal,periferia,despejado,14,medio,dron
ENV-006952,18.18,1.0,13.5,13.9,8.3,1.56,0,0,10460.4,normal,periferia,despejado,8,alto,moto
ENV-006953,2.51,1.44,19.5,11.9,12.0,2.78,0,1,124.38,normal,centro,despejado,10,bajo,camioneta
ENV-006954,23.06,1.57,27.7,22.9,14.1,8.94,0,0,843.73,mismo_dia,periferia,despejado,12,medio,moto
ENV-006955,26.02,7.82,61.3,35.9,22.0,48.41,1,0,787.98,normal,rural,despejado,15,alto,moto
ENV-006956,4.11,1.26,17.8,20.8,14.0,5.18,0,0,737.74,normal,centro,lluvia,18,medio,bicicleta
ENV-006957,17.38,2.6,28.6,17.8,9.5,4.84,1,0,1730.67,normal,periferia,despejado,18,medio,moto
ENV-006958,49.65,4.02,33.7,24.0,37.7,30.49,1,0,875.45,express,rural,despejado,11,medio,camioneta
ENV-006959,22.82,0.83,21.3,10.2,7.7,1.67,0,0,415.33,express,rural,viento_fuerte,7,alto,moto
ENV-006960,2.22,2.36,27.4,24.9,15.0,10.23,0,0,170.37,normal,centro,lluvia,17,bajo,moto
ENV-006961,10.72,0.36,15.7,14.1,12.2,2.7,0,0,499.32,express,residencial,despejado,9,alto,dron
ENV-006962,6.34,1.49,29.8,20.3,8.2,4.96,0,0,4363.38,mismo_dia,residencial,lluvia,8,alto,moto
ENV-006963,4.45,1.13,20.6,15.5,10.9,3.48,0,0,151.61,normal,centro,despejado,12,bajo,bicicleta
ENV-006964,44.46,1.59,28.9,16.8,10.6,5.15,1,0,286.69,normal,rural,viento_fuerte,10,medio,camioneta
ENV-006965,50.43,2.43,28.5,23.3,18.7,12.42,1,0,3944.79,express,rural,despejado,13,alto,camioneta
ENV-006966,0.96,5.61,46.7,26.5,24.3,30.07,0,0,78.76,normal,centro,viento_fuerte,18,medio,bicicleta
ENV-006967,3.37,1.52,31.7,18.3,18.3,10.62,0,0,1124.17,normal,centro,despejado,8,medio,bicicleta
ENV-006968,11.42,1.37,19.4,19.5,14.0,5.3,0,1,1777.61,express,residencial,despejado,15,alto,camioneta
ENV-006969,16.4,4.49,41.9,25.7,29.2,31.44,0,0,9876.71,normal,periferia,despejado,19,alto,moto
ENV-006970,4.18,38.66,63.9,46.0,24.3,71.43,1,0,343.57,mismo_dia,residencial,lluvia,11,medio,camioneta
ENV-006971,9.75,13.85,53.3,36.6,45.9,89.54,0,0,832.31,express,residencial,despejado,19,alto,camioneta
ENV-006972,32.35,1.62,37.8,16.4,19.3,11.96,1,0,193.4,express,rural,despejado,16,medio,moto
ENV-006973,13.39,5.22,35.3,31.3,16.2,17.9,0,0,2318.66,express,periferia,lluvia,8,alto,moto
ENV-006974,6.73,1.63,26.8,23.1,17.7,10.96,0,1,4306.76,mismo_dia,residencial,despejado,16,bajo,camioneta
ENV-006975,3.94,2.22,25.0,18.8,24.8,11.66,1,0,312.92,express,residencial,despejado,11,medio,bicicleta
ENV-006976,3.68,55.37,55.8,46.2,35.5,91.52,0,0,947.23,express,residencial,despejado,1,bajo,camioneta
ENV-006977,12.65,1.65,32.8,16.0,17.4,9.13,0,0,761.66,mismo_dia,periferia,despejado,9,alto,dron
ENV-006978,3.68,2.5,35.9,17.3,20.2,12.55,0,1,102.77,express,centro,despejado,16,bajo,camioneta
ENV-006979,6.58,2.85,47.1,26.9,14.7,18.62,0,0,607.3,normal,residencial,despejado,10,bajo,bicicleta
ENV-006980,2.4,1.3,35.1,20.8,10.9,7.96,0,0,152.25,express,centro,despejado,16,medio,bicicleta
ENV-006981,7.73,7.26,35.3,32.4,32.8,37.51,0,0,183.56,express,residencial,despejado,10,bajo,moto
ENV-006982,5.69,0.83,27.0,16.3,12.2,5.37,1,0,1125.94,mismo_dia,residencial,lluvia,19,alto,moto
ENV-006983,1.03,5.31,43.7,24.2,35.4,37.44,0,0,5676.43,normal,centro,despejado,14,alto,bicicleta
ENV-006984,7.16,1.07,24.4,19.5,11.9,5.66,0,0,1877.83,mismo_dia,residencial,despejado,15,bajo,dron
ENV-006985,1.58,0.93,19.8,19.6,12.8,4.97,1,0,1728.3,normal,centro,despejado,19,bajo,bicicleta
ENV-006986,2.27,7.74,52.7,35.6,14.6,27.39,0,0,478.14,normal,residencial,despejado,12,medio,bicicleta
ENV-006987,6.32,1.7,39.0,20.7,14.5,11.71,0,0,7534.02,normal,residencial,lluvia,14,alto,moto
ENV-006988,5.41,24.32,63.6,32.9,23.2,48.54,0,0,127.62,normal,residencial,despejado,10,alto,moto
ENV-006989,3.9,1.2,17.0,11.8,20.2,4.05,0,0,672.74,express,centro,lluvia,21,bajo,moto
ENV-006990,4.81,6.66,53.3,24.4,26.8,34.85,1,0,1212.28,express,residencial,viento_fuerte,19,medio,bicicleta
ENV-006991,12.63,10.92,36.3,27.8,17.8,17.96,1,0,101.6,normal,residencial,despejado,14,medio,moto
ENV-006992,3.34,2.02,28.3,14.6,16.1,6.65,1,0,1677.99,express,residencial,viento_fuerte,10,bajo,bicicleta
ENV-006993,8.18,0.55,19.4,19.1,11.5,4.26,0,0,343.29,normal,residencial,despejado,4,bajo,moto
ENV-006994,18.37,61.69,95.5,58.5,71.7,400.57,0,0,872.24,express,periferia,lluvia,22,alto,camioneta
ENV-006995,22.53,3.76,34.8,14.4,15.4,7.72,1,0,448.64,normal,periferia,lluvia,12,bajo,moto
ENV-006996,27.06,0.88,17.8,11.9,17.9,3.79,0,0,1056.53,normal,periferia,viento_fuerte,19,medio,moto
ENV-006997,10.63,1.06,33.8,20.3,10.5,7.2,1,0,244.42,mismo_dia,residencial,despejado,11,medio,dron
ENV-006998,3.86,0.96,16.6,15.6,10.5,2.72,1,0,303.63,express,centro,despejado,7,medio,bicicleta
ENV-006999,4.52,2.31,21.9,14.9,11.0,3.59,1,0,56.63,mismo_dia,residencial,despejado,10,alto,dron
ENV-007000,5.14,1.37,28.4,22.8,15.3,9.91,0,0,177.78,normal,centro,despejado,18,alto,bicicleta
ENV-007001,17.31,0.69,20.8,14.9,12.1,3.75,0,0,2378.0,normal,periferia,viento_fuerte,12,medio,moto
ENV-007002,3.96,0.52,22.3,11.1,8.6,2.13,1,0,2779.96,normal,residencial,despejado,17,alto,bicicleta
ENV-007003,5.38,1.81,37.0,19.2,13.3,9.45,0,0,643.29,express,residencial,lluvia,15,medio,moto
ENV-007004,6.62,1.59,38.3,18.0,14.8,10.2,1,0,1361.3,express,residencial,despejado,14,alto,dron
ENV-007005,17.97,3.05,34.3,20.8,21.9,15.62,0,0,16287.45,mismo_dia,periferia,despejado,5,bajo,moto
ENV-007006,6.38,2.03,40.3,23.2,12.5,11.69,0,0,467.58,normal,residencial,despejado,13,medio,bicicleta
ENV-007007,13.25,1.33,35.6,18.7,13.3,8.85,0,1,1610.36,normal,periferia,despejado,1,bajo,camioneta
ENV-007008,51.53,10.61,29.4,25.0,27.8,20.43,0,0,538.44,express,rural,despejado,13,alto,camioneta
ENV-007009,1.91,3.79,33.9,15.7,17.1,9.1,1,0,225.55,normal,centro,despejado,8,alto,bicicleta
ENV-007010,17.55,2.1,38.3,29.5,13.8,15.59,0,0,890.91,normal,periferia,lluvia,10,bajo,moto
ENV-007011,8.64,0.79,28.2,17.6,7.9,3.92,0,0,650.43,mismo_dia,residencial,despejado,21,medio,moto
ENV-007012,17.98,1.45,17.3,11.5,12.2,2.43,0,0,429.35,express,periferia,lluvia,18,alto,moto
ENV-007013,9.85,1.8,26.0,18.7,17.4,8.46,0,0,938.33,normal,periferia,despejado,14,alto,dron
ENV-007014,5.66,4.93,45.3,26.1,24.3,28.73,0,0,616.19,express,residencial,lluvia,19,alto,moto
ENV-007015,31.52,4.85,21.0,19.3,19.5,7.9,0,0,1331.57,express,rural,despejado,2,bajo,moto
ENV-007016,5.92,1.42,25.1,16.0,14.3,5.74,0,0,1099.2,express,residencial,despejado,13,alto,bicicleta
ENV-007017,7.29,2.26,22.0,21.5,20.4,9.65,0,0,530.14,mismo_dia,residencial,lluvia,8,alto,moto
ENV-007018,10.01,4.74,34.6,25.8,33.4,29.82,0,0,5118.24,express,periferia,despejado,15,alto,camioneta
ENV-007019,21.82,3.01,48.5,27.8,15.3,20.63,0,0,632.46,normal,periferia,despejado,13,medio,moto
ENV-007020,5.74,3.8,41.4,22.2,23.3,21.41,0,0,410.51,express,residencial,despejado,10,alto,bicicleta
ENV-007021,5.98,1.54,31.6,13.7,12.7,5.5,1,0,495.09,mismo_dia,residencial,despejado,19,alto,dron
ENV-007022,20.38,0.99,19.0,13.2,16.4,4.11,0,0,227.83,normal,rural,despejado,15,alto,moto
ENV-007023,31.94,0.34,15.0,14.4,9.1,1.97,0,0,993.11,mismo_dia,rural,despejado,9,alto,moto
ENV-007024,3.96,18.92,50.0,36.0,54.2,97.56,1,0,618.31,normal,centro,despejado,14,medio,camioneta
ENV-007025,1.07,0.64,13.8,12.5,14.5,2.5,0,0,2556.55,express,centro,lluvia,15,bajo,moto
ENV-007026,11.62,0.76,24.0,17.8,10.4,4.44,0,0,3051.78,normal,residencial,despejado,6,bajo,camioneta
ENV-007027,3.2,42.28,97.6,45.7,55.5,247.55,0,0,5471.98,express,centro,despejado,15,medio,camioneta
ENV-007028,4.11,3.67,33.5,28.3,25.3,23.99,0,0,565.39,normal,residencial,viento_fuerte,7,alto,bicicleta
ENV-007029,6.1,1.14,25.3,18.9,18.0,8.61,0,0,184.43,normal,residencial,despejado,6,bajo,bicicleta
ENV-007030,9.24,14.58,73.7,35.3,41.8,108.75,0,0,711.57,normal,residencial,despejado,20,medio,camioneta
ENV-007031,5.16,2.38,33.1,16.1,17.5,9.33,0,0,16354.9,mismo_dia,residencial,despejado,21,medio,moto
ENV-007032,7.92,0.67,26.7,17.8,8.2,3.9,0,0,82.05,normal,residencial,despejado,22,medio,moto
ENV-007033,3.6,2.33,21.2,13.3,12.8,3.61,1,1,601.08,normal,residencial,despejado,7,alto,camioneta
ENV-007034,5.78,0.54,16.6,11.2,12.3,2.29,0,0,1183.48,express,residencial,despejado,11,bajo,bicicleta
ENV-007035,12.22,1.87,24.7,25.5,16.1,10.14,0,0,2344.81,express,residencial,despejado,11,medio,dron
ENV-007036,1.9,1.76,29.6,14.3,12.2,5.16,0,0,258.67,normal,centro,despejado,17,alto,bicicleta
ENV-007037,54.01,0.29,13.1,10.4,9.6,1.31,0,0,228.23,express,rural,lluvia,18,bajo,camioneta
ENV-007038,28.99,2.25,34.9,21.4,15.9,11.88,0,0,153.71,normal,rural,despejado,4,bajo,moto
ENV-007039,2.54,1.13,24.5,14.3,20.2,7.08,0,0,1905.25,normal,centro,lluvia,16,medio,moto
ENV-007040,8.66,2.75,42.1,23.2,13.5,13.19,1,0,945.62,mismo_dia,residencial,despejado,17,bajo,moto
ENV-007041,9.81,3.67,29.7,25.0,26.5,19.68,0,0,603.0,express,residencial,despejado,8,bajo,moto
ENV-007042,2.82,0.46,15.9,8.9,5.5,0.78,0,0,4324.53,normal,centro,despejado,17,alto,bicicleta
ENV-007043,25.45,8.91,53.8,36.5,34.6,67.94,0,0,16670.27,express,rural,lluvia,19,medio,moto
ENV-007044,9.07,1.82,28.4,17.2,10.1,4.93,0,0,6044.93,normal,periferia,viento_fuerte,13,alto,moto
ENV-007045,1.36,4.14,36.8,23.6,34.4,29.88,1,0,445.94,normal,centro,lluvia,6,medio,bicicleta
ENV-007046,8.15,1.69,35.3,17.9,13.0,8.21,0,0,77.68,normal,residencial,despejado,20,medio,dron
ENV-007047,5.58,0.51,18.6,14.3,11.8,3.14,0,0,147.94,normal,residencial,lluvia,13,alto,bicicleta
ENV-007048,3.27,1.3,22.6,16.0,7.1,2.57,0,0,607.13,express,residencial,despejado,14,medio,bicicleta
ENV-007049,1.45,6.0,34.9,24.2,30.9,26.1,0,0,5649.94,express,centro,despejado,7,medio,bicicleta
ENV-007050,18.28,2.82,28.0,18.8,26.2,13.79,0,0,4355.2,normal,periferia,despejado,12,medio,moto
ENV-007051,20.84,6.12,48.0,28.7,26.9,37.06,0,0,1104.42,normal,rural,despejado,17,medio,moto
ENV-007052,5.79,4.29,34.8,31.1,27.5,29.76,0,0,142.02,normal,residencial,despejado,15,medio,bicicleta
ENV-007053,11.32,0.69,17.3,11.8,7.9,1.61,0,0,1660.62,normal,residencial,despejado,7,alto,dron
ENV-007054,13.34,1.28,20.5,11.6,16.9,4.02,1,0,1713.36,normal,residencial,despejado,15,bajo,dron
ENV-007055,16.6,3.31,41.4,21.3,25.0,22.05,1,0,309.48,mismo_dia,periferia,lluvia,15,medio,moto
ENV-007056,3.38,1.7,34.2,17.8,12.0,7.31,0,0,718.16,mismo_dia,centro,lluvia,9,alto,moto
ENV-007057,4.31,5.57,37.0,22.4,27.1,22.46,1,0,498.93,normal,centro,lluvia,17,medio,bicicleta
ENV-007058,52.1,4.2,49.6,23.0,26.0,29.66,0,0,546.92,mismo_dia,rural,despejado,12,medio,camioneta
ENV-007059,33.47,5.76,57.6,28.3,24.2,39.45,0,0,456.17,normal,rural,despejado,16,medio,moto
ENV-007060,6.69,1.69,26.5,17.1,7.7,3.49,0,0,911.66,express,residencial,despejado,10,medio,dron
ENV-007061,50.1,0.89,30.9,15.3,12.8,6.05,0,0,497.25,mismo_dia,rural,lluvia,21,medio,camioneta
ENV-007062,11.15,0.62,12.0,11.7,8.3,1.17,0,0,427.29,mismo_dia,periferia,lluvia,15,alto,moto
ENV-007063,3.17,2.83,24.0,15.7,17.8,6.71,0,0,50,normal,residencial,lluvia,11,bajo,moto
ENV-007064,5.43,0.38,23.2,12.7,7.6,2.24,0,0,1078.37,normal,residencial,despejado,15,alto,bicicleta
ENV-007065,6.81,3.15,33.1,27.6,21.8,19.92,0,0,895.35,normal,residencial,lluvia,1,bajo,moto
ENV-007066,18.34,16.53,54.2,41.9,56.1,127.4,0,0,984.78,express,periferia,despejado,15,medio,camioneta
ENV-007067,13.71,1.4,28.3,18.0,11.9,6.06,0,0,1056.75,normal,periferia,despejado,9,alto,dron
ENV-007068,13.69,0.81,23.5,18.4,13.5,5.84,0,0,727.1,normal,periferia,despejado,16,bajo,dron
ENV-007069,27.74,1.07,22.2,14.0,10.9,3.39,0,0,1412.01,normal,rural,despejado,16,bajo,moto
ENV-007070,4.15,33.15,54.9,53.2,44.7,130.55,1,0,217.18,normal,centro,viento_fuerte,13,alto,camioneta
ENV-007071,10.21,1.61,31.5,23.2,11.0,8.04,1,0,905.58,normal,periferia,despejado,17,medio,dron
ENV-007072,2.03,4.88,36.5,29.2,34.3,36.56,0,0,628.98,normal,centro,despejado,16,medio,camioneta
ENV-007073,27.1,1.02,22.9,16.6,18.5,7.03,0,0,902.44,normal,periferia,despejado,11,bajo,moto
ENV-007074,51.38,1.38,30.5,24.6,12.6,9.45,0,0,368.86,normal,rural,lluvia,14,alto,camioneta
ENV-007075,8.58,4.65,37.2,22.1,32.0,26.31,0,0,554.65,express,residencial,despejado,15,medio,moto
ENV-007076,38.28,1.67,28.0,22.5,16.0,10.08,0,0,504.11,express,rural,lluvia,10,medio,camioneta
ENV-007077,9.7,2.53,21.8,19.5,18.0,7.65,1,0,115.26,express,periferia,lluvia,14,medio,moto
ENV-007078,11.84,3.64,26.0,25.6,14.7,9.78,0,0,456.13,express,periferia,despejado,9,alto,moto
ENV-007079,22.95,0.57,16.6,10.9,9.3,1.68,0,0,547.86,mismo_dia,periferia,viento_fuerte,16,alto,moto
ENV-007080,9.13,5.15,53.2,25.7,29.0,39.65,0,0,552.92,normal,residencial,despejado,21,bajo,moto
ENV-007081,6.12,0.18,12.6,7.9,9.1,0.91,0,0,1398.22,normal,residencial,despejado,9,alto,bicicleta
ENV-007082,10.12,4.78,41.6,24.6,31.4,32.13,0,0,665.31,express,periferia,lluvia,16,alto,moto
ENV-007083,7.18,3.51,48.2,31.0,18.4,27.49,0,0,481.33,normal,residencial,despejado,1,medio,moto
ENV-007084,7.12,0.72,28.1,15.1,10.7,4.54,0,0,2867.16,normal,residencial,despejado,10,medio,dron
ENV-007085,5.39,5.41,27.6,18.9,36.7,19.14,1,0,1062.73,normal,centro,despejado,3,alto,bicicleta
ENV-007086,26.44,5.42,42.7,24.3,38.7,40.16,0,1,1940.07,normal,rural,despejado,7,alto,camioneta
ENV-007087,7.23,7.28,46.4,24.9,16.2,18.72,0,0,50,express,residencial,despejado,12,alto,moto
ENV-007088,11.12,2.88,29.3,23.6,14.1,9.75,0,0,714.57,mismo_dia,periferia,despejado,19,alto,moto
ENV-007089,1.74,0.71,27.3,13.5,13.7,5.05,0,0,1912.72,normal,centro,despejado,20,alto,bicicleta
ENV-007090,9.7,1.84,28.2,17.4,23.3,11.43,1,0,1176.65,normal,residencial,despejado,10,bajo,dron
ENV-007091,27.39,7.87,31.8,33.0,27.9,29.28,0,0,2571.41,normal,rural,viento_fuerte,13,alto,moto
ENV-007092,2.41,6.24,50.7,32.6,25.6,42.31,0,0,854.61,express,residencial,viento_fuerte,8,medio,moto
ENV-007093,7.57,29.3,68.4,47.9,66.8,218.86,1,0,5047.85,normal,residencial,despejado,12,medio,camioneta
ENV-007094,2.03,4.5,56.2,38.1,15.0,32.12,1,0,1113.71,normal,centro,despejado,9,medio,bicicleta
ENV-007095,5.99,2.14,25.2,22.8,22.6,12.99,0,0,324.7,express,residencial,despejado,22,bajo,moto
ENV-007096,4.29,1.1,28.1,14.4,13.8,5.58,0,0,202.16,normal,centro,despejado,14,alto,bicicleta
ENV-007097,9.63,0.23,15.6,8.5,7.5,0.99,0,0,193.81,mismo_dia,residencial,despejado,18,alto,dron
ENV-007098,8.08,0.57,16.6,15.0,10.4,2.59,1,1,430.11,express,residencial,lluvia,6,bajo,camioneta
ENV-007099,35.58,0.55,15.8,7.4,7.9,0.92,0,0,4162.67,normal,rural,despejado,13,alto,moto
ENV-007100,7.95,2.23,21.4,15.7,20.4,6.85,0,0,1059.85,express,residencial,lluvia,15,medio,moto
ENV-007101,9.16,3.99,44.5,21.0,20.0,18.69,0,0,174.26,express,residencial,despejado,12,bajo,moto
ENV-007102,35.19,0.47,16.2,16.3,10.6,2.8,1,0,564.81,mismo_dia,rural,despejado,19,alto,moto
ENV-007103,12.62,0.96,24.3,22.1,12.7,6.82,0,0,460.18,normal,periferia,despejado,16,medio,dron
ENV-007104,1.66,0.67,18.6,15.4,11.1,3.18,0,0,425.52,normal,centro,despejado,6,medio,moto
ENV-007105,2.37,4.49,41.9,35.9,18.3,27.53,0,0,596.54,express,centro,despejado,9,medio,bicicleta
ENV-007106,8.05,0.61,11.8,8.1,15.3,1.46,0,0,579.64,normal,residencial,despejado,11,bajo,dron
ENV-007107,1.64,11.37,73.9,41.5,23.5,72.07,0,0,89.45,normal,centro,lluvia,15,alto,moto
ENV-007108,11.74,13.78,46.5,35.3,45.6,74.85,1,0,1172.56,normal,periferia,despejado,12,medio,moto
ENV-007109,8.08,8.45,28.1,19.8,25.3,14.08,0,0,170.18,express,periferia,despejado,8,alto,moto
ENV-007110,47.73,0.82,17.2,12.6,18.1,3.92,0,0,1205.27,mismo_dia,rural,lluvia,12,bajo,camioneta
ENV-007111,21.86,3.61,37.8,16.3,15.2,9.37,0,0,962.61,normal,rural,despejado,13,alto,moto
ENV-007112,3.41,0.89,26.2,15.4,16.8,6.78,0,0,844.01,normal,centro,viento_fuerte,15,alto,bicicleta
ENV-007113,5.74,2.48,27.0,26.0,25.1,17.62,0,0,918.36,normal,residencial,viento_fuerte,8,alto,bicicleta
ENV-007114,3.1,2.76,28.7,19.4,33.6,18.71,1,0,6870.13,normal,residencial,despejado,21,alto,bicicleta
ENV-007115,6.18,1.96,37.9,29.1,13.8,15.22,0,0,307.89,normal,residencial,despejado,7,alto,bicicleta
ENV-007116,5.64,70.29,82.6,72.1,67.1,399.61,0,0,102.07,normal,centro,despejado,13,medio,camioneta
ENV-007117,12.38,2.48,24.1,14.6,10.9,3.84,0,0,1821.01,normal,residencial,despejado,9,alto,dron
ENV-007118,2.17,1.15,25.5,19.6,10.2,5.1,0,0,1727.93,normal,centro,despejado,16,bajo,bicicleta
ENV-007119,6.93,1.3,35.5,23.3,11.1,9.18,0,0,2721.37,express,residencial,despejado,16,bajo,bicicleta
ENV-007120,2.05,55.91,120.2,63.0,41.1,311.23,0,0,1215.0,express,residencial,lluvia,19,medio,camioneta
ENV-007121,3.99,7.77,31.9,23.6,34.7,26.12,1,0,378.03,normal,centro,despejado,11,alto,bicicleta
ENV-007122,2.74,4.82,39.3,25.0,10.6,10.41,0,0,977.58,normal,centro,despejado,11,bajo,bicicleta
ENV-007123,16.67,0.55,25.0,15.8,8.8,3.48,0,0,50,mismo_dia,rural,lluvia,19,alto,moto
ENV-007124,13.28,0.78,18.8,17.0,18.7,5.98,0,0,295.23,normal,residencial,despejado,8,medio,dron
ENV-007125,36.08,5.67,33.3,18.6,16.0,9.91,0,0,2280.59,normal,rural,despejado,13,alto,moto
ENV-007126,3.45,4.97,40.2,25.3,38.1,38.75,0,0,686.42,normal,residencial,lluvia,11,alto,moto
ENV-007127,14.72,0.31,12.8,10.2,4.8,0.63,0,0,794.72,express,periferia,despejado,8,alto,dron
ENV-007128,1.34,3.52,42.9,29.4,17.9,22.58,0,0,163.93,normal,centro,despejado,7,medio,bicicleta
ENV-007129,5.28,24.3,67.7,39.6,58.0,155.49,0,0,5959.45,normal,residencial,despejado,8,alto,camioneta
ENV-007130,3.64,46.13,101.3,47.1,48.6,231.88,0,0,2000.64,express,centro,despejado,16,medio,camioneta
ENV-007131,24.68,1.03,30.2,21.5,12.7,8.25,0,0,534.13,normal,periferia,lluvia,9,medio,moto
ENV-007132,7.67,2.69,29.0,21.3,9.8,6.05,0,0,164.36,mismo_dia,residencial,viento_fuerte,14,alto,moto
ENV-007133,2.49,0.23,14.8,9.2,8.3,1.13,0,0,1249.03,normal,centro,despejado,21,bajo,moto
ENV-007134,7.05,3.72,30.7,19.4,17.1,10.18,0,0,548.04,normal,residencial,lluvia,23,medio,moto
ENV-007135,4.07,1.84,38.9,19.3,14.0,10.51,0,0,84.04,normal,residencial,lluvia,10,alto,moto
ENV-007136,5.1,3.28,29.4,18.2,13.8,7.38,0,0,160.15,express,centro,lluvia,18,alto,moto
ENV-007137,4.47,0.52,20.5,12.5,15.8,4.05,0,0,557.1,normal,centro,lluvia,7,medio,moto
ENV-007138,7.82,14.99,38.5,30.1,33.1,38.36,0,0,3279.66,normal,residencial,despejado,17,bajo,moto
ENV-007139,33.6,2.64,38.4,16.6,16.5,10.52,1,0,245.8,normal,rural,lluvia,7,alto,moto
ENV-007140,4.49,1.31,32.0,20.2,9.2,5.95,0,0,1444.77,normal,residencial,lluvia,9,alto,moto
ENV-007141,23.9,6.48,52.3,30.9,22.2,35.88,0,0,1461.6,express,periferia,despejado,12,bajo,moto
ENV-007142,55.28,2.25,39.2,28.0,12.0,13.17,0,0,1186.0,normal,rural,despejado,14,medio,camioneta
ENV-007143,23.11,0.27,14.1,10.4,8.8,1.29,0,0,2285.73,normal,periferia,despejado,19,alto,moto
ENV-007144,3.77,1.45,34.5,16.8,13.0,7.53,0,0,5494.2,normal,residencial,lluvia,20,medio,bicicleta
ENV-007145,4.46,1.58,27.7,15.9,15.9,7.0,0,0,650.09,normal,residencial,despejado,14,medio,bicicleta
ENV-007146,27.17,6.82,41.5,29.2,14.9,18.06,0,0,802.24,mismo_dia,rural,despejado,17,medio,moto
ENV-007147,10.18,9.4,31.1,31.7,26.0,25.63,0,0,600.55,express,residencial,lluvia,18,alto,moto
ENV-007148,13.79,5.3,56.2,35.3,20.3,40.27,0,0,1105.4,normal,periferia,lluvia,15,alto,moto
ENV-007149,1.34,1.45,29.3,17.3,16.4,8.31,1,0,659.21,express,centro,despejado,7,alto,bicicleta
ENV-007150,32.47,1.22,22.3,17.0,24.7,9.36,0,0,982.39,express,rural,despejado,17,bajo,moto
ENV-007151,8.46,2.63,39.9,22.8,21.5,19.56,0,0,1126.64,express,residencial,despejado,17,bajo,moto
ENV-007152,39.14,1.6,35.1,22.8,14.5,11.6,0,0,1252.87,normal,rural,despejado,11,alto,moto
ENV-007153,5.24,4.03,24.5,18.8,26.7,12.3,0,1,10148.39,normal,residencial,lluvia,19,medio,camioneta
ENV-007154,6.22,1.85,23.2,17.9,20.7,8.6,1,0,977.15,normal,residencial,despejado,18,alto,dron
ENV-007155,8.35,0.48,18.4,10.9,14.7,2.95,1,0,654.71,normal,residencial,despejado,14,medio,dron
ENV-007156,9.21,2.7,23.9,16.5,11.2,4.42,1,0,7431.66,express,residencial,lluvia,14,alto,moto
ENV-007157,1.89,2.62,46.5,21.9,19.5,19.86,0,0,829.54,express,centro,viento_fuerte,8,alto,bicicleta
ENV-007158,20.22,0.71,21.2,14.3,9.6,2.91,1,0,868.17,mismo_dia,periferia,despejado,10,medio,moto
ENV-007159,5.46,0.33,12.9,7.4,9.7,0.93,0,0,548.54,normal,centro,despejado,2,bajo,moto
ENV-007160,20.94,1.74,41.4,16.9,18.2,12.73,0,0,171.73,express,rural,despejado,14,alto,moto
ENV-007161,3.37,1.52,20.2,17.0,9.6,3.3,0,0,1588.36,normal,centro,despejado,8,alto,bicicleta
ENV-007162,12.91,5.19,35.8,23.1,12.1,10.01,1,0,7632.96,normal,residencial,despejado,21,bajo,moto
ENV-007163,18.92,38.76,93.1,62.3,34.2,198.36,1,0,2062.04,express,periferia,despejado,15,alto,camioneta
ENV-007164,2.58,0.61,29.7,13.0,12.3,4.75,0,0,809.92,normal,residencial,despejado,8,alto,moto
ENV-007165,9.1,1.36,17.3,14.3,13.5,3.34,0,0,180.94,express,residencial,despejado,15,alto,dron
ENV-007166,5.75,3.03,27.3,23.7,19.1,12.36,0,0,319.28,mismo_dia,residencial,despejado,21,bajo,moto
ENV-007167,45.58,0.17,13.3,11.8,6.3,0.99,0,0,3749.29,mismo_dia,rural,despejado,21,bajo,camioneta
ENV-007168,7.56,0.98,30.0,20.8,10.2,6.36,0,0,813.62,express,residencial,despejado,7,alto,dron
ENV-007169,22.65,6.85,47.8,33.5,26.3,42.11,0,0,385.01,mismo_dia,periferia,despejado,10,medio,moto
ENV-007170,18.41,4.33,34.6,31.4,30.7,33.35,0,0,2596.84,mismo_dia,rural,viento_fuerte,12,alto,moto
ENV-007171,52.37,0.5,15.2,8.5,7.6,0.98,0,0,411.78,normal,rural,despejado,10,bajo,camioneta
ENV-007172,8.45,2.16,37.7,19.7,16.5,12.25,0,0,319.88,normal,residencial,despejado,15,alto,moto
ENV-007173,0.95,23.12,59.5,36.5,60.3,130.96,0,1,1989.2,normal,centro,despejado,18,alto,camioneta
ENV-007174,20.28,6.73,52.7,30.4,20.4,32.68,0,0,1018.85,normal,periferia,despejado,11,bajo,moto
ENV-007175,12.78,1.02,28.9,21.1,10.5,6.4,0,0,69.86,mismo_dia,residencial,despejado,7,medio,dron
ENV-007176,13.27,50.82,93.9,65.5,28.8,177.13,0,0,455.82,normal,periferia,despejado,5,medio,camioneta
ENV-007177,8.79,2.45,33.8,25.5,22.3,19.22,0,0,506.54,normal,residencial,lluvia,18,alto,moto
ENV-007178,9.54,1.83,23.0,24.9,18.3,10.48,0,0,1238.87,express,residencial,despejado,18,medio,dron
ENV-007179,14.58,3.54,33.4,25.9,21.4,18.51,1,0,731.16,express,periferia,despejado,19,medio,moto
ENV-007180,5.2,2.06,28.4,25.6,18.8,13.67,0,0,522.27,normal,residencial,viento_fuerte,9,alto,bicicleta
ENV-007181,9.69,1.89,22.4,17.1,12.4,4.75,1,0,997.33,normal,residencial,despejado,6,medio,dron
ENV-007182,22.45,50.01,92.3,47.1,40.4,175.63,0,0,151.71,normal,periferia,lluvia,15,alto,camioneta
ENV-007183,11.33,0.69,23.8,18.3,11.9,5.18,0,0,8208.51,normal,residencial,despejado,10,medio,dron
ENV-007184,25.36,1.26,33.2,20.8,10.6,7.32,0,0,939.42,normal,rural,despejado,15,medio,moto
ENV-007185,23.01,1.97,20.6,20.2,11.6,4.83,0,0,1121.08,express,periferia,despejado,9,alto,moto
ENV-007186,12.63,5.74,41.9,28.7,14.3,17.2,0,0,1745.23,normal,periferia,despejado,11,medio,moto
ENV-007187,4.91,73.9,88.1,57.4,46.9,237.17,0,0,864.18,normal,residencial,despejado,7,alto,camioneta
ENV-007188,3.7,7.52,64.0,28.6,31.4,57.47,0,0,744.74,normal,centro,despejado,12,bajo,moto
ENV-007189,26.02,2.17,23.2,20.9,13.6,6.59,0,0,1278.41,mismo_dia,rural,despejado,4,medio,moto
ENV-007190,7.34,2.95,25.4,27.2,20.7,14.3,0,0,757.47,express,residencial,despejado,14,alto,moto
ENV-007191,50.48,5.07,45.6,25.0,34.2,38.99,0,1,785.61,express,rural,despejado,16,bajo,camioneta
ENV-007192,34.05,0.67,20.7,11.6,7.4,1.78,0,0,299.08,normal,rural,despejado,14,alto,moto
ENV-007193,44.91,1.52,24.2,19.8,12.1,5.8,1,0,156.94,express,rural,despejado,18,alto,camioneta
ENV-007194,4.4,0.38,13.5,6.0,7.6,0.62,0,0,178.07,normal,residencial,lluvia,12,bajo,moto
ENV-007195,33.24,1.98,22.5,15.7,11.0,3.89,0,0,1273.46,normal,rural,despejado,5,medio,moto
ENV-007196,2.73,24.21,77.7,56.1,43.8,190.92,0,0,1165.18,express,centro,despejado,21,bajo,camioneta
ENV-007197,3.16,2.5,44.0,17.2,19.3,14.61,0,1,637.2,express,centro,despejado,16,medio,camioneta
ENV-007198,13.46,1.64,36.8,24.0,13.6,12.01,0,0,4662.06,normal,periferia,viento_fuerte,10,alto,moto
ENV-007199,3.06,2.82,25.5,17.5,34.4,15.35,0,0,2718.86,express,centro,lluvia,22,bajo,moto
ENV-007200,21.47,0.94,21.0,22.2,15.0,6.99,1,0,50,express,periferia,viento_fuerte,9,medio,moto
ENV-007201,5.19,4.64,42.2,21.7,16.5,15.11,1,0,845.0,express,centro,despejado,9,medio,bicicleta
ENV-007202,2.25,12.2,54.0,39.3,18.1,38.41,0,0,1226.35,normal,centro,despejado,18,bajo,moto
ENV-007203,11.11,0.92,29.1,19.9,10.8,6.25,0,0,346.73,normal,residencial,despejado,16,bajo,dron
ENV-007204,2.37,1.44,22.6,16.0,30.2,10.92,1,1,6366.48,normal,centro,despejado,10,alto,camioneta
ENV-007205,11.64,1.35,19.8,14.7,21.4,6.23,0,0,952.17,normal,periferia,lluvia,11,alto,moto
ENV-007206,7.85,2.39,29.0,19.0,17.8,9.81,0,0,361.52,normal,residencial,despejado,14,alto,dron
ENV-007207,4.78,2.95,31.2,20.3,31.3,19.82,1,0,612.93,normal,centro,despejado,15,medio,bicicleta
ENV-007208,2.43,2.43,30.8,27.6,18.2,15.47,0,0,499.81,express,centro,despejado,16,bajo,bicicleta
ENV-007209,1.71,0.61,19.1,15.7,10.2,3.06,1,0,471.93,normal,centro,despejado,23,bajo,camioneta
ENV-007210,25.96,1.53,20.1,13.3,24.7,6.6,1,0,6666.04,express,rural,viento_fuerte,13,alto,moto
ENV-007211,30.9,0.84,15.8,16.0,14.1,3.56,1,0,1825.22,normal,rural,despejado,6,bajo,moto
ENV-007212,19.94,1.18,21.5,14.7,16.9,5.34,0,0,1045.13,normal,rural,despejado,14,alto,moto
ENV-007213,46.82,4.89,53.0,36.3,17.7,34.05,0,0,379.08,mismo_dia,rural,viento_fuerte,10,medio,camioneta
ENV-007214,18.55,0.48,27.6,11.7,11.9,3.84,0,0,124.52,express,periferia,despejado,15,medio,moto
ENV-007215,11.92,1.6,33.9,21.5,11.7,8.53,1,0,355.16,express,periferia,despejado,20,alto,dron
ENV-007216,0.48,0.1,12.6,7.1,4.5,0.4,1,0,184.03,normal,centro,despejado,17,medio,bicicleta
ENV-007217,3.51,1.59,35.9,19.0,12.2,8.32,0,0,522.76,normal,centro,viento_fuerte,11,alto,bicicleta
ENV-007218,9.3,0.4,12.4,10.6,13.4,1.76,1,0,172.44,normal,residencial,despejado,18,bajo,dron
ENV-007219,13.25,2.07,26.0,26.7,16.8,11.66,1,0,4971.82,normal,periferia,despejado,15,bajo,dron
ENV-007220,7.6,1.72,30.9,19.3,20.4,12.17,0,0,1215.96,normal,residencial,lluvia,11,bajo,moto
ENV-007221,5.87,1.75,25.9,23.1,12.7,7.6,0,0,222.75,express,residencial,despejado,14,alto,bicicleta
ENV-007222,14.41,0.21,13.4,10.5,4.7,0.66,0,0,1011.88,normal,residencial,viento_fuerte,21,bajo,moto
ENV-007223,9.26,1.18,21.0,13.6,15.5,4.43,0,0,509.6,normal,residencial,despejado,10,medio,dron
ENV-007224,14.38,3.0,49.6,24.2,18.5,22.21,0,0,1133.36,normal,residencial,viento_fuerte,19,bajo,moto
ENV-007225,5.29,2.09,35.9,23.2,15.9,13.24,0,0,1929.01,express,residencial,despejado,8,alto,bicicleta
ENV-007226,3.73,67.74,112.9,71.9,41.0,332.82,0,0,619.46,normal,residencial,despejado,16,bajo,camioneta
ENV-007227,2.9,0.87,31.3,13.2,14.3,5.91,1,0,1672.06,normal,centro,despejado,22,bajo,moto
ENV-007228,2.47,1.13,15.5,10.8,19.5,3.26,0,0,398.4,normal,centro,despejado,9,medio,bicicleta
ENV-007229,22.18,1.92,26.5,17.3,15.2,6.97,0,0,316.17,express,periferia,despejado,11,medio,moto
ENV-007230,0.62,1.57,39.1,19.4,14.4,10.92,0,0,3531.43,mismo_dia,centro,viento_fuerte,22,bajo,moto
ENV-007231,14.28,2.04,36.4,20.4,12.7,9.43,0,0,1870.4,normal,periferia,despejado,12,medio,dron
ENV-007232,5.53,1.49,34.7,19.0,17.8,11.74,0,0,2692.6,mismo_dia,residencial,viento_fuerte,12,bajo,moto
ENV-007233,7.36,0.7,16.9,12.6,11.1,2.36,0,0,3803.0,express,residencial,despejado,16,medio,camioneta
ENV-007234,7.84,8.99,52.3,40.5,29.7,62.91,0,0,276.76,normal,residencial,despejado,22,bajo,moto
ENV-007235,3.01,0.61,18.0,19.6,13.5,4.76,0,0,1994.99,normal,centro,despejado,15,alto,bicicleta
ENV-007236,6.96,39.81,96.5,52.5,34.9,176.81,1,0,1893.18,express,residencial,despejado,7,alto,camioneta
ENV-007237,7.37,3.62,47.2,28.2,16.5,21.96,0,0,1346.75,express,residencial,viento_fuerte,17,bajo,moto
ENV-007238,8.64,9.61,32.2,25.3,28.0,22.81,0,0,905.97,express,residencial,despejado,10,bajo,moto
ENV-007239,2.93,2.4,23.2,18.0,18.9,7.89,0,0,21093.05,normal,centro,despejado,13,medio,bicicleta
ENV-007240,10.76,1.68,20.8,20.2,15.3,6.43,0,0,14121.8,normal,periferia,despejado,13,alto,dron
ENV-007241,2.42,0.88,22.3,19.1,14.0,5.96,0,0,1916.52,express,centro,lluvia,12,bajo,moto
ENV-007242,51.95,0.49,20.6,10.5,10.5,2.27,1,0,168.86,express,rural,despejado,9,bajo,camioneta
ENV-007243,4.36,0.29,20.9,11.9,8.7,2.16,0,0,4927.9,normal,residencial,despejado,6,medio,bicicleta
ENV-007244,2.43,1.65,28.0,22.4,17.6,11.04,0,0,571.39,mismo_dia,centro,despejado,12,alto,bicicleta
ENV-007245,7.44,2.98,24.9,17.4,29.7,12.87,0,0,506.04,normal,residencial,despejado,16,alto,moto
ENV-007246,2.03,1.86,35.7,23.8,9.5,8.07,0,0,1502.09,express,centro,lluvia,19,alto,moto
ENV-007247,9.34,2.4,26.3,19.5,15.1,7.74,0,0,986.34,express,residencial,despejado,11,bajo,dron
ENV-007248,21.4,0.73,14.7,11.7,8.1,1.39,0,0,1526.77,normal,periferia,despejado,15,alto,moto
ENV-007249,13.78,0.97,27.6,18.6,7.3,3.75,0,0,1455.02,mismo_dia,periferia,lluvia,20,medio,moto
ENV-007250,4.03,1.35,32.5,23.5,12.4,9.47,0,0,716.38,express,residencial,despejado,13,bajo,dron
ENV-007251,3.52,2.53,31.5,23.1,25.9,18.85,0,0,208.8,normal,centro,despejado,9,alto,bicicleta
ENV-007252,11.64,1.72,28.4,13.7,16.4,6.38,0,0,3474.3,mismo_dia,periferia,lluvia,11,bajo,moto
ENV-007253,2.24,1.14,33.5,22.7,9.0,6.84,0,0,1211.63,mismo_dia,centro,despejado,16,bajo,bicicleta
ENV-007254,16.63,2.23,35.2,20.8,14.3,10.47,0,0,97.83,normal,periferia,lluvia,9,alto,moto
ENV-007255,2.82,0.85,27.3,17.3,8.8,4.16,0,0,1171.53,express,centro,despejado,19,medio,bicicleta
ENV-007256,1.81,2.62,40.7,28.0,11.3,12.88,0,0,233.7,normal,centro,despejado,9,alto,bicicleta
ENV-007257,1.22,2.06,42.6,19.3,17.8,14.63,0,0,3701.42,normal,centro,lluvia,19,alto,moto
ENV-007258,9.8,8.31,48.0,28.4,19.7,26.86,0,0,1363.49,normal,periferia,lluvia,12,medio,moto
ENV-007259,9.63,37.27,57.4,52.5,54.0,162.73,0,0,9620.52,normal,periferia,despejado,16,medio,camioneta
ENV-007260,18.25,0.34,18.1,10.0,8.4,1.52,0,0,250.35,normal,periferia,despejado,8,alto,moto
ENV-007261,9.82,2.37,27.3,24.6,13.3,8.93,1,0,145.89,express,residencial,lluvia,10,bajo,moto
ENV-007262,4.62,1.4,33.8,25.3,11.6,9.92,0,0,1503.66,express,centro,lluvia,7,medio,moto
ENV-007263,25.95,0.47,14.8,7.8,8.9,1.03,0,0,4661.04,express,periferia,despejado,15,alto,moto
ENV-007264,5.72,0.97,26.4,12.5,11.1,3.66,0,0,10849.85,normal,residencial,despejado,3,medio,bicicleta
ENV-007265,17.8,1.34,31.2,23.1,12.5,9.01,0,0,1960.77,express,periferia,despejado,13,alto,moto
ENV-007266,9.58,1.39,30.3,20.0,8.9,5.39,0,0,1961.5,normal,residencial,despejado,18,medio,dron
ENV-007267,9.05,56.22,100.3,66.4,55.6,370.29,1,0,3647.5,normal,residencial,despejado,6,alto,camioneta
ENV-007268,20.03,1.74,30.2,23.0,19.9,13.82,0,0,3550.47,express,periferia,despejado,20,alto,moto
ENV-007269,13.27,1.05,25.6,19.2,14.7,7.23,0,0,3694.45,normal,periferia,despejado,9,bajo,dron
ENV-007270,3.38,5.5,40.9,27.9,21.1,24.08,0,0,198.45,express,residencial,despejado,7,medio,bicicleta
ENV-007271,18.21,8.34,53.5,31.7,16.8,28.49,0,0,155.54,normal,periferia,despejado,11,bajo,moto
ENV-007272,3.73,13.52,68.2,43.8,21.5,64.22,0,0,4384.32,express,residencial,despejado,8,bajo,moto
ENV-007273,3.7,2.99,47.7,25.8,16.6,20.43,1,0,924.38,express,centro,viento_fuerte,13,alto,bicicleta
ENV-007274,7.1,4.01,42.9,25.8,25.5,28.22,0,1,349.85,normal,residencial,despejado,13,alto,camioneta
ENV-007275,10.9,1.81,33.9,21.9,14.3,10.62,0,0,208.56,normal,residencial,despejado,17,medio,dron
ENV-007276,30.33,1.19,24.4,15.5,18.3,6.92,0,0,391.67,normal,rural,despejado,15,alto,moto
ENV-007277,22.15,64.76,110.7,70.8,46.2,362.1,0,0,1376.83,normal,periferia,despejado,12,bajo,camioneta
ENV-007278,2.35,2.65,29.4,25.4,18.1,13.52,0,0,969.12,express,centro,despejado,18,medio,bicicleta
ENV-007279,11.63,3.66,42.4,21.9,18.4,17.09,0,0,235.22,normal,periferia,lluvia,19,alto,moto
ENV-007280,10.95,6.18,56.3,30.4,28.6,48.95,0,0,1095.19,normal,residencial,despejado,7,alto,moto
ENV-007281,3.38,6.7,34.7,25.8,11.4,10.21,0,0,340.07,mismo_dia,residencial,despejado,18,medio,bicicleta
ENV-007282,11.54,2.86,27.9,22.2,18.1,11.21,0,1,1350.36,normal,residencial,lluvia,16,bajo,camioneta
ENV-007283,29.39,4.9,44.6,26.9,15.0,18.0,0,0,1445.5,normal,periferia,despejado,14,alto,moto
ENV-007284,12.57,2.26,25.5,18.0,34.1,15.65,0,0,1412.93,normal,residencial,despejado,8,bajo,moto
ENV-007285,3.75,0.64,12.5,10.5,13.4,1.76,0,0,527.45,mismo_dia,centro,despejado,15,medio,bicicleta
ENV-007286,9.31,26.44,42.1,42.9,39.1,70.62,0,0,2981.04,normal,residencial,despejado,7,bajo,camioneta
ENV-007287,10.69,4.72,45.5,30.1,21.1,28.9,0,0,402.53,mismo_dia,residencial,despejado,16,bajo,moto
ENV-007288,3.54,0.76,21.2,11.7,10.3,2.55,0,0,13070.86,mismo_dia,residencial,despejado,0,medio,moto
ENV-007289,2.85,2.16,40.1,17.2,18.7,12.9,1,0,9355.92,express,centro,lluvia,23,bajo,moto
ENV-007290,24.69,2.54,39.5,26.0,18.3,18.79,0,1,3359.37,normal,periferia,despejado,17,bajo,camioneta
ENV-007291,9.46,0.45,15.6,10.0,10.6,1.65,0,0,2265.8,mismo_dia,periferia,lluvia,13,alto,moto
ENV-007292,22.9,15.9,75.1,46.5,32.3,112.8,0,1,2476.44,express,periferia,despejado,19,alto,camioneta
ENV-007293,8.15,2.14,24.9,25.7,22.8,14.59,1,0,378.96,mismo_dia,residencial,despejado,15,medio,moto
ENV-007294,28.61,4.62,33.2,25.7,17.1,14.59,0,0,3345.25,normal,rural,despejado,20,alto,moto
ENV-007295,14.94,3.27,26.9,27.5,24.0,17.75,1,0,107.55,express,periferia,despejado,7,medio,moto
ENV-007296,46.31,1.48,33.6,25.2,12.3,10.41,0,0,2947.68,normal,rural,despejado,15,alto,camioneta
ENV-007297,6.83,2.76,22.2,18.7,18.7,7.76,0,1,1785.87,express,residencial,despejado,17,bajo,camioneta
ENV-007298,8.51,1.01,31.9,17.7,11.3,6.38,0,0,3017.6,normal,residencial,despejado,16,bajo,dron
ENV-007299,1.05,0.86,20.8,10.9,14.0,3.17,0,0,760.13,mismo_dia,centro,despejado,10,alto,bicicleta
ENV-007300,2.42,0.78,20.5,14.3,18.3,5.36,0,0,8616.31,express,centro,despejado,19,medio,bicicleta
ENV-007301,4.83,1.47,25.9,19.9,18.5,9.54,0,0,510.76,normal,residencial,despejado,19,bajo,bicicleta
ENV-007302,24.35,2.25,23.1,21.3,22.1,10.87,0,0,429.27,mismo_dia,periferia,despejado,14,alto,moto
ENV-007303,8.99,30.07,77.7,58.1,38.4,173.35,0,0,875.28,mismo_dia,residencial,despejado,15,bajo,camioneta
ENV-007304,5.09,1.55,23.2,21.0,17.5,8.53,0,0,572.29,mismo_dia,centro,viento_fuerte,17,medio,moto
ENV-007305,2.28,1.46,32.5,21.1,15.8,10.83,0,0,792.71,normal,centro,despejado,13,medio,bicicleta
ENV-007306,19.87,5.76,31.4,22.1,26.8,18.6,0,1,1404.13,mismo_dia,periferia,viento_fuerte,8,medio,camioneta
ENV-007307,2.79,3.59,38.8,30.3,24.2,28.45,0,0,7054.7,normal,centro,despejado,13,alto,bicicleta
ENV-007308,2.47,3.5,26.4,23.6,20.9,13.02,0,0,997.56,mismo_dia,centro,despejado,7,alto,bicicleta
ENV-007309,33.26,6.4,44.5,35.4,29.3,46.16,1,0,138.15,normal,rural,despejado,1,bajo,moto
ENV-007310,1.49,3.95,34.0,22.5,30.1,23.03,0,0,528.75,express,centro,despejado,6,medio,bicicleta
ENV-007311,3.4,1.16,25.7,20.6,11.3,5.98,0,0,287.51,express,centro,despejado,15,alto,bicicleta
ENV-007312,6.34,3.15,40.5,26.8,12.4,13.46,0,0,713.77,normal,residencial,despejado,8,alto,bicicleta
ENV-007313,3.91,2.14,34.5,25.2,15.7,13.65,1,0,410.26,mismo_dia,centro,lluvia,20,alto,moto
ENV-007314,2.02,30.69,91.5,65.3,29.1,173.87,0,0,242.72,normal,centro,viento_fuerte,8,medio,camioneta
ENV-007315,24.17,1.68,39.3,18.1,14.9,10.6,0,0,155.24,express,periferia,lluvia,17,alto,moto
ENV-007316,21.13,4.52,43.5,31.3,21.3,29.0,0,0,458.15,mismo_dia,periferia,despejado,13,bajo,moto
ENV-007317,11.3,0.23,8.1,6.1,8.6,0.42,0,0,1485.29,express,residencial,despejado,11,bajo,dron
ENV-007318,31.28,10.6,52.4,28.8,35.1,52.97,0,0,2526.14,normal,rural,despejado,16,bajo,moto
ENV-007319,45.71,24.87,69.0,34.3,33.0,78.1,0,0,1475.37,normal,rural,despejado,14,medio,camioneta
ENV-007320,58.63,4.66,35.9,29.5,31.7,33.57,0,1,557.73,express,rural,despejado,9,medio,camioneta
ENV-007321,17.73,1.56,15.3,10.6,17.0,2.76,0,0,3090.7,normal,periferia,despejado,6,medio,moto
ENV-007322,21.99,2.96,30.7,20.2,15.2,9.43,1,0,3302.81,normal,periferia,lluvia,13,alto,moto
ENV-007323,3.11,0.67,26.5,16.3,11.9,5.14,0,0,1608.43,normal,centro,lluvia,12,bajo,moto
ENV-007324,6.66,1.62,29.9,19.1,10.7,6.11,0,0,2340.18,normal,residencial,despejado,22,bajo,moto
ENV-007325,2.08,1.93,21.1,18.0,11.6,4.41,0,0,98.9,express,residencial,despejado,6,bajo,bicicleta
ENV-007326,10.41,5.5,42.6,27.3,18.5,21.52,0,0,246.01,express,periferia,lluvia,15,alto,moto
ENV-007327,13.19,5.51,33.5,23.1,37.1,28.71,0,0,367.99,normal,periferia,despejado,15,bajo,moto
ENV-007328,2.26,0.6,18.0,12.5,6.2,1.4,0,0,7553.0,normal,centro,despejado,6,bajo,bicicleta
ENV-007329,11.28,4.04,23.6,20.9,20.3,10.01,0,0,278.02,normal,periferia,despejado,16,bajo,moto
ENV-007330,2.81,1.61,23.3,10.1,10.6,2.49,0,1,33905.84,normal,centro,lluvia,16,medio,camioneta
ENV-007331,2.29,6.09,39.7,26.3,38.5,40.2,0,0,3372.04,mismo_dia,centro,lluvia,20,alto,moto
ENV-007332,3.1,0.5,14.6,10.4,17.3,2.63,0,0,519.09,express,residencial,despejado,23,medio,moto
ENV-007333,20.85,2.9,28.3,24.4,29.5,20.37,0,0,403.81,normal,periferia,lluvia,7,alto,moto
ENV-007334,1.09,0.92,25.5,14.1,9.5,3.42,0,1,235.53,normal,centro,despejado,16,medio,camioneta
ENV-007335,2.59,3.11,35.6,28.9,20.4,20.99,0,0,362.47,normal,centro,despejado,18,alto,bicicleta
ENV-007336,1.89,0.69,13.5,13.1,12.6,2.23,0,0,530.5,normal,centro,lluvia,8,medio,moto
ENV-007337,3.37,3.61,37.7,17.6,22.9,15.19,0,0,914.15,express,residencial,viento_fuerte,20,alto,bicicleta
ENV-007338,1.14,1.25,25.4,14.4,8.6,3.15,0,0,335.87,express,centro,despejado,7,medio,bicicleta
ENV-007339,3.21,8.08,44.1,34.0,27.4,41.08,0,0,1168.92,express,centro,despejado,6,bajo,moto
ENV-007340,14.55,0.62,23.4,17.9,8.4,3.52,0,0,665.7,express,residencial,despejado,16,bajo,dron
ENV-007341,11.79,3.77,35.8,18.8,25.3,17.03,1,0,852.39,normal,residencial,despejado,10,medio,moto
ENV-007342,5.65,1.26,18.9,16.8,17.7,5.62,0,0,218.85,express,residencial,despejado,2,bajo,moto
ENV-007343,3.93,6.37,34.9,26.7,24.5,22.83,0,0,9684.56,express,residencial,despejado,11,alto,bicicleta
ENV-007344,3.34,3.62,35.6,21.6,19.5,14.99,0,0,1574.6,mismo_dia,centro,lluvia,23,bajo,moto
ENV-007345,12.91,3.08,23.6,17.4,21.2,8.71,0,0,478.22,normal,residencial,despejado,9,alto,moto
ENV-007346,57.04,1.93,17.1,18.5,11.6,3.67,1,0,123.52,normal,rural,despejado,11,medio,camioneta
ENV-007347,1.06,0.89,20.7,18.5,11.2,4.29,0,0,1767.81,normal,centro,despejado,16,medio,bicicleta
ENV-007348,4.56,1.92,24.5,23.0,14.2,8.0,1,0,338.03,mismo_dia,residencial,despejado,9,alto,dron
ENV-007349,19.16,0.84,21.5,16.1,13.5,4.67,0,0,1150.4,normal,periferia,despejado,10,bajo,moto
ENV-007350,1.92,1.99,42.3,26.1,13.0,14.35,0,0,665.65,express,centro,lluvia,15,medio,moto
ENV-007351,2.4,0.23,10.5,9.6,9.7,0.98,0,0,61.22,normal,centro,despejado,13,medio,bicicleta
ENV-007352,16.06,1.67,28.6,24.9,13.9,9.9,0,0,959.29,normal,periferia,lluvia,13,alto,moto
ENV-007353,6.33,1.0,19.3,16.9,12.8,4.17,0,0,91.79,normal,periferia,viento_fuerte,14,bajo,bicicleta
ENV-007354,22.39,2.84,41.9,25.4,18.7,19.9,0,0,334.62,normal,periferia,despejado,6,bajo,moto
ENV-007355,6.48,0.17,16.6,10.0,8.2,1.36,0,0,1018.44,express,residencial,despejado,13,bajo,bicicleta
ENV-007356,26.77,35.27,104.6,62.4,34.2,223.22,0,0,1787.67,express,periferia,despejado,16,alto,camioneta
ENV-007357,28.59,9.14,44.4,40.9,36.0,65.37,0,0,1652.6,express,rural,despejado,15,alto,moto
ENV-007358,9.94,0.2,13.4,7.6,10.9,1.11,0,0,2334.54,normal,periferia,viento_fuerte,2,bajo,moto
ENV-007359,2.59,0.76,22.9,17.4,10.5,4.18,0,0,477.21,express,centro,lluvia,13,medio,moto
ENV-007360,1.83,1.2,20.1,17.4,11.6,4.06,0,0,49421.91,normal,centro,despejado,8,medio,moto
ENV-007361,19.7,2.32,33.5,30.4,17.8,18.13,1,0,152.18,normal,periferia,lluvia,10,bajo,moto
ENV-007362,7.74,6.41,37.1,22.4,25.0,20.78,0,0,1319.75,normal,residencial,despejado,13,medio,moto
ENV-007363,12.71,6.09,37.4,26.2,29.5,28.91,0,1,1014.15,normal,periferia,despejado,22,bajo,camioneta
ENV-007364,20.13,2.23,28.3,20.6,24.2,14.11,0,0,1279.39,normal,periferia,lluvia,5,bajo,moto
ENV-007365,29.68,1.17,18.6,11.0,16.2,3.31,0,0,153.81,normal,rural,despejado,10,bajo,camioneta
ENV-007366,4.16,5.97,38.9,20.4,22.9,18.17,0,0,110.34,normal,centro,despejado,7,alto,bicicleta
ENV-007367,3.9,25.93,60.5,38.5,24.5,57.07,0,0,1483.07,normal,centro,despejado,7,alto,camioneta
ENV-007368,9.19,0.44,14.1,10.0,8.8,1.24,0,0,615.42,normal,residencial,viento_fuerte,7,medio,moto
ENV-007369,42.25,3.88,46.8,26.6,15.8,19.67,0,0,713.59,normal,rural,despejado,8,alto,camioneta
ENV-007370,15.76,4.57,44.7,23.3,24.9,25.93,0,0,268.11,normal,periferia,lluvia,13,alto,moto
ENV-007371,3.12,1.07,26.6,12.8,10.1,3.44,0,0,635.18,express,centro,lluvia,21,bajo,moto
ENV-007372,15.91,0.4,16.8,7.6,7.8,1.0,0,0,233.99,normal,periferia,lluvia,8,alto,moto
ENV-007373,7.78,0.46,13.5,14.5,10.6,2.07,0,0,788.84,express,residencial,lluvia,8,alto,moto
ENV-007374,3.66,0.47,20.4,14.3,9.1,2.65,0,0,906.55,express,residencial,despejado,17,bajo,bicicleta
ENV-007375,3.74,0.87,22.4,12.7,12.5,3.56,0,0,349.66,normal,centro,lluvia,18,alto,moto
ENV-007376,6.86,17.82,63.1,62.0,36.1,141.23,0,0,3150.27,express,residencial,despejado,7,alto,camioneta
ENV-007377,8.66,0.38,11.3,8.2,11.7,1.08,0,0,650.33,normal,residencial,despejado,9,alto,dron
ENV-007378,2.91,2.51,41.2,19.9,23.5,19.27,0,0,410.68,normal,centro,lluvia,18,medio,moto
ENV-007379,1.23,35.62,79.3,41.1,58.2,189.69,0,0,631.16,normal,centro,lluvia,16,medio,camioneta
ENV-007380,1.04,0.32,17.8,11.0,5.1,1.0,0,0,192.18,normal,centro,despejado,21,medio,moto
ENV-007381,4.81,44.9,105.1,68.8,29.5,213.31,0,0,896.88,mismo_dia,residencial,despejado,8,medio,camioneta
ENV-007382,1.19,1.17,19.6,15.2,8.6,2.56,1,1,556.52,normal,centro,lluvia,15,alto,camioneta
ENV-007383,2.72,1.39,35.9,16.8,16.0,9.65,0,0,177.04,normal,centro,despejado,21,alto,moto
ENV-007384,18.86,3.79,23.4,24.1,14.6,8.23,0,0,341.91,normal,periferia,despejado,12,bajo,moto
ENV-007385,1.86,10.75,42.7,21.0,22.5,20.18,0,0,3179.25,mismo_dia,residencial,despejado,7,medio,moto
ENV-007386,4.45,4.7,45.5,32.9,19.6,29.34,0,0,3677.98,express,residencial,viento_fuerte,11,bajo,bicicleta
ENV-007387,4.14,0.47,22.0,9.5,9.8,2.05,0,0,50,express,centro,despejado,11,bajo,bicicleta
ENV-007388,11.28,0.96,31.6,14.1,14.5,6.46,0,0,466.86,express,periferia,despejado,15,medio,dron
ENV-007389,31.26,1.49,29.1,17.7,12.3,6.34,1,0,774.99,normal,rural,lluvia,10,alto,moto
ENV-007390,1.17,1.31,14.9,10.6,17.5,2.76,1,0,1624.31,express,centro,despejado,17,bajo,bicicleta
ENV-007391,12.23,32.47,91.1,43.5,33.4,132.36,0,0,688.86,normal,residencial,lluvia,14,medio,camioneta
ENV-007392,3.06,3.32,46.3,26.6,19.2,23.65,0,0,1567.22,normal,centro,lluvia,21,bajo,moto
ENV-007393,1.85,2.14,24.2,17.5,16.4,6.95,0,0,2744.74,normal,centro,despejado,13,bajo,bicicleta
ENV-007394,8.69,8.52,48.8,31.1,18.1,27.47,0,1,963.8,normal,residencial,despejado,10,medio,camioneta
ENV-007395,33.79,4.03,32.2,24.3,23.7,18.54,1,0,444.84,express,rural,lluvia,7,medio,moto
ENV-007396,5.51,1.46,23.5,17.4,15.7,6.42,0,0,971.43,express,residencial,viento_fuerte,16,medio,bicicleta
ENV-007397,31.86,4.11,28.3,29.0,23.7,19.45,0,0,513.5,normal,rural,despejado,9,bajo,moto
ENV-007398,5.78,11.69,65.3,39.3,29.1,74.68,1,0,20642.13,normal,residencial,viento_fuerte,14,alto,moto
ENV-007399,20.27,8.61,52.0,33.9,22.1,38.96,1,0,5915.89,normal,periferia,lluvia,8,medio,moto
ENV-007400,2.22,2.35,19.4,15.8,21.5,6.59,1,1,1337.52,mismo_dia,centro,despejado,13,medio,camioneta
ENV-007401,9.27,2.11,25.7,22.1,17.8,10.11,0,0,4335.88,normal,residencial,despejado,16,bajo,dron
ENV-007402,8.09,75.86,108.3,77.5,47.7,400.36,1,0,1599.0,normal,residencial,despejado,16,bajo,camioneta
ENV-007403,11.6,9.38,49.7,35.5,19.6,34.58,1,0,130.26,express,residencial,despejado,13,alto,moto
ENV-007404,6.09,2.02,41.0,24.5,13.1,13.16,0,1,136.61,normal,residencial,viento_fuerte,12,bajo,camioneta
ENV-007405,7.46,0.77,27.1,18.2,11.1,5.47,0,0,592.11,mismo_dia,residencial,viento_fuerte,17,medio,moto
ENV-007406,25.52,1.97,28.3,19.9,8.7,4.9,0,0,2479.47,express,rural,viento_fuerte,10,bajo,moto
ENV-007407,3.13,2.77,26.8,21.4,13.2,7.57,1,0,635.77,normal,residencial,lluvia,7,alto,bicicleta
ENV-007408,6.15,3.13,28.9,21.4,26.7,16.51,0,0,457.83,normal,residencial,despejado,9,alto,bicicleta
ENV-007409,4.25,5.71,56.6,30.9,19.9,34.8,0,0,496.35,normal,centro,viento_fuerte,12,bajo,bicicleta
ENV-007410,17.01,38.66,75.0,74.7,52.2,292.45,0,0,3222.46,normal,periferia,despejado,14,medio,camioneta
ENV-007411,5.77,0.58,17.6,16.2,8.8,2.51,0,0,420.04,normal,residencial,lluvia,16,medio,moto
ENV-007412,4.77,2.92,41.0,21.3,23.6,20.61,0,0,266.03,normal,centro,lluvia,16,alto,moto
ENV-007413,1.65,8.34,64.4,31.7,24.6,50.22,0,1,197.34,normal,centro,despejado,17,medio,camioneta
ENV-007414,23.16,3.66,54.7,31.2,16.7,28.5,0,0,1250.92,mismo_dia,periferia,despejado,15,bajo,moto
ENV-007415,11.46,1.06,28.0,21.5,13.6,8.19,0,0,2110.19,express,periferia,despejado,19,medio,dron
ENV-007416,31.12,2.83,26.4,19.8,22.8,11.92,1,0,4399.41,normal,rural,despejado,13,alto,moto
ENV-007417,10.1,18.32,66.1,49.6,25.8,84.59,0,0,822.74,express,residencial,despejado,12,bajo,moto
ENV-007418,6.51,2.17,29.1,21.2,19.0,11.72,0,0,609.03,express,residencial,despejado,13,alto,moto
ENV-007419,5.29,1.83,18.0,13.4,18.5,4.46,0,0,493.87,normal,residencial,lluvia,21,medio,moto
ENV-007420,18.84,3.49,31.2,20.5,15.2,9.72,0,0,95.36,express,periferia,lluvia,14,alto,moto
ENV-007421,4.78,1.2,20.1,21.5,17.3,7.48,0,0,70.37,mismo_dia,residencial,viento_fuerte,3,medio,moto
ENV-007422,7.65,1.57,28.0,20.2,8.8,4.98,0,0,1737.47,normal,residencial,lluvia,19,alto,moto
ENV-007423,6.07,14.27,68.6,52.9,31.4,113.95,0,0,1656.72,express,residencial,despejado,13,alto,camioneta
ENV-007424,7.47,11.29,57.8,36.3,21.9,45.95,0,0,1475.59,normal,periferia,despejado,14,alto,moto
ENV-007425,2.1,1.98,33.1,16.7,12.3,6.8,1,0,3966.43,normal,centro,despejado,14,alto,bicicleta
ENV-007426,3.15,0.97,23.9,12.2,10.1,2.94,1,0,2030.76,normal,residencial,despejado,5,alto,moto
ENV-007427,2.92,9.3,46.6,39.8,33.8,62.69,0,0,411.26,mismo_dia,centro,lluvia,15,alto,moto
ENV-007428,7.68,1.27,35.9,20.3,11.3,8.24,0,0,465.75,normal,residencial,lluvia,17,bajo,moto
ENV-007429,1.41,1.98,28.9,16.6,25.5,12.23,0,1,1130.1,normal,centro,lluvia,11,medio,camioneta
ENV-007430,6.98,4.51,44.9,20.2,19.8,17.96,0,0,841.13,normal,residencial,lluvia,9,alto,moto
ENV-007431,4.44,1.49,24.0,21.3,11.3,5.78,0,1,807.2,mismo_dia,centro,despejado,7,alto,camioneta
ENV-007432,17.03,0.22,18.8,10.5,7.4,1.46,1,0,6107.43,normal,rural,lluvia,15,bajo,moto
ENV-007433,9.42,0.66,25.3,13.2,14.6,4.88,0,0,183.34,normal,residencial,despejado,6,bajo,dron
ENV-007434,2.88,6.15,44.6,26.3,14.8,17.36,0,0,3824.67,express,centro,lluvia,7,medio,moto
ENV-007435,4.14,0.84,21.2,14.1,8.6,2.57,0,0,161.52,express,residencial,lluvia,16,bajo,moto
ENV-007436,18.22,8.9,45.2,23.7,27.7,29.67,0,0,50,normal,periferia,despejado,19,alto,moto
ENV-007437,17.72,2.95,25.8,21.0,21.7,11.76,0,0,595.19,mismo_dia,periferia,viento_fuerte,13,alto,moto
ENV-007438,44.87,1.02,20.2,13.3,22.9,6.15,0,0,2063.31,normal,rural,despejado,20,alto,camioneta
ENV-007439,2.43,1.01,13.3,12.4,10.1,1.67,0,1,486.77,express,centro,lluvia,13,medio,camioneta
ENV-007440,13.07,2.26,30.9,19.8,9.4,5.75,0,0,1541.99,mismo_dia,residencial,despejado,18,medio,dron
ENV-007441,1.86,3.09,44.7,23.8,21.5,22.87,0,0,120.61,normal,centro,despejado,18,bajo,bicicleta
ENV-007442,18.5,12.7,59.2,31.0,36.2,66.43,0,0,892.35,normal,periferia,lluvia,8,alto,moto
ENV-007443,2.24,0.59,11.2,12.5,9.7,1.36,0,0,115.96,normal,centro,viento_fuerte,6,bajo,bicicleta
ENV-007444,21.83,7.82,25.3,17.7,31.9,14.29,0,0,614.02,normal,periferia,lluvia,9,alto,moto
ENV-007445,14.55,0.84,14.2,9.8,13.8,1.92,0,0,781.37,mismo_dia,periferia,despejado,18,medio,dron
ENV-007446,3.07,26.38,83.3,65.4,38.4,209.2,0,0,204.99,express,centro,despejado,9,alto,camioneta
ENV-007447,6.08,1.54,30.6,19.4,13.1,7.78,0,0,332.71,normal,residencial,despejado,6,bajo,bicicleta
ENV-007448,3.68,7.15,50.1,34.6,22.9,39.7,0,0,744.69,express,centro,despejado,19,alto,bicicleta
ENV-007449,2.45,1.63,18.0,12.2,17.4,3.82,0,0,301.12,normal,centro,despejado,8,alto,bicicleta
ENV-007450,2.81,0.65,19.1,12.8,18.5,4.52,1,0,595.58,normal,centro,viento_fuerte,12,medio,bicicleta
ENV-007451,38.05,0.86,13.5,14.3,11.8,2.28,0,0,230.93,normal,rural,despejado,14,alto,moto
ENV-007452,53.2,0.98,15.4,10.7,9.3,1.53,0,0,864.02,normal,rural,lluvia,14,medio,camioneta
ENV-007453,1.14,2.9,31.1,19.6,8.6,5.24,0,0,884.54,normal,centro,despejado,15,alto,bicicleta
ENV-007454,4.83,2.5,30.2,20.3,30.3,18.58,1,0,2975.33,mismo_dia,centro,viento_fuerte,11,bajo,bicicleta
ENV-007455,21.08,2.49,25.9,23.2,21.9,13.16,0,0,2978.11,mismo_dia,periferia,despejado,6,alto,moto
ENV-007456,4.82,1.21,19.0,19.6,18.1,6.74,0,0,207.15,normal,centro,despejado,8,alto,bicicleta
ENV-007457,11.11,8.29,58.7,28.7,34.7,58.46,0,0,2573.95,normal,periferia,despejado,16,medio,moto
ENV-007458,5.2,5.83,38.2,32.0,31.6,38.63,1,0,543.24,normal,residencial,despejado,14,alto,bicicleta
ENV-007459,33.08,17.8,73.7,41.4,36.4,111.06,0,0,434.03,express,rural,despejado,8,medio,camioneta
ENV-007460,23.6,0.75,11.7,12.7,8.9,1.32,0,0,101.85,mismo_dia,periferia,despejado,8,medio,moto
ENV-007461,1.0,8.71,36.2,21.4,17.1,13.25,1,0,97.56,express,centro,viento_fuerte,15,medio,moto
ENV-007462,10.72,4.69,43.2,28.9,29.5,36.83,0,0,416.26,mismo_dia,residencial,lluvia,22,alto,moto
ENV-007463,18.06,1.6,32.6,17.5,18.9,10.78,0,0,1360.18,normal,periferia,lluvia,19,medio,moto
ENV-007464,21.19,2.35,29.0,17.0,11.8,5.82,0,0,433.58,normal,periferia,lluvia,19,alto,moto
ENV-007465,4.28,6.54,43.8,27.7,16.7,20.26,1,0,469.03,normal,centro,despejado,9,alto,bicicleta
ENV-007466,3.0,1.27,19.7,11.8,10.2,2.37,0,0,510.07,normal,centro,despejado,18,alto,bicicleta
ENV-007467,1.54,7.05,63.6,29.1,29.0,53.67,0,0,680.25,express,centro,despejado,10,bajo,moto
ENV-007468,24.5,1.11,24.7,19.4,16.4,7.86,0,0,328.94,mismo_dia,periferia,despejado,17,bajo,moto
ENV-007469,6.95,50.71,62.0,56.4,61.4,214.7,0,0,565.49,express,residencial,despejado,10,bajo,camioneta
ENV-007470,5.28,2.77,33.9,22.6,14.4,11.03,0,0,71.51,normal,centro,despejado,16,bajo,bicicleta
ENV-007471,3.74,0.87,15.7,15.9,12.4,3.1,1,0,191.75,express,centro,despejado,13,alto,bicicleta
ENV-007472,57.52,5.16,52.1,25.4,18.3,24.22,0,0,887.36,express,rural,despejado,13,alto,camioneta
ENV-007473,2.08,2.08,34.2,22.1,15.6,11.79,0,0,741.92,normal,centro,despejado,7,medio,bicicleta
ENV-007474,14.63,2.55,41.4,23.4,13.8,13.37,0,0,1209.67,normal,periferia,viento_fuerte,21,bajo,moto
ENV-007475,3.08,4.44,36.4,17.7,19.5,12.56,0,0,3822.79,express,centro,despejado,2,alto,moto
ENV-007476,3.95,34.16,110.5,74.2,31.6,259.09,0,0,1256.49,normal,centro,despejado,8,bajo,camioneta
ENV-007477,16.65,4.07,41.6,37.0,21.1,32.48,0,0,2226.67,normal,periferia,despejado,13,alto,moto
ENV-007478,10.61,0.5,11.6,9.1,13.8,1.46,1,0,867.33,normal,residencial,despejado,8,bajo,dron
ENV-007479,6.89,0.63,19.6,15.8,11.4,3.53,0,0,349.83,express,residencial,despejado,13,bajo,moto
ENV-007480,12.24,58.41,68.4,69.4,46.0,218.36,0,0,5785.49,normal,residencial,despejado,8,alto,camioneta
ENV-007481,4.54,0.27,16.1,13.6,8.1,1.77,0,0,1271.4,mismo_dia,residencial,despejado,15,medio,dron
ENV-007482,4.84,1.32,21.6,21.9,18.0,8.51,0,0,1242.5,express,centro,despejado,10,bajo,bicicleta
ENV-007483,7.11,1.03,19.3,13.6,16.7,4.38,0,0,239.92,mismo_dia,residencial,despejado,11,bajo,dron
ENV-007484,19.54,0.78,18.8,13.7,7.7,1.98,0,0,180.41,mismo_dia,periferia,despejado,17,medio,moto
ENV-007485,50.59,2.07,23.4,13.3,19.5,6.07,0,0,289.14,normal,rural,despejado,15,medio,camioneta
ENV-007486,20.02,0.13,11.1,10.2,7.0,0.79,1,0,368.41,normal,periferia,viento_fuerte,7,alto,moto
ENV-007487,18.83,1.86,22.9,17.6,22.2,8.95,0,0,230.17,normal,rural,despejado,9,alto,moto
ENV-007488,17.93,0.11,8.8,5.0,8.0,0.35,0,0,4926.86,mismo_dia,periferia,despejado,15,alto,moto
ENV-007489,13.73,4.56,38.0,25.9,13.1,12.89,0,0,446.2,express,periferia,despejado,7,bajo,moto
ENV-007490,3.66,28.9,66.1,37.7,40.0,99.68,0,0,1764.43,normal,residencial,despejado,16,bajo,camioneta
ENV-007491,4.08,5.37,46.0,32.7,26.6,40.01,0,0,3437.77,mismo_dia,residencial,despejado,11,alto,moto
ENV-007492,2.68,3.04,38.7,29.0,14.9,16.72,0,0,266.91,express,centro,despejado,20,medio,bicicleta
ENV-007493,26.17,0.63,15.3,13.9,14.5,3.08,0,0,4045.97,mismo_dia,rural,viento_fuerte,14,alto,camioneta
ENV-007494,2.87,9.61,39.2,43.4,29.3,49.85,0,0,60.58,mismo_dia,centro,despejado,16,bajo,moto
ENV-007495,0.97,9.31,46.0,30.8,22.2,31.45,0,0,2173.44,express,centro,despejado,10,bajo,moto
ENV-007496,11.88,1.0,30.2,20.6,11.5,7.15,0,0,1344.48,express,residencial,despejado,21,bajo,moto
ENV-007497,3.8,1.07,21.2,12.9,8.5,2.32,0,0,267.56,normal,centro,lluvia,9,alto,moto
ENV-007498,1.65,1.19,21.3,13.4,13.3,3.8,0,0,2328.31,normal,centro,despejado,15,alto,bicicleta
ENV-007499,2.23,4.04,24.6,23.6,17.7,10.28,0,0,321.2,normal,centro,despejado,14,alto,bicicleta
ENV-007500,8.4,70.3,106.1,52.2,72.2,399.87,0,0,313.98,normal,residencial,viento_fuerte,16,bajo,camioneta
ENV-007501,2.48,0.45,20.6,13.8,8.5,2.42,1,0,2018.34,express,centro,despejado,7,bajo,bicicleta
ENV-007502,1.89,0.38,14.7,12.9,8.7,1.65,0,0,3104.63,express,residencial,despejado,6,medio,bicicleta
ENV-007503,1.96,1.36,28.7,21.1,11.8,7.15,1,0,725.61,normal,centro,despejado,21,bajo,bicicleta
ENV-007504,1.51,1.89,26.8,21.7,12.2,7.1,0,0,8289.09,normal,residencial,lluvia,7,bajo,moto
ENV-007505,10.56,1.41,27.2,25.3,15.8,10.87,1,1,138.95,mismo_dia,periferia,despejado,8,medio,camioneta
ENV-007506,19.95,2.95,25.4,22.5,27.3,15.6,1,0,1068.92,normal,periferia,despejado,9,alto,moto
ENV-007507,13.75,0.7,28.5,12.2,13.7,4.76,0,0,2289.95,express,periferia,viento_fuerte,17,alto,moto
ENV-007508,19.15,1.85,30.9,25.5,13.9,10.95,0,0,334.8,express,periferia,despejado,14,alto,moto
ENV-007509,15.49,0.51,17.1,13.1,17.5,3.92,1,0,384.77,express,periferia,despejado,13,medio,moto
ENV-007510,5.47,2.59,27.6,19.2,12.0,6.36,0,0,802.98,normal,residencial,lluvia,7,alto,moto
ENV-007511,5.42,1.21,34.0,24.4,10.7,8.88,0,0,766.63,normal,residencial,despejado,20,medio,bicicleta
ENV-007512,12.4,35.44,98.5,70.5,38.7,268.74,0,0,355.64,normal,residencial,lluvia,3,bajo,camioneta
ENV-007513,3.38,4.39,43.7,25.6,13.6,15.21,0,1,332.88,express,centro,viento_fuerte,7,alto,camioneta
ENV-007514,6.89,23.47,61.4,49.7,58.1,177.3,0,0,1127.84,normal,residencial,viento_fuerte,23,alto,camioneta
ENV-007515,19.41,4.62,33.6,32.0,20.1,21.61,1,0,312.58,normal,periferia,lluvia,8,medio,moto
ENV-007516,4.23,2.04,29.8,24.9,16.1,11.95,1,0,1985.88,express,residencial,despejado,16,bajo,dron
ENV-007517,7.19,0.71,18.7,13.6,10.4,2.64,0,0,6350.52,mismo_dia,residencial,lluvia,15,alto,moto
ENV-007518,13.95,0.28,15.2,7.8,7.9,0.94,0,0,1298.07,normal,periferia,despejado,19,alto,dron
ENV-007519,2.86,0.37,13.7,6.7,8.6,0.79,1,0,2982.9,normal,centro,despejado,10,bajo,bicicleta
ENV-007520,5.64,2.11,20.2,21.0,18.5,7.85,0,0,5142.63,normal,residencial,despejado,5,medio,moto
ENV-007521,4.74,3.74,21.7,21.9,19.2,9.12,0,0,120.24,normal,centro,despejado,7,bajo,bicicleta
ENV-007522,8.09,0.88,15.0,10.1,15.2,2.3,1,0,255.82,normal,residencial,despejado,20,medio,moto
ENV-007523,1.74,4.27,43.1,18.8,17.9,14.5,0,0,1066.25,normal,centro,despejado,10,bajo,bicicleta
ENV-007524,6.5,0.42,11.4,8.6,8.3,0.81,1,0,309.86,express,residencial,lluvia,17,alto,moto
ENV-007525,3.01,2.13,24.0,14.9,12.6,4.51,1,0,6755.24,express,centro,despejado,19,alto,bicicleta
ENV-007526,25.11,2.83,29.9,16.3,12.7,6.19,0,0,305.91,normal,periferia,despejado,6,medio,moto
ENV-007527,9.82,0.84,16.8,12.7,10.3,2.2,0,0,590.89,mismo_dia,residencial,despejado,10,medio,dron
ENV-007528,15.58,0.87,26.5,15.2,12.8,5.16,0,0,436.35,normal,periferia,despejado,18,medio,moto
ENV-007529,13.96,3.83,37.6,25.7,12.3,11.89,0,0,205.02,express,periferia,despejado,21,medio,moto
ENV-007530,3.05,2.49,24.4,16.2,13.9,5.49,0,0,439.78,normal,centro,despejado,11,bajo,bicicleta
ENV-007531,22.08,1.75,25.1,22.6,12.5,7.09,1,0,1962.65,express,periferia,despejado,5,bajo,moto
ENV-007532,2.77,1.41,26.5,14.4,15.6,5.95,0,0,1036.18,normal,centro,viento_fuerte,10,bajo,bicicleta
ENV-007533,41.27,1.14,20.3,15.2,16.4,5.06,0,0,656.47,normal,rural,despejado,15,bajo,camioneta
ENV-007534,9.24,1.13,17.1,14.4,10.9,2.68,0,0,1219.78,normal,residencial,despejado,7,alto,dron
ENV-007535,3.2,1.31,22.7,16.3,10.7,3.96,1,0,119.18,normal,centro,despejado,11,medio,bicicleta
ENV-007536,5.62,8.49,55.8,33.3,21.5,39.95,0,0,461.34,express,residencial,lluvia,18,alto,moto
ENV-007537,2.73,3.69,27.7,31.7,23.3,20.46,0,0,240.87,normal,centro,despejado,15,alto,bicicleta
ENV-007538,7.89,5.89,43.4,22.7,21.2,20.89,1,0,980.36,normal,periferia,despejado,17,alto,moto
ENV-007539,17.41,1.67,36.0,18.8,14.6,9.88,1,0,53.38,normal,periferia,despejado,19,alto,camioneta
ENV-007540,1.84,1.22,28.6,18.6,14.0,7.45,1,0,548.7,normal,centro,despejado,7,alto,bicicleta
ENV-007541,3.44,1.58,21.8,11.2,16.1,3.93,1,0,950.99,normal,centro,despejado,12,alto,bicicleta
ENV-007542,21.75,6.69,35.2,32.1,29.0,32.77,0,0,1992.38,express,periferia,despejado,20,alto,moto
ENV-007543,6.36,2.81,27.6,19.5,25.6,13.78,0,0,3027.76,express,periferia,despejado,17,medio,bicicleta
ENV-007544,13.24,14.77,82.3,45.2,30.1,111.97,1,1,171.1,normal,residencial,despejado,10,bajo,camioneta
ENV-007545,4.11,1.62,21.0,17.6,9.0,3.33,0,0,294.08,express,centro,lluvia,8,alto,moto
ENV-007546,11.24,1.66,27.8,25.6,18.7,13.31,0,0,830.01,express,periferia,despejado,18,alto,moto
ENV-007547,3.22,3.46,36.8,21.2,22.8,17.79,1,0,2791.4,normal,centro,despejado,21,medio,bicicleta
ENV-007548,8.72,6.42,35.6,24.8,38.3,33.81,0,0,772.5,express,residencial,despejado,9,alto,moto
ENV-007549,12.5,0.99,27.2,17.2,16.1,7.53,1,0,1074.17,mismo_dia,periferia,despejado,21,bajo,moto
ENV-007550,2.93,1.64,20.7,18.4,17.1,6.51,0,0,463.75,normal,centro,despejado,13,alto,bicicleta
ENV-007551,22.74,9.62,49.6,23.9,24.7,29.28,0,0,5891.64,express,periferia,viento_fuerte,12,bajo,moto
ENV-007552,1.7,5.55,26.7,23.0,20.4,12.53,0,0,628.65,express,centro,viento_fuerte,6,bajo,bicicleta
ENV-007553,2.12,0.44,12.5,7.0,8.6,0.75,0,0,637.77,express,centro,despejado,13,alto,bicicleta
ENV-007554,0.59,1.92,17.4,15.0,17.4,4.54,0,0,1209.62,express,centro,despejado,6,bajo,bicicleta
ENV-007555,7.39,0.35,22.3,12.0,8.0,2.14,1,0,4567.29,normal,residencial,lluvia,14,alto,moto
ENV-007556,10.47,0.58,15.6,8.3,10.0,1.29,0,0,348.04,normal,residencial,viento_fuerte,13,alto,moto
ENV-007557,25.42,1.87,42.3,23.6,14.9,14.87,0,0,1094.64,normal,rural,despejado,10,medio,moto
ENV-007558,2.87,0.31,15.1,13.9,8.7,1.83,0,0,1266.83,normal,centro,despejado,13,alto,bicicleta
ENV-007559,2.99,4.83,32.6,23.6,42.7,32.85,0,0,550.18,express,centro,despejado,11,alto,bicicleta
ENV-007560,4.78,5.22,42.3,30.4,27.6,35.49,1,0,291.41,normal,residencial,lluvia,10,bajo,bicicleta
ENV-007561,2.15,3.09,40.0,29.5,19.7,23.25,1,0,3378.56,express,centro,despejado,7,alto,bicicleta
ENV-007562,38.29,1.39,14.0,14.9,12.4,2.59,1,0,265.86,normal,rural,despejado,13,alto,moto
ENV-007563,11.73,1.85,20.7,20.4,18.6,7.85,0,0,1984.15,express,residencial,lluvia,19,alto,moto
ENV-007564,8.86,5.26,24.5,25.5,16.9,10.56,1,0,1091.19,mismo_dia,residencial,lluvia,11,bajo,moto
ENV-007565,4.76,14.68,58.5,28.7,25.1,42.14,0,0,232.54,normal,residencial,despejado,1,medio,moto
ENV-007566,3.94,1.24,29.5,18.4,18.0,9.77,1,0,705.31,express,centro,despejado,16,bajo,bicicleta
ENV-007567,10.24,3.33,39.0,18.2,17.5,12.42,0,0,3664.22,mismo_dia,residencial,lluvia,17,bajo,moto
ENV-007568,7.8,1.0,34.0,21.3,9.4,6.81,1,1,3559.19,express,residencial,viento_fuerte,11,medio,camioneta
ENV-007569,2.65,2.34,30.1,19.6,13.9,8.2,0,0,310.88,normal,centro,despejado,20,medio,bicicleta
ENV-007570,2.08,0.49,18.9,13.6,14.9,3.83,1,0,348.49,normal,centro,lluvia,8,medio,bicicleta
ENV-007571,7.04,0.91,22.8,17.5,16.3,6.5,0,0,93.36,express,residencial,despejado,22,medio,camioneta
ENV-007572,2.17,7.07,44.5,23.6,25.9,27.2,0,0,799.79,normal,centro,viento_fuerte,10,medio,bicicleta
ENV-007573,16.01,2.51,22.5,16.3,12.2,4.47,0,0,4043.49,express,periferia,lluvia,12,bajo,moto
ENV-007574,4.9,0.34,23.0,11.4,10.1,2.65,0,0,925.66,normal,residencial,despejado,19,alto,bicicleta
ENV-007575,2.71,1.12,15.5,8.9,12.1,1.67,0,0,815.52,normal,centro,lluvia,18,alto,moto
ENV-007576,10.36,34.81,55.0,58.1,36.5,116.64,0,0,50,mismo_dia,residencial,despejado,8,medio,camioneta
ENV-007577,19.57,6.69,37.2,23.9,36.1,32.1,1,0,959.12,normal,periferia,lluvia,22,medio,moto
ENV-007578,15.06,2.05,32.1,15.3,18.9,9.28,0,0,1744.66,express,periferia,despejado,20,alto,moto
ENV-007579,36.4,2.62,31.8,27.1,15.3,13.19,1,0,1218.73,normal,rural,lluvia,15,alto,moto
ENV-007580,14.98,0.64,17.7,14.8,8.8,2.31,0,0,1059.21,express,periferia,lluvia,10,bajo,moto
ENV-007581,1.96,4.31,42.9,28.3,22.5,27.32,0,1,180.34,express,centro,viento_fuerte,11,bajo,camioneta
ENV-007582,1.73,2.22,34.4,18.3,12.7,7.99,0,0,767.87,normal,centro,despejado,22,bajo,moto
ENV-007583,9.05,2.34,33.8,22.7,13.1,10.05,0,0,2075.9,normal,residencial,despejado,9,alto,dron
ENV-007584,21.4,1.51,21.7,10.8,11.9,2.79,0,0,113.29,normal,rural,viento_fuerte,18,alto,moto
ENV-007585,15.66,1.52,20.8,14.7,20.9,6.39,0,0,7005.11,normal,periferia,lluvia,16,medio,moto
ENV-007586,15.3,11.37,46.3,22.3,20.4,21.06,1,0,184.12,mismo_dia,periferia,despejado,20,bajo,camioneta
ENV-007587,28.72,0.84,25.5,16.8,10.5,4.5,0,0,6641.32,normal,rural,despejado,14,alto,moto
ENV-007588,7.65,9.02,40.2,20.9,30.0,25.21,0,0,26836.67,mismo_dia,residencial,despejado,10,bajo,moto
ENV-007589,7.59,2.91,47.8,30.4,13.3,19.33,0,0,261.21,express,residencial,despejado,14,medio,moto
ENV-007590,23.25,77.25,88.6,63.4,71.1,399.39,0,0,3821.12,express,periferia,despejado,15,alto,camioneta
ENV-007591,40.64,0.75,27.5,15.1,11.5,4.78,0,0,140.3,normal,rural,despejado,19,alto,camioneta
ENV-007592,22.05,2.74,29.6,19.4,20.2,11.6,0,0,93.72,normal,periferia,despejado,11,bajo,moto
ENV-007593,32.1,1.29,26.0,16.9,18.9,8.3,0,0,1831.31,mismo_dia,rural,lluvia,9,bajo,moto
ENV-007594,12.15,3.16,35.5,24.0,13.9,11.84,1,0,3529.66,express,residencial,despejado,16,medio,moto
ENV-007595,2.48,2.94,24.8,15.2,26.3,9.91,1,0,328.18,normal,centro,lluvia,10,bajo,bicicleta
ENV-007596,3.17,3.47,36.2,22.6,26.1,21.35,0,0,339.84,normal,residencial,lluvia,11,medio,moto
ENV-007597,45.08,0.73,23.8,12.9,8.4,2.58,1,0,174.48,normal,rural,despejado,7,medio,camioneta
ENV-007598,2.89,4.7,37.0,29.5,22.3,24.34,0,0,187.92,express,residencial,viento_fuerte,16,medio,bicicleta
ENV-007599,7.19,0.99,21.0,14.7,20.4,6.3,0,0,204.75,normal,residencial,despejado,23,bajo,moto
ENV-007600,2.43,0.84,18.4,14.0,6.2,1.6,0,0,256.27,normal,centro,despejado,8,medio,bicicleta
ENV-007601,4.69,1.58,16.0,15.5,11.7,2.9,0,0,479.79,express,residencial,despejado,8,alto,bicicleta
ENV-007602,2.01,0.77,24.7,14.0,8.8,3.04,1,0,192.25,express,centro,lluvia,13,medio,moto
ENV-007603,3.74,0.76,24.6,10.9,12.1,3.24,1,0,143.27,normal,centro,lluvia,7,alto,bicicleta
ENV-007604,8.39,1.2,23.6,22.0,17.3,8.98,1,0,550.85,mismo_dia,residencial,despejado,13,alto,dron
ENV-007605,3.69,5.17,31.0,31.6,22.9,22.43,0,0,178.94,normal,centro,lluvia,16,bajo,moto
ENV-007606,19.17,16.67,49.8,52.0,39.0,100.99,0,0,3196.49,normal,periferia,lluvia,13,alto,camioneta
ENV-007607,12.92,0.98,12.9,10.1,15.6,2.03,1,0,3560.83,normal,residencial,despejado,11,bajo,dron
ENV-007608,11.51,6.04,42.3,32.5,30.7,42.2,0,0,1336.18,express,residencial,despejado,13,alto,moto
ENV-007609,19.61,1.13,20.7,17.0,14.2,5.0,0,0,216.75,normal,periferia,despejado,19,medio,moto
ENV-007610,5.02,1.98,22.4,12.9,12.4,3.58,0,0,272.49,normal,centro,despejado,15,medio,bicicleta
ENV-007611,1.43,0.86,28.5,14.2,16.2,6.56,0,0,1955.17,normal,residencial,despejado,10,medio,bicicleta
ENV-007612,3.48,0.86,31.5,16.1,10.7,5.43,0,0,1400.85,mismo_dia,residencial,despejado,15,alto,dron
ENV-007613,43.97,1.16,32.5,18.1,10.0,5.88,0,0,294.3,express,rural,despejado,21,alto,camioneta
ENV-007614,29.82,6.62,22.8,25.7,17.1,10.02,0,0,117.86,normal,rural,despejado,5,alto,moto
ENV-007615,20.15,2.1,23.6,14.1,16.3,5.42,0,0,257.07,normal,periferia,lluvia,17,alto,moto
ENV-007616,10.43,18.13,52.1,32.1,18.5,30.94,0,0,5166.07,normal,periferia,despejado,15,medio,moto
ENV-007617,6.36,0.72,23.8,14.5,8.0,2.76,0,0,290.6,express,residencial,viento_fuerte,18,medio,bicicleta
ENV-007618,2.53,3.56,42.1,24.6,19.5,20.2,1,0,10173.22,express,centro,despejado,14,alto,bicicleta
ENV-007619,13.32,62.77,56.0,41.7,54.6,127.5,0,0,2595.84,normal,residencial,lluvia,7,medio,camioneta
ENV-007620,2.0,26.66,58.4,44.6,70.9,184.67,0,0,294.26,express,centro,despejado,13,alto,camioneta
ENV-007621,4.4,3.59,37.6,21.8,17.0,13.93,0,0,106.61,mismo_dia,residencial,despejado,5,bajo,moto
ENV-007622,2.19,1.54,21.0,15.3,22.4,7.2,0,0,1320.69,normal,centro,despejado,21,medio,moto
ENV-007623,9.3,1.42,24.8,12.4,9.2,2.83,0,0,1767.7,mismo_dia,residencial,despejado,12,bajo,dron
ENV-007624,7.51,2.23,38.0,15.3,16.4,9.53,0,0,2067.8,normal,residencial,despejado,9,alto,dron
ENV-007625,5.16,0.21,14.3,9.3,10.2,1.36,1,0,61.09,mismo_dia,residencial,despejado,11,bajo,dron
ENV-007626,7.44,1.24,23.1,15.2,11.7,4.11,0,0,488.44,mismo_dia,residencial,despejado,13,alto,dron
ENV-007627,3.88,1.32,30.4,14.8,21.0,9.45,0,0,312.87,mismo_dia,residencial,despejado,14,bajo,bicicleta
ENV-007628,24.16,0.96,22.5,10.9,8.8,2.16,0,0,1238.64,normal,periferia,despejado,15,medio,moto
ENV-007629,9.52,1.69,26.7,19.0,11.2,5.68,0,1,1060.55,normal,periferia,despejado,12,bajo,camioneta
ENV-007630,3.91,1.04,18.9,16.3,8.8,2.71,0,0,1608.82,normal,centro,lluvia,12,bajo,bicicleta
ENV-007631,4.34,0.64,25.9,16.7,7.2,3.11,0,0,1521.22,normal,residencial,despejado,9,alto,bicicleta
ENV-007632,10.74,2.46,31.6,12.7,14.8,5.94,0,0,958.05,normal,periferia,despejado,6,bajo,dron
ENV-007633,4.38,0.64,25.2,11.4,12.7,3.65,0,0,709.23,express,centro,despejado,23,bajo,moto
ENV-007634,13.75,2.15,27.1,20.1,9.3,5.07,1,0,940.97,normal,periferia,despejado,13,alto,dron
ENV-007635,3.25,0.38,13.8,15.1,9.8,2.04,0,0,713.28,normal,residencial,despejado,18,alto,bicicleta
ENV-007636,1.74,1.42,15.8,15.5,15.4,3.77,0,0,510.34,express,centro,despejado,14,medio,bicicleta
ENV-007637,29.22,1.51,27.5,14.8,10.3,4.19,0,0,2176.25,express,rural,despejado,9,medio,moto
ENV-007638,23.24,1.61,24.0,13.2,16.0,5.07,1,0,246.38,express,periferia,despejado,8,alto,moto
ENV-007639,6.76,1.83,25.3,27.0,21.4,14.62,0,0,3139.69,express,residencial,lluvia,16,bajo,bicicleta
ENV-007640,13.34,1.06,23.9,15.7,14.6,5.48,1,1,678.7,express,residencial,viento_fuerte,15,medio,camioneta
ENV-007641,3.41,4.86,25.7,20.8,22.2,11.87,0,0,151.28,normal,centro,despejado,20,medio,bicicleta
ENV-007642,0.94,0.78,22.6,10.8,9.5,2.32,0,0,321.17,mismo_dia,centro,lluvia,11,medio,moto
ENV-007643,2.69,13.27,64.6,32.3,36.4,75.95,0,0,1220.14,express,centro,despejado,15,alto,moto
ENV-007644,7.28,1.4,30.0,24.7,15.1,11.19,0,0,396.62,normal,residencial,despejado,14,medio,dron
ENV-007645,1.41,2.53,34.8,21.5,13.1,9.8,0,0,4563.09,normal,centro,despejado,10,medio,bicicleta
ENV-007646,17.56,0.75,20.8,14.8,6.7,2.06,1,0,1051.72,normal,periferia,despejado,17,medio,moto
ENV-007647,4.66,0.51,23.5,13.4,12.8,4.03,0,0,392.14,normal,residencial,despejado,19,medio,bicicleta
ENV-007648,8.86,0.58,25.6,16.1,8.5,3.5,0,0,1283.64,express,periferia,lluvia,13,alto,moto
ENV-007649,26.46,1.06,15.7,10.3,19.1,3.09,0,0,50,mismo_dia,periferia,despejado,13,alto,moto
ENV-007650,10.82,0.31,12.3,9.2,15.6,1.77,0,0,161.96,express,residencial,despejado,7,alto,dron
ENV-007651,8.9,4.79,49.4,30.7,22.5,34.12,0,0,50,normal,residencial,despejado,12,medio,moto
ENV-007652,16.45,1.07,28.9,15.0,17.7,7.67,1,0,390.84,normal,periferia,despejado,7,alto,moto
ENV-007653,1.99,3.37,24.3,18.4,13.6,6.08,0,0,537.17,normal,centro,despejado,9,medio,bicicleta
ENV-007654,1.11,4.13,41.5,21.0,16.4,14.29,0,0,3666.26,express,centro,despejado,7,medio,bicicleta
ENV-007655,7.97,0.54,13.2,8.6,7.7,0.87,1,0,2201.66,express,periferia,lluvia,12,alto,camioneta
ENV-007656,8.42,51.18,70.8,49.1,63.5,220.74,0,0,576.18,normal,periferia,despejado,12,bajo,camioneta
ENV-007657,1.67,1.75,39.5,19.7,13.6,10.58,0,0,4365.81,normal,centro,despejado,13,alto,bicicleta
ENV-007658,3.45,0.96,18.2,10.6,12.9,2.49,0,0,454.4,normal,residencial,despejado,9,alto,bicicleta
ENV-007659,2.22,4.17,31.1,29.1,17.5,15.84,0,0,4270.36,mismo_dia,centro,despejado,10,alto,bicicleta
ENV-007660,6.69,1.5,28.4,20.5,13.6,7.92,0,0,397.23,mismo_dia,residencial,despejado,11,bajo,dron
ENV-007661,2.35,0.82,25.9,15.9,13.6,5.6,1,0,1271.62,express,centro,lluvia,15,alto,bicicleta
ENV-007662,5.18,1.22,27.8,17.9,13.4,6.67,0,0,401.85,normal,residencial,despejado,7,alto,bicicleta
ENV-007663,6.51,0.5,11.2,8.2,8.6,0.79,0,0,718.18,express,residencial,despejado,14,alto,bicicleta
ENV-007664,8.41,1.7,33.8,18.2,17.7,10.89,0,0,615.46,normal,residencial,viento_fuerte,11,bajo,moto
ENV-007665,4.01,0.29,13.1,8.9,6.2,0.72,1,0,271.68,express,centro,despejado,18,alto,bicicleta
ENV-007666,37.55,6.9,56.8,33.2,17.7,33.38,0,0,1814.42,express,rural,despejado,11,bajo,moto
ENV-007667,44.66,2.31,22.7,20.5,14.2,6.61,0,0,543.12,express,rural,lluvia,2,bajo,camioneta
ENV-007668,5.9,2.91,20.6,16.5,15.7,5.34,0,0,220.61,express,residencial,despejado,9,medio,bicicleta
ENV-007669,5.63,1.6,28.2,13.9,11.6,4.55,0,0,2226.43,express,residencial,despejado,16,bajo,bicicleta
ENV-007670,2.62,12.7,67.7,46.1,18.8,58.67,0,1,6981.35,normal,centro,lluvia,15,alto,camioneta
ENV-007671,1.35,1.17,36.5,22.4,10.9,8.91,0,0,349.04,express,centro,despejado,16,bajo,bicicleta
ENV-007672,14.51,0.38,21.0,10.8,8.3,1.88,0,1,852.54,express,periferia,despejado,17,bajo,camioneta
ENV-007673,8.1,2.46,18.2,15.0,21.7,5.92,0,0,1212.74,mismo_dia,periferia,despejado,8,alto,dron
ENV-007674,5.47,3.18,21.4,21.3,20.2,9.21,0,0,317.57,normal,residencial,lluvia,9,alto,bicicleta
ENV-007675,10.31,1.04,19.2,17.5,17.9,6.01,0,0,890.22,normal,residencial,despejado,12,bajo,dron
ENV-007676,1.99,2.76,37.4,22.4,16.2,13.57,0,0,906.26,normal,centro,despejado,9,alto,bicicleta
ENV-007677,8.54,4.52,41.3,31.7,21.8,28.54,1,0,219.74,express,residencial,despejado,11,alto,moto
ENV-007678,6.04,21.25,46.3,42.4,49.5,97.17,0,0,1461.86,normal,residencial,lluvia,9,alto,camioneta
ENV-007679,4.8,20.38,63.9,35.1,32.0,71.77,0,0,1981.43,express,residencial,despejado,13,alto,camioneta
ENV-007680,23.58,0.52,21.7,13.6,6.0,1.77,0,0,6622.94,express,periferia,despejado,10,bajo,moto
ENV-007681,4.07,4.77,45.3,30.3,16.8,23.06,0,0,139.1,express,centro,despejado,8,medio,bicicleta
ENV-007682,4.56,13.09,52.6,41.3,37.4,81.25,0,0,290.94,normal,residencial,despejado,10,medio,moto
ENV-007683,2.31,1.27,30.2,19.4,9.4,5.51,0,0,1228.73,mismo_dia,centro,lluvia,11,medio,moto
ENV-007684,8.15,6.08,53.2,32.9,23.4,40.96,0,0,1408.95,normal,residencial,despejado,22,bajo,moto
ENV-007685,39.93,3.32,22.6,17.4,16.8,6.61,0,0,474.59,normal,rural,viento_fuerte,19,alto,camioneta
ENV-007686,0.99,23.76,57.2,46.9,27.5,73.77,0,0,5955.42,mismo_dia,centro,despejado,12,bajo,moto
ENV-007687,4.26,2.71,22.6,18.4,11.8,4.91,0,0,1191.71,normal,centro,despejado,21,bajo,moto
ENV-007688,5.94,1.2,31.6,20.9,12.6,8.32,1,0,2304.44,mismo_dia,residencial,despejado,19,alto,dron
ENV-007689,2.81,3.88,35.7,17.7,17.5,11.06,0,0,3306.41,express,centro,despejado,17,alto,bicicleta
ENV-007690,39.11,1.64,29.5,21.1,11.0,6.85,0,0,853.99,express,rural,viento_fuerte,7,alto,moto
ENV-007691,6.78,3.68,40.6,29.2,18.3,21.7,0,0,1152.96,normal,residencial,lluvia,15,medio,moto
ENV-007692,5.91,0.74,22.1,16.6,8.4,3.08,0,0,227.06,normal,residencial,despejado,12,medio,bicicleta
ENV-007693,13.17,1.51,35.0,24.2,11.4,9.66,1,0,386.92,normal,residencial,viento_fuerte,9,alto,moto
ENV-007694,25.29,46.68,90.6,71.5,44.8,290.21,0,1,11261.98,express,rural,despejado,7,alto,camioneta
ENV-007695,5.84,0.27,20.0,13.1,8.0,2.1,0,0,1076.88,normal,residencial,despejado,23,bajo,moto
ENV-007696,1.03,0.34,16.5,9.9,14.4,2.35,1,0,1471.79,normal,centro,despejado,10,bajo,bicicleta
ENV-007697,30.77,4.35,33.1,23.2,10.6,8.14,0,0,38354.08,normal,rural,viento_fuerte,1,bajo,moto
ENV-007698,3.6,0.71,19.3,11.6,17.9,4.01,0,0,935.96,mismo_dia,residencial,despejado,13,alto,dron
ENV-007699,4.03,2.91,40.1,26.2,15.5,16.28,0,0,62.83,express,centro,viento_fuerte,10,alto,bicicleta
ENV-007700,4.47,0.27,17.8,10.6,6.0,1.13,0,0,907.68,express,centro,lluvia,14,alto,moto
ENV-007701,3.45,0.52,22.0,11.3,13.0,3.23,0,0,401.93,normal,centro,viento_fuerte,14,medio,bicicleta
ENV-007702,13.7,2.53,28.0,24.6,27.8,19.15,0,1,242.61,normal,residencial,lluvia,10,bajo,camioneta
ENV-007703,4.44,0.22,13.7,13.2,9.6,1.74,0,1,1108.55,normal,centro,despejado,2,bajo,camioneta
ENV-007704,22.36,10.75,43.1,47.4,36.8,75.18,0,0,1004.21,express,periferia,viento_fuerte,9,bajo,moto
ENV-007705,1.8,5.01,30.2,28.0,25.7,21.73,0,0,558.86,normal,centro,despejado,10,bajo,bicicleta
ENV-007706,5.23,3.33,32.5,17.0,10.8,5.97,0,0,920.06,normal,periferia,despejado,22,medio,moto
ENV-007707,21.38,4.47,23.2,23.7,16.5,9.07,0,0,301.92,normal,periferia,despejado,8,alto,moto
ENV-007708,9.89,5.18,36.2,39.3,26.9,38.27,0,0,485.93,express,residencial,despejado,10,bajo,moto
ENV-007709,4.43,2.52,29.9,15.3,16.7,7.64,0,0,239.38,express,centro,despejado,14,alto,bicicleta
ENV-007710,4.09,4.54,56.0,23.7,23.5,31.19,1,0,237.63,normal,residencial,despejado,8,alto,bicicleta
ENV-007711,11.53,0.41,23.2,14.3,8.1,2.69,0,0,1843.02,normal,periferia,despejado,11,bajo,dron
ENV-007712,7.01,1.13,20.6,19.8,14.4,5.87,0,0,2231.02,normal,residencial,despejado,0,medio,moto
ENV-007713,2.83,2.53,29.0,15.2,10.7,4.72,0,0,514.19,normal,centro,lluvia,7,alto,moto
ENV-007714,3.94,2.99,32.6,28.0,14.9,13.6,0,0,1004.82,mismo_dia,centro,despejado,13,bajo,bicicleta
ENV-007715,6.64,0.94,26.1,14.1,15.6,5.74,1,0,3333.08,normal,residencial,despejado,11,bajo,bicicleta
ENV-007716,2.93,10.77,42.1,24.2,22.4,22.82,1,0,196.24,normal,centro,despejado,13,alto,moto
ENV-007717,5.85,0.4,17.6,12.1,12.9,2.75,0,0,407.12,express,residencial,lluvia,10,bajo,moto
ENV-007718,1.3,48.52,60.2,55.1,34.3,113.77,0,0,722.15,express,centro,despejado,21,medio,camioneta
ENV-007719,2.92,10.87,47.0,41.9,44.1,86.85,1,0,1210.7,express,centro,despejado,15,alto,moto
ENV-007720,2.46,1.53,32.7,22.3,10.7,7.8,1,0,2442.37,express,centro,lluvia,11,medio,moto
ENV-007721,8.12,5.51,33.8,28.6,20.8,20.11,0,0,50,express,residencial,lluvia,13,alto,camioneta
ENV-007722,40.47,1.32,36.8,20.2,14.2,10.56,0,0,236.37,normal,rural,despejado,11,alto,camioneta
ENV-007723,2.6,0.36,20.2,11.1,10.7,2.4,0,0,240.51,mismo_dia,centro,despejado,17,bajo,bicicleta
ENV-007724,2.79,1.69,28.0,16.6,26.8,12.46,1,0,84.58,normal,centro,lluvia,12,bajo,bicicleta
ENV-007725,13.69,1.11,18.0,11.2,12.4,2.5,1,0,954.82,express,periferia,despejado,7,medio,dron
ENV-007726,43.55,2.58,20.1,19.0,17.8,6.8,0,0,530.09,mismo_dia,rural,despejado,14,alto,camioneta
ENV-007727,7.85,2.12,18.1,18.2,11.3,3.72,0,0,2055.14,express,residencial,despejado,10,bajo,dron
ENV-007728,10.44,1.24,31.5,18.6,11.2,6.56,0,0,2833.11,normal,periferia,viento_fuerte,14,alto,moto
ENV-007729,5.47,6.29,31.3,20.2,31.8,20.11,0,0,1609.47,normal,residencial,despejado,18,medio,bicicleta
ENV-007730,7.86,0.67,15.9,14.8,12.1,2.85,0,0,5460.8,normal,residencial,despejado,10,medio,moto
ENV-007731,1.86,5.12,51.6,30.8,17.2,27.34,0,0,582.37,normal,centro,lluvia,0,medio,moto
ENV-007732,6.58,1.65,24.5,16.9,12.7,5.26,0,0,954.84,normal,residencial,despejado,13,medio,bicicleta
ENV-007733,5.35,2.29,28.6,18.7,13.7,7.33,0,0,432.88,normal,centro,despejado,18,alto,bicicleta
ENV-007734,2.3,1.09,17.1,12.0,21.3,4.37,1,0,147.53,express,residencial,despejado,10,alto,dron
ENV-007735,28.7,34.23,82.6,55.5,51.6,236.55,0,0,4172.36,express,rural,viento_fuerte,10,alto,camioneta
ENV-007736,7.54,3.06,32.7,21.1,30.0,20.7,1,0,422.1,mismo_dia,residencial,lluvia,13,medio,moto
ENV-007737,1.78,10.77,60.7,35.7,22.7,49.19,0,0,1145.45,express,centro,lluvia,21,bajo,moto
ENV-007738,5.77,14.6,51.1,35.6,51.8,94.23,0,0,989.75,normal,residencial,despejado,19,alto,camioneta
ENV-007739,17.61,6.94,53.5,38.5,17.3,35.63,0,0,446.95,mismo_dia,periferia,despejado,10,medio,moto
ENV-007740,6.55,0.33,10.7,7.2,7.9,0.61,0,0,349.99,mismo_dia,residencial,despejado,21,bajo,moto
ENV-007741,9.19,2.86,37.6,22.5,22.2,18.78,0,0,514.97,mismo_dia,periferia,despejado,18,medio,moto
ENV-007742,4.11,3.07,29.1,32.5,24.4,23.08,0,1,270.22,mismo_dia,residencial,lluvia,14,alto,camioneta
ENV-007743,13.19,2.54,35.6,28.6,14.8,15.07,0,0,4226.16,normal,residencial,despejado,15,alto,moto
ENV-007744,26.56,1.64,41.2,25.3,12.3,12.82,0,0,2968.74,normal,rural,despejado,7,alto,moto
ENV-007745,2.6,0.53,14.5,7.6,10.7,1.18,0,0,476.43,express,centro,despejado,8,alto,bicicleta
ENV-007746,6.27,1.04,16.9,15.7,8.8,2.33,1,0,1114.18,normal,residencial,despejado,14,alto,dron
ENV-007747,3.58,1.31,36.3,23.5,10.1,8.62,1,0,4523.85,mismo_dia,centro,despejado,17,medio,bicicleta
ENV-007748,2.16,2.53,29.3,22.6,14.6,9.67,0,0,5471.4,express,residencial,despejado,12,bajo,bicicleta
ENV-007749,6.12,8.03,38.2,26.1,27.6,27.52,0,0,416.52,normal,residencial,viento_fuerte,17,bajo,moto
ENV-007750,3.69,1.08,29.2,22.1,10.2,6.58,0,0,714.82,normal,residencial,despejado,7,medio,bicicleta
ENV-007751,4.24,30.85,54.0,44.1,37.6,89.54,1,0,289.75,normal,centro,lluvia,10,bajo,camioneta
ENV-007752,7.2,5.88,37.3,19.1,25.1,17.88,0,0,630.35,mismo_dia,residencial,lluvia,19,alto,moto
ENV-007753,1.38,0.1,8.6,6.6,7.7,0.44,0,0,3668.15,normal,centro,despejado,14,medio,bicicleta
ENV-007754,33.33,12.93,39.5,28.0,19.1,21.12,0,0,1463.69,mismo_dia,rural,despejado,12,medio,moto
ENV-007755,3.91,3.02,39.2,22.7,12.5,11.12,0,0,479.43,normal,centro,despejado,20,alto,bicicleta
ENV-007756,4.16,1.46,36.8,14.6,16.1,8.65,0,0,89.66,express,centro,despejado,11,alto,bicicleta
ENV-007757,5.3,1.94,17.0,15.5,15.6,4.11,0,0,351.68,normal,centro,despejado,18,medio,bicicleta
ENV-007758,24.97,10.93,50.4,29.3,36.8,54.34,0,0,527.2,mismo_dia,periferia,lluvia,6,bajo,moto
ENV-007759,11.77,2.58,26.2,20.7,9.6,5.21,0,0,3134.9,express,residencial,despejado,19,alto,moto
ENV-007760,13.49,1.24,18.2,14.7,16.9,4.52,0,0,2507.5,express,residencial,lluvia,11,bajo,moto
ENV-007761,4.86,1.96,20.6,18.8,17.6,6.82,0,0,104.05,express,centro,despejado,10,bajo,bicicleta
ENV-007762,8.82,1.66,30.1,16.7,23.9,12.01,0,0,388.25,normal,residencial,despejado,7,alto,moto
ENV-007763,10.68,14.27,74.9,41.3,35.2,108.89,0,0,746.12,normal,residencial,viento_fuerte,7,alto,camioneta
ENV-007764,5.09,0.95,31.8,14.5,12.5,5.76,0,0,588.43,express,centro,despejado,1,bajo,moto
ENV-007765,8.22,3.41,44.0,29.7,12.8,16.73,1,0,1098.92,normal,residencial,despejado,10,bajo,moto
ENV-007766,1.56,1.85,33.2,18.3,22.3,13.55,0,0,5963.0,mismo_dia,centro,despejado,0,bajo,moto
ENV-007767,15.68,4.01,36.5,22.0,26.3,21.12,0,0,1466.47,express,periferia,despejado,9,alto,moto
ENV-007768,2.39,2.18,31.3,27.4,14.4,12.35,0,0,551.77,express,centro,despejado,19,alto,bicicleta
ENV-007769,2.95,1.23,24.8,21.6,14.7,7.87,0,0,3250.06,mismo_dia,residencial,despejado,19,alto,bicicleta
ENV-007770,16.62,2.47,21.6,18.2,15.4,6.05,0,0,2737.98,normal,periferia,despejado,12,alto,moto
ENV-007771,3.09,4.76,41.3,23.8,30.8,30.27,1,0,675.12,normal,residencial,despejado,12,bajo,bicicleta
ENV-007772,1.95,21.5,74.8,48.4,21.4,77.47,0,0,428.23,express,centro,despejado,12,medio,moto
ENV-007773,27.21,0.72,24.8,14.2,13.1,4.61,0,0,258.72,normal,rural,despejado,4,bajo,moto
ENV-007774,5.34,3.97,20.0,14.0,21.4,5.99,1,0,3621.29,normal,centro,despejado,14,alto,bicicleta
ENV-007775,30.44,2.19,28.9,25.3,20.5,14.99,0,0,1693.89,normal,rural,lluvia,14,medio,camioneta
ENV-007776,12.83,0.94,21.5,14.1,18.2,5.52,0,0,1342.95,normal,residencial,despejado,12,bajo,dron
ENV-007777,5.22,38.8,74.5,42.5,56.9,180.16,0,0,7435.65,normal,residencial,despejado,17,medio,camioneta
ENV-007778,9.78,3.13,44.3,26.5,19.4,22.77,0,0,2438.11,express,residencial,despejado,15,alto,moto
ENV-007779,13.22,8.47,44.7,30.8,21.6,29.74,0,0,2994.11,mismo_dia,periferia,despejado,13,medio,moto
ENV-007780,6.21,2.43,27.5,14.4,17.0,6.73,0,0,6107.08,normal,residencial,despejado,6,medio,bicicleta
ENV-007781,4.73,3.92,50.1,23.6,20.7,24.47,0,0,309.84,normal,residencial,lluvia,19,alto,bicicleta
ENV-007782,36.45,3.21,28.4,31.6,23.9,21.45,0,0,1388.62,normal,rural,viento_fuerte,11,medio,moto
ENV-007783,3.09,1.91,34.6,20.3,19.4,13.63,0,0,1166.19,express,centro,despejado,20,alto,bicicleta
ENV-007784,5.22,2.36,38.5,18.6,16.8,12.03,0,0,18087.18,express,residencial,despejado,22,alto,moto
ENV-007785,2.3,0.51,19.5,9.6,11.3,2.12,0,0,931.55,normal,centro,viento_fuerte,20,alto,bicicleta
ENV-007786,1.8,4.48,29.8,23.5,14.7,10.29,0,0,595.99,normal,centro,despejado,20,alto,bicicleta
ENV-007787,30.18,4.95,35.1,27.1,21.4,20.36,1,0,258.26,express,rural,despejado,18,bajo,camioneta
ENV-007788,13.84,9.56,63.1,47.2,21.2,63.14,1,0,1411.6,normal,residencial,despejado,13,medio,moto
ENV-007789,3.75,2.24,33.6,27.5,15.6,14.41,1,0,174.33,normal,centro,despejado,14,bajo,bicicleta
ENV-007790,12.38,71.24,119.6,78.2,42.7,399.36,0,0,1512.79,mismo_dia,residencial,despejado,11,alto,camioneta
ENV-007791,1.35,1.89,30.1,23.4,13.9,9.79,1,0,465.42,normal,centro,despejado,16,bajo,bicicleta
ENV-007792,6.64,2.17,24.2,15.5,14.6,5.48,0,1,604.92,normal,residencial,despejado,7,medio,camioneta
ENV-007793,9.37,4.45,36.2,26.3,29.0,27.61,1,0,1542.04,express,residencial,despejado,19,alto,moto
ENV-007794,8.5,1.76,35.3,21.8,13.5,10.39,0,0,953.07,express,periferia,despejado,16,alto,dron
ENV-007795,6.48,3.93,51.4,25.8,23.4,31.03,0,0,863.74,normal,residencial,viento_fuerte,17,bajo,moto
ENV-007796,14.75,0.54,18.7,11.6,7.4,1.61,0,0,1388.8,express,periferia,lluvia,6,bajo,moto
ENV-007797,3.04,57.12,123.3,64.5,47.2,375.37,0,0,459.65,normal,centro,viento_fuerte,15,medio,camioneta
ENV-007798,3.33,0.15,16.3,8.8,5.7,0.82,0,1,445.87,express,centro,despejado,3,bajo,camioneta
ENV-007799,4.9,37.39,72.9,50.0,61.2,223.07,0,0,687.81,express,centro,despejado,15,medio,camioneta
ENV-007800,2.71,1.65,25.0,22.7,22.1,12.54,1,0,1460.67,normal,centro,lluvia,14,alto,moto
ENV-007801,4.78,6.76,50.7,23.4,20.7,24.56,0,0,7221.02,normal,residencial,despejado,8,medio,bicicleta
ENV-007802,16.75,0.75,25.2,11.1,9.8,2.74,1,0,213.15,normal,periferia,lluvia,13,alto,moto
ENV-007803,1.21,3.21,48.9,26.5,17.3,22.42,1,0,2660.24,normal,centro,despejado,22,medio,bicicleta
ENV-007804,4.05,8.69,45.1,30.4,27.5,37.7,0,0,2136.73,normal,residencial,despejado,8,alto,moto
ENV-007805,6.58,0.97,21.6,14.2,10.7,3.28,1,0,2110.4,normal,residencial,despejado,13,alto,bicicleta
ENV-007806,6.77,3.25,43.4,30.1,17.9,23.38,0,0,753.56,mismo_dia,residencial,lluvia,12,bajo,moto
ENV-007807,8.48,1.98,34.6,15.4,14.3,7.62,0,0,1355.66,express,residencial,despejado,15,alto,dron
ENV-007808,1.06,0.37,18.9,12.3,9.8,2.28,0,0,300.91,normal,centro,despejado,14,medio,bicicleta
ENV-007809,24.37,4.59,33.8,36.5,25.1,30.97,1,0,639.63,express,periferia,despejado,8,bajo,moto
ENV-007810,7.63,3.18,30.3,20.6,11.5,7.18,0,0,114.0,express,residencial,lluvia,8,alto,moto
ENV-007811,7.88,3.78,32.1,30.3,22.0,21.4,1,0,969.65,express,periferia,viento_fuerte,22,bajo,moto
ENV-007812,3.69,1.6,28.1,20.6,10.7,6.19,0,0,69.7,express,centro,despejado,8,medio,bicicleta
ENV-007813,3.5,1.29,15.2,15.6,12.5,2.96,0,0,3011.72,normal,centro,lluvia,19,alto,moto
ENV-007814,2.5,67.6,51.3,49.4,46.6,118.09,0,0,1082.0,express,centro,lluvia,14,medio,camioneta
ENV-007815,55.93,10.55,65.5,47.6,25.0,77.94,0,0,1851.58,express,rural,despejado,20,medio,camioneta
ENV-007816,7.64,4.03,50.3,34.1,16.3,27.96,0,0,1551.28,express,periferia,despejado,7,alto,moto
ENV-007817,9.18,1.05,14.0,12.7,9.1,1.62,0,1,412.71,normal,residencial,despejado,18,alto,camioneta
ENV-007818,11.82,2.19,29.3,22.0,15.9,10.25,0,0,991.09,normal,residencial,despejado,20,alto,dron
ENV-007819,11.93,10.43,37.8,32.8,33.1,41.04,0,0,1246.14,express,residencial,despejado,14,alto,moto
ENV-007820,3.72,1.33,24.4,17.5,8.4,3.59,0,0,84.31,express,centro,despejado,15,medio,bicicleta
ENV-007821,0.5,2.61,27.9,23.8,25.3,16.8,0,0,1091.55,mismo_dia,centro,despejado,10,alto,bicicleta
ENV-007822,16.97,1.0,16.4,16.6,10.4,2.83,0,0,180.01,express,rural,viento_fuerte,7,bajo,moto
ENV-007823,15.49,13.91,66.2,55.2,29.6,108.17,0,0,56.04,express,periferia,despejado,19,alto,camioneta
ENV-007824,9.11,7.74,60.6,35.6,19.7,42.5,0,0,133.65,normal,residencial,lluvia,17,bajo,moto
ENV-007825,14.9,4.78,26.1,21.4,20.7,11.56,0,0,5338.02,normal,periferia,despejado,7,alto,moto
ENV-007826,3.08,1.52,33.9,21.7,14.3,10.52,1,0,10350.57,express,centro,despejado,10,alto,bicicleta
ENV-007827,39.24,1.33,28.4,17.5,9.8,4.87,0,0,244.53,normal,rural,despejado,12,medio,moto
ENV-007828,11.04,0.58,17.0,16.1,15.8,4.32,0,0,436.92,express,residencial,despejado,18,alto,dron
ENV-007829,6.48,1.09,26.6,17.5,9.9,4.61,0,0,1286.27,express,residencial,despejado,5,bajo,moto
ENV-007830,2.05,6.12,25.2,17.1,28.7,12.37,0,0,259.48,normal,centro,despejado,2,bajo,moto
ENV-007831,10.57,1.72,27.1,21.5,19.2,11.19,0,0,270.46,express,periferia,despejado,12,medio,dron
ENV-007832,1.45,1.57,30.9,25.4,13.2,10.36,0,0,265.43,express,centro,despejado,5,medio,moto
ENV-007833,23.95,2.21,32.1,17.4,18.2,10.17,0,0,5613.59,normal,rural,despejado,7,alto,moto
ENV-007834,38.18,7.38,45.1,31.1,16.1,22.58,0,0,108.14,normal,rural,despejado,12,bajo,moto
ENV-007835,4.55,2.56,41.9,26.2,15.9,17.45,0,1,5030.34,normal,centro,despejado,21,bajo,camioneta
ENV-007836,4.4,3.27,35.8,28.5,21.0,21.43,1,0,236.3,normal,centro,despejado,20,alto,bicicleta
ENV-007837,21.36,0.38,19.0,9.4,12.5,2.23,0,0,446.09,express,periferia,despejado,18,alto,moto
ENV-007838,7.76,8.13,45.9,39.5,25.1,45.51,0,0,349.13,mismo_dia,residencial,despejado,20,alto,moto
ENV-007839,9.17,0.66,27.8,17.5,10.0,4.87,0,0,272.81,normal,periferia,lluvia,13,medio,moto
ENV-007840,10.1,6.42,47.1,35.9,22.4,37.88,0,0,657.33,normal,residencial,despejado,7,medio,moto
ENV-007841,5.27,21.19,85.7,43.6,39.6,147.97,0,0,11862.31,express,residencial,despejado,1,bajo,camioneta
ENV-007842,6.04,3.53,39.1,25.8,18.6,18.76,1,0,341.64,normal,residencial,despejado,15,medio,bicicleta
ENV-007843,26.72,0.71,12.0,8.8,13.7,1.45,0,0,1221.65,normal,rural,despejado,15,medio,moto
ENV-007844,32.7,1.96,29.4,22.3,19.0,12.46,0,0,3358.49,express,rural,despejado,15,medio,moto
ENV-007845,2.23,0.92,18.5,10.7,11.9,2.36,0,0,1178.67,express,centro,viento_fuerte,19,alto,bicicleta
ENV-007846,2.67,2.77,45.6,29.4,12.9,17.29,0,0,69.56,normal,centro,viento_fuerte,23,bajo,moto
ENV-007847,2.19,2.18,28.3,13.4,12.8,4.85,0,0,1199.42,normal,centro,despejado,7,medio,bicicleta
ENV-007848,11.72,4.38,20.6,23.3,17.3,8.3,0,0,2470.98,express,residencial,despejado,11,alto,moto
ENV-007849,26.49,35.27,87.4,58.9,50.1,257.91,0,0,364.9,normal,rural,viento_fuerte,8,medio,camioneta
ENV-007850,2.73,3.26,43.6,25.2,18.7,20.55,1,0,35569.04,normal,centro,despejado,20,alto,bicicleta
ENV-007851,3.62,50.22,64.9,50.3,82.4,268.99,0,0,99.3,express,centro,despejado,15,alto,camioneta
ENV-007852,23.66,0.39,18.9,15.4,9.0,2.62,0,1,1467.3,normal,rural,viento_fuerte,19,alto,camioneta
ENV-007853,3.26,1.61,28.0,22.7,12.2,7.75,0,0,2552.65,express,centro,lluvia,16,medio,moto
ENV-007854,24.44,5.66,30.9,28.2,28.4,24.75,1,0,255.0,normal,periferia,viento_fuerte,11,bajo,moto
ENV-007855,31.28,4.7,39.3,22.4,20.0,17.61,0,0,9475.11,express,rural,lluvia,15,medio,moto
ENV-007856,3.03,0.76,29.1,12.5,14.7,5.35,0,0,1543.48,normal,residencial,despejado,7,alto,bicicleta
ENV-007857,19.25,15.84,66.4,41.6,28.5,78.72,0,0,2205.82,normal,periferia,viento_fuerte,8,alto,camioneta
ENV-007858,6.97,3.91,50.2,28.2,21.1,29.87,0,0,3032.5,normal,residencial,despejado,16,bajo,bicicleta
ENV-007859,31.79,1.93,34.5,16.6,16.9,9.68,0,0,1487.5,express,rural,despejado,15,alto,moto
ENV-007860,2.52,4.6,43.7,25.0,15.2,16.61,1,0,543.09,mismo_dia,centro,lluvia,16,medio,camioneta
ENV-007861,30.68,2.03,23.7,14.6,25.1,8.69,0,0,192.01,express,rural,lluvia,11,medio,moto
ENV-007862,14.41,0.67,18.5,10.3,7.2,1.37,0,0,882.18,express,periferia,lluvia,5,medio,moto
ENV-007863,1.87,5.91,52.6,25.8,20.3,27.55,1,0,381.93,express,centro,despejado,17,medio,bicicleta
ENV-007864,28.64,10.33,37.0,33.8,38.8,48.52,0,0,538.85,express,periferia,despejado,11,medio,moto
ENV-007865,6.94,52.01,93.2,75.7,56.7,400.03,0,1,3797.14,express,residencial,lluvia,15,alto,camioneta
ENV-007866,1.79,0.57,23.9,18.2,8.7,3.78,0,0,4988.95,normal,centro,despejado,15,medio,bicicleta
ENV-007867,3.46,2.96,39.4,25.1,11.6,11.47,1,0,69.05,normal,centro,despejado,13,alto,bicicleta
ENV-007868,14.48,9.82,70.5,31.6,27.2,60.6,0,0,299.06,express,periferia,despejado,16,medio,moto
ENV-007869,42.81,3.44,23.0,19.2,26.9,11.88,0,0,1846.15,normal,rural,viento_fuerte,0,medio,camioneta
ENV-007870,2.39,0.39,17.6,15.8,11.3,3.14,0,0,875.44,express,centro,despejado,12,bajo,camioneta
ENV-007871,27.05,2.7,35.8,23.4,17.1,14.33,1,0,69.44,express,rural,lluvia,18,alto,moto
ENV-007872,13.73,2.49,28.6,16.2,13.7,6.35,0,0,333.61,normal,periferia,despejado,14,medio,dron
ENV-007873,6.81,1.04,17.7,12.1,19.0,4.07,0,0,459.33,normal,residencial,despejado,14,alto,bicicleta
ENV-007874,46.62,0.75,16.0,13.6,6.9,1.5,0,0,366.79,normal,rural,despejado,18,medio,camioneta
ENV-007875,2.19,21.73,42.4,47.5,31.0,62.43,1,0,819.63,express,centro,despejado,17,bajo,moto
ENV-007876,24.18,0.45,16.5,9.5,15.5,2.43,0,0,1271.98,mismo_dia,periferia,lluvia,13,medio,moto
ENV-007877,3.39,4.02,39.0,21.1,14.7,12.1,0,0,136.11,express,centro,despejado,10,alto,bicicleta
ENV-007878,7.89,11.42,34.7,21.7,39.6,29.82,0,1,495.09,express,residencial,despejado,18,bajo,camioneta
ENV-007879,5.88,3.13,29.3,32.7,23.0,22.04,1,0,66.62,normal,residencial,despejado,16,alto,bicicleta
ENV-007880,3.19,1.93,31.2,14.7,18.4,8.44,0,0,11312.72,express,centro,despejado,13,bajo,bicicleta
ENV-007881,11.13,0.9,16.8,17.3,16.3,4.74,0,0,1580.36,express,periferia,viento_fuerte,14,medio,moto
ENV-007882,2.46,64.66,72.4,38.6,47.4,132.47,0,0,1376.41,normal,centro,despejado,7,alto,camioneta
ENV-007883,10.64,2.81,29.3,20.4,33.1,19.78,0,0,1389.17,express,periferia,despejado,14,medio,moto
ENV-007884,45.41,2.04,37.5,23.1,11.5,9.96,0,0,431.19,express,rural,lluvia,16,medio,camioneta
ENV-007885,3.3,3.85,40.3,19.6,16.4,12.95,1,0,482.74,mismo_dia,centro,lluvia,12,bajo,moto
ENV-007886,14.5,0.35,12.7,12.1,6.9,1.06,1,0,1762.83,express,periferia,despejado,7,alto,dron
ENV-007887,19.02,2.35,29.3,15.6,10.0,4.57,0,0,2513.17,normal,periferia,despejado,12,medio,moto
ENV-007888,5.51,1.3,21.8,21.7,20.6,9.75,0,0,412.55,normal,residencial,despejado,9,alto,bicicleta
ENV-007889,6.97,2.26,25.1,17.0,21.9,9.34,0,0,514.15,mismo_dia,residencial,despejado,0,medio,moto
ENV-007890,16.16,1.78,26.5,22.0,18.8,10.96,0,0,334.53,normal,periferia,despejado,20,alto,moto
ENV-007891,3.51,0.34,16.6,9.0,6.6,0.99,0,0,5277.14,express,centro,despejado,10,bajo,bicicleta
ENV-007892,3.6,7.03,34.3,28.6,20.6,20.21,0,0,780.35,express,centro,lluvia,19,alto,moto
ENV-007893,11.19,0.37,16.2,9.9,5.8,0.93,0,0,3553.5,normal,residencial,despejado,8,alto,dron
ENV-007894,3.07,0.51,16.9,9.7,15.7,2.57,1,0,305.69,normal,centro,despejado,16,alto,bicicleta
ENV-007895,2.3,4.97,30.8,30.3,22.0,20.53,0,0,1047.1,express,centro,despejado,14,alto,bicicleta
ENV-007896,0.78,1.01,34.2,18.7,11.8,7.55,1,0,64.18,normal,centro,lluvia,14,alto,bicicleta
ENV-007897,6.52,6.03,54.7,35.9,23.5,46.15,0,0,603.03,normal,residencial,despejado,15,alto,moto
ENV-007898,45.42,0.56,14.6,15.4,9.5,2.14,0,0,868.0,normal,rural,lluvia,7,alto,camioneta
ENV-007899,18.29,3.67,44.1,19.9,22.6,19.83,0,0,19970.08,normal,rural,despejado,7,alto,moto
ENV-007900,4.69,1.67,21.6,15.0,28.2,9.14,0,0,2220.44,normal,residencial,viento_fuerte,7,alto,bicicleta
ENV-007901,15.32,3.75,26.3,19.4,17.1,8.72,0,0,529.35,normal,periferia,despejado,15,alto,moto
ENV-007902,6.67,6.69,33.9,32.2,23.9,26.09,0,0,2199.88,normal,periferia,lluvia,12,bajo,moto
ENV-007903,15.18,10.03,35.5,36.2,27.3,35.08,0,0,341.58,mismo_dia,periferia,lluvia,6,bajo,moto
ENV-007904,4.36,5.13,45.7,26.9,18.8,23.11,0,0,160.53,normal,residencial,despejado,2,bajo,moto
ENV-007905,6.25,0.2,16.1,7.5,10.1,1.22,0,0,1055.06,mismo_dia,periferia,lluvia,17,bajo,moto
ENV-007906,30.06,4.36,41.2,25.9,13.9,14.83,0,0,6137.45,normal,rural,viento_fuerte,18,alto,moto
ENV-007907,4.29,1.9,31.8,21.9,12.0,8.36,0,0,423.75,express,residencial,despejado,1,medio,moto
ENV-007908,1.24,0.33,21.3,11.5,8.9,2.18,1,0,912.18,normal,residencial,despejado,8,alto,bicicleta
ENV-007909,3.62,4.19,32.6,20.4,23.1,15.36,0,0,350.56,express,centro,lluvia,20,alto,moto
ENV-007910,11.99,6.75,38.2,23.5,13.4,12.03,0,0,1324.73,normal,residencial,despejado,15,alto,moto
ENV-007911,3.37,1.5,18.1,14.4,9.7,2.53,0,0,5036.85,normal,centro,despejado,15,alto,bicicleta
ENV-007912,7.81,1.24,28.5,18.8,8.9,4.77,0,0,959.54,normal,residencial,despejado,0,bajo,moto
ENV-007913,4.12,2.04,27.9,17.7,26.2,12.94,0,0,2426.25,express,residencial,despejado,14,medio,bicicleta
ENV-007914,4.51,2.56,41.4,21.2,15.7,13.78,1,0,1189.64,mismo_dia,residencial,lluvia,13,alto,bicicleta
ENV-007915,45.09,5.18,46.6,33.3,20.0,31.04,0,0,512.88,normal,rural,despejado,6,medio,camioneta
ENV-007916,3.32,1.65,32.7,15.3,15.3,7.65,0,0,2618.67,normal,centro,despejado,19,alto,bicicleta
ENV-007917,13.75,1.38,24.4,21.2,11.4,5.9,0,0,1099.77,normal,periferia,despejado,15,alto,dron
ENV-007918,12.02,1.74,29.1,22.7,18.4,12.15,0,0,28790.69,mismo_dia,residencial,despejado,9,medio,moto
ENV-007919,9.23,33.79,96.0,69.3,39.6,263.45,0,0,649.19,normal,residencial,despejado,7,alto,camioneta
ENV-007920,4.68,0.26,16.0,12.2,10.9,2.13,0,0,477.58,normal,residencial,despejado,1,medio,moto
ENV-007921,3.57,76.01,87.2,54.3,37.2,176.14,0,0,786.79,normal,centro,viento_fuerte,8,alto,camioneta
ENV-007922,21.08,1.29,25.6,18.2,9.9,4.61,0,0,93.58,mismo_dia,periferia,despejado,15,medio,moto
ENV-007923,12.61,61.29,88.7,74.1,47.6,312.86,0,0,101.77,express,residencial,lluvia,19,alto,camioneta
ENV-007924,26.34,2.63,32.0,19.7,24.7,15.57,0,0,1143.83,express,rural,despejado,17,medio,moto
ENV-007925,43.33,6.71,47.6,35.3,18.7,31.42,1,0,533.42,express,rural,despejado,13,medio,camioneta
ENV-007926,4.64,0.35,18.1,13.1,9.9,2.35,0,1,8757.45,mismo_dia,centro,despejado,13,medio,camioneta
ENV-007927,8.5,1.52,24.8,20.6,18.8,9.6,1,0,471.94,normal,residencial,viento_fuerte,9,alto,moto
ENV-007928,2.5,2.2,27.6,17.7,13.3,6.5,0,0,358.8,normal,centro,despejado,22,medio,moto
ENV-007929,6.14,8.75,47.5,34.6,24.0,39.44,0,0,148.22,express,residencial,viento_fuerte,12,alto,moto
ENV-007930,3.89,0.1,9.4,7.8,4.1,0.3,1,0,685.58,express,centro,lluvia,7,alto,bicicleta
ENV-007931,5.62,0.63,21.8,10.0,11.0,2.4,0,0,224.7,express,residencial,despejado,9,alto,bicicleta
ENV-007932,3.71,0.84,25.9,19.9,9.1,4.69,0,0,640.11,express,centro,despejado,18,alto,bicicleta
ENV-007933,5.58,0.97,23.1,15.6,15.4,5.55,0,0,848.11,normal,residencial,despejado,19,medio,bicicleta
ENV-007934,13.56,3.36,26.1,28.5,21.0,15.62,0,0,238.99,normal,periferia,viento_fuerte,17,bajo,moto
ENV-007935,6.54,7.05,55.2,44.2,23.0,56.12,0,0,602.48,normal,residencial,lluvia,10,medio,moto
ENV-007936,43.25,2.89,25.9,18.6,21.9,10.55,1,0,849.71,normal,rural,despejado,23,bajo,camioneta
ENV-007937,35.95,1.51,25.0,19.4,12.5,6.06,0,0,50,express,rural,despejado,18,medio,moto
ENV-007938,35.29,2.2,33.9,19.4,11.7,7.69,0,0,483.43,normal,rural,despejado,20,medio,moto
ENV-007939,4.08,29.01,58.6,46.9,30.0,82.45,1,0,384.22,normal,residencial,despejado,14,alto,camioneta
ENV-007940,4.46,0.59,24.1,12.4,11.6,3.47,1,0,1690.29,mismo_dia,residencial,viento_fuerte,18,alto,moto
ENV-007941,13.83,0.31,12.4,9.5,13.8,1.63,0,0,386.5,express,periferia,despejado,20,alto,dron
ENV-007942,3.19,0.89,20.2,13.1,21.7,5.74,0,0,1120.14,express,centro,viento_fuerte,8,alto,bicicleta
ENV-007943,2.13,2.5,20.7,22.4,15.4,7.14,0,0,1950.86,normal,centro,lluvia,21,bajo,moto
ENV-007944,5.46,3.07,35.4,23.6,23.8,19.88,0,0,208.39,express,residencial,despejado,12,alto,bicicleta
ENV-007945,1.37,6.78,55.4,39.5,19.1,41.8,0,0,2434.43,express,centro,despejado,16,alto,moto
ENV-007946,6.8,4.57,54.1,25.4,21.2,29.13,0,0,119.49,normal,residencial,lluvia,9,alto,moto
ENV-007947,2.42,0.92,31.5,21.4,9.7,6.54,0,0,1469.26,normal,residencial,despejado,12,bajo,bicicleta
ENV-007948,1.26,73.13,87.8,61.7,58.0,314.2,0,0,80000,express,centro,lluvia,23,medio,camioneta
ENV-007949,7.44,1.66,23.8,12.7,12.1,3.66,0,0,920.75,normal,residencial,lluvia,18,medio,moto
ENV-007950,1.69,2.35,39.2,19.9,19.0,14.82,0,0,694.49,express,centro,despejado,13,alto,bicicleta
ENV-007951,8.81,0.93,27.5,13.9,13.5,5.16,0,0,3362.37,normal,residencial,lluvia,18,alto,moto
ENV-007952,15.45,1.14,22.6,18.5,21.2,8.86,0,0,110.97,normal,periferia,despejado,8,alto,moto
ENV-007953,8.42,2.48,23.2,18.6,24.4,10.53,0,0,1604.46,normal,periferia,despejado,16,bajo,dron
ENV-007954,6.76,8.82,51.7,33.4,21.5,37.13,0,0,6542.46,normal,residencial,despejado,10,bajo,moto
ENV-007955,16.53,10.38,54.0,21.5,25.0,29.02,0,0,8971.17,express,periferia,despejado,16,bajo,moto
ENV-007956,1.51,0.93,31.3,13.6,14.2,6.04,0,0,688.65,express,centro,despejado,18,alto,bicicleta
ENV-007957,6.02,1.98,29.2,17.2,27.4,13.76,0,0,230.62,express,residencial,despejado,8,alto,bicicleta
ENV-007958,2.68,2.45,33.1,26.0,11.9,10.24,0,0,853.85,express,centro,despejado,11,medio,bicicleta
ENV-007959,2.29,0.26,12.7,14.6,9.8,1.82,0,0,4710.68,normal,centro,despejado,7,alto,bicicleta
ENV-007960,28.98,1.08,22.9,16.8,16.2,6.23,0,0,824.33,normal,rural,despejado,18,medio,moto
ENV-007961,2.9,5.77,45.4,22.8,15.7,16.25,1,1,444.55,normal,residencial,despejado,13,alto,camioneta
ENV-007962,8.9,6.69,35.4,32.5,29.9,34.4,1,0,1040.38,normal,residencial,viento_fuerte,14,alto,moto
ENV-007963,2.55,63.04,127.7,77.8,37.3,370.58,0,0,476.47,mismo_dia,centro,despejado,11,medio,camioneta
ENV-007964,3.07,1.56,37.7,18.2,16.5,11.32,0,0,17328.96,normal,residencial,despejado,16,medio,bicicleta
ENV-007965,3.46,3.04,30.6,26.0,15.7,12.49,0,0,7677.82,normal,centro,despejado,7,medio,bicicleta
ENV-007966,3.24,2.79,29.9,16.3,12.6,6.14,0,0,1249.1,mismo_dia,centro,despejado,10,bajo,moto
ENV-007967,3.59,3.0,35.1,21.7,28.6,21.78,0,0,311.55,normal,centro,despejado,13,bajo,bicicleta
ENV-007968,31.27,2.5,26.0,19.9,14.2,7.35,0,0,783.66,mismo_dia,rural,despejado,14,bajo,moto
ENV-007969,4.03,1.66,30.5,23.7,16.5,11.93,0,0,4399.63,express,centro,despejado,16,medio,bicicleta
ENV-007970,3.67,1.11,29.1,13.1,13.1,4.99,1,0,12271.36,normal,centro,despejado,12,medio,bicicleta
ENV-007971,4.44,2.01,17.3,17.9,14.2,4.4,0,0,3710.45,express,centro,despejado,16,medio,bicicleta
ENV-007972,9.85,4.91,37.0,19.8,18.3,13.41,0,0,116.07,express,residencial,despejado,11,bajo,moto
ENV-007973,3.6,2.88,31.0,15.3,11.9,5.64,0,0,2992.45,normal,centro,despejado,10,medio,bicicleta
ENV-007974,30.92,1.53,18.2,12.6,24.6,5.64,0,0,3631.38,express,rural,despejado,21,bajo,moto
ENV-007975,25.16,3.35,29.4,18.9,21.2,11.78,0,0,152.08,normal,rural,despejado,6,bajo,moto
ENV-007976,3.9,0.9,30.6,12.7,13.3,5.17,0,0,1823.64,normal,centro,lluvia,9,medio,moto
ENV-007977,5.86,3.98,43.4,25.5,14.5,16.05,1,0,218.67,normal,residencial,despejado,11,medio,bicicleta
ENV-007978,2.92,7.07,42.0,36.0,27.2,41.13,0,0,160.31,normal,centro,viento_fuerte,13,alto,moto
ENV-007979,1.34,5.8,38.7,18.6,21.8,15.69,1,0,76.79,normal,centro,viento_fuerte,18,alto,bicicleta
ENV-007980,29.99,6.44,38.2,20.1,20.3,15.59,1,1,672.34,mismo_dia,rural,despejado,19,alto,camioneta
ENV-007981,8.18,7.6,24.5,24.7,22.3,13.49,1,0,115.45,express,residencial,viento_fuerte,13,medio,moto
ENV-007982,8.8,0.95,23.9,20.1,10.5,5.04,0,0,763.6,normal,residencial,despejado,11,bajo,moto
ENV-007983,2.19,0.25,17.6,10.9,9.5,1.82,0,0,1465.26,mismo_dia,centro,despejado,6,bajo,bicicleta
ENV-007984,12.47,1.84,31.9,22.6,13.0,9.37,1,0,958.11,mismo_dia,residencial,despejado,14,bajo,dron
ENV-007985,4.41,3.3,34.2,27.6,25.9,24.45,1,0,182.91,mismo_dia,residencial,despejado,6,bajo,bicicleta
ENV-007986,33.7,6.78,59.6,36.7,23.6,51.62,0,0,84.16,normal,rural,lluvia,12,bajo,moto
ENV-007987,31.42,41.4,69.1,46.7,68.9,222.34,1,0,941.48,normal,rural,despejado,6,medio,camioneta
ENV-007988,3.83,0.66,23.6,16.5,12.9,5.02,1,0,1114.34,normal,residencial,viento_fuerte,15,alto,bicicleta
ENV-007989,1.22,1.39,32.6,18.6,13.1,7.94,0,0,452.97,express,centro,lluvia,12,medio,moto
ENV-007990,8.88,1.14,29.4,14.5,10.5,4.48,0,0,1257.64,normal,residencial,viento_fuerte,11,bajo,moto
ENV-007991,1.06,9.22,50.9,34.5,27.2,47.76,1,0,129.83,normal,centro,despejado,9,alto,moto
ENV-007992,26.59,2.38,40.7,27.6,13.3,14.94,0,0,9365.2,express,rural,despejado,12,bajo,moto
ENV-007993,9.37,5.97,28.2,17.9,31.2,15.75,1,0,179.4,normal,residencial,despejado,15,alto,moto
ENV-007994,9.56,3.49,45.7,23.3,19.0,20.23,0,0,4221.38,normal,residencial,despejado,18,alto,moto
ENV-007995,17.98,3.92,33.0,30.5,29.4,29.59,1,0,251.04,normal,periferia,lluvia,19,medio,moto
ENV-007996,9.84,0.25,7.6,5.2,10.2,0.4,0,0,1180.01,normal,residencial,despejado,16,medio,dron
ENV-007997,18.89,1.79,34.5,27.8,13.8,13.24,0,0,854.18,normal,periferia,despejado,8,alto,moto
ENV-007998,11.47,1.14,29.5,16.6,11.3,5.53,0,0,581.37,express,residencial,despejado,10,medio,dron
ENV-007999,39.08,3.68,47.4,29.8,13.9,19.63,1,0,1564.96,normal,rural,lluvia,14,medio,moto
ENV-008000,2.34,2.24,32.1,20.8,11.9,7.95,0,0,4198.99,express,centro,despejado,18,alto,bicicleta
ENV-008001,3.98,1.48,33.8,26.2,12.4,10.98,0,0,2415.26,normal,residencial,lluvia,13,bajo,bicicleta
ENV-008002,5.32,1.2,26.7,20.3,12.8,6.94,0,0,404.05,normal,residencial,despejado,22,bajo,moto
ENV-008003,4.81,42.25,78.9,79.2,51.8,323.69,0,0,671.3,normal,centro,despejado,16,bajo,camioneta
ENV-008004,27.93,9.0,38.3,29.6,24.0,27.21,0,0,1982.53,express,rural,despejado,7,alto,moto
ENV-008005,3.87,7.47,34.3,23.7,24.8,20.16,0,0,1767.83,normal,residencial,despejado,17,medio,bicicleta
ENV-008006,2.69,0.53,14.4,13.9,13.8,2.76,0,0,1631.5,normal,centro,despejado,21,medio,moto
ENV-008007,8.32,3.73,28.0,22.7,14.0,8.9,0,0,2721.69,normal,residencial,despejado,12,bajo,moto
ENV-008008,10.99,0.14,14.4,7.7,5.0,0.55,0,0,663.74,normal,residencial,despejado,9,alto,dron
ENV-008009,21.41,5.59,37.4,29.7,38.6,42.88,0,0,110.63,express,periferia,despejado,15,medio,moto
ENV-008010,2.69,2.18,21.9,15.1,16.2,5.36,1,0,3380.09,normal,centro,lluvia,10,bajo,bicicleta
ENV-008011,8.2,0.71,24.9,12.8,11.9,3.79,0,1,927.27,express,residencial,despejado,8,bajo,camioneta
ENV-008012,15.7,1.21,28.0,22.8,13.0,8.3,1,1,5205.2,normal,periferia,despejado,20,medio,camioneta
ENV-008013,4.64,1.08,13.7,13.1,12.9,2.32,0,1,236.58,mismo_dia,residencial,viento_fuerte,19,alto,camioneta
ENV-008014,15.2,0.53,19.3,12.5,9.3,2.24,0,0,207.43,normal,periferia,despejado,16,bajo,moto
ENV-008015,2.05,4.01,23.7,17.5,23.1,9.58,0,0,769.89,normal,centro,despejado,21,medio,moto
ENV-008016,15.72,3.62,30.2,19.7,12.9,7.67,0,0,413.03,express,periferia,despejado,14,alto,moto
ENV-008017,18.56,2.29,29.9,22.3,27.1,18.07,1,0,420.24,normal,periferia,despejado,15,bajo,moto
ENV-008018,8.41,3.52,27.3,23.8,14.5,9.42,0,0,4403.2,normal,residencial,despejado,6,medio,moto
ENV-008019,6.19,5.38,48.4,22.2,28.5,30.62,0,0,326.4,normal,residencial,viento_fuerte,21,bajo,moto
ENV-008020,16.38,2.82,29.3,18.2,15.4,8.21,0,0,4046.82,mismo_dia,periferia,despejado,19,alto,moto
ENV-008021,7.48,1.49,27.4,22.8,13.2,8.25,0,0,836.84,normal,residencial,despejado,18,alto,dron
ENV-008022,22.56,0.41,20.1,10.9,13.8,3.02,1,0,255.18,normal,periferia,despejado,8,alto,camioneta
ENV-008023,4.03,13.78,63.8,39.1,40.8,101.78,0,0,1972.33,normal,residencial,despejado,11,medio,camioneta
ENV-008024,6.04,1.89,20.0,17.3,8.7,3.01,0,0,405.53,normal,residencial,despejado,16,medio,bicicleta
ENV-008025,7.78,1.25,21.2,23.2,16.0,7.87,0,0,1094.04,normal,residencial,despejado,21,medio,moto
ENV-008026,52.67,1.96,32.6,22.9,10.1,7.54,0,0,2451.02,normal,rural,lluvia,15,medio,camioneta
ENV-008027,8.81,5.79,26.0,23.7,16.0,9.86,0,0,477.77,normal,residencial,despejado,5,bajo,moto
ENV-008028,13.71,3.79,31.2,31.6,25.3,24.94,0,0,258.44,normal,periferia,despejado,15,medio,moto
ENV-008029,1.22,4.39,33.5,28.9,20.4,19.75,0,0,129.28,normal,residencial,despejado,18,alto,bicicleta
ENV-008030,5.52,4.89,57.6,27.4,22.9,36.14,0,0,315.16,mismo_dia,residencial,despejado,19,medio,bicicleta
ENV-008031,2.59,0.64,18.5,11.1,5.3,1.09,0,0,579.04,express,centro,despejado,9,alto,bicicleta
ENV-008032,7.82,1.33,31.4,14.9,14.3,6.69,0,0,401.03,normal,residencial,viento_fuerte,20,alto,moto
ENV-008033,6.98,20.36,73.3,33.3,38.8,94.71,0,0,408.41,mismo_dia,residencial,lluvia,13,alto,camioneta
ENV-008034,9.14,22.92,83.3,50.2,37.9,158.48,0,0,756.35,express,residencial,viento_fuerte,12,bajo,camioneta
ENV-008035,22.76,0.47,19.2,8.3,9.6,1.53,0,0,225.39,express,periferia,despejado,17,bajo,moto
ENV-008036,1.4,1.54,32.7,14.1,15.0,6.92,1,0,2282.33,normal,centro,despejado,15,alto,bicicleta
ENV-008037,33.82,1.21,18.6,17.9,12.0,4.0,0,0,192.01,express,rural,lluvia,11,medio,moto
ENV-008038,19.68,3.48,30.9,17.8,18.7,10.29,1,0,579.01,normal,periferia,lluvia,9,medio,moto
ENV-008039,7.37,3.66,47.1,28.6,15.0,20.21,1,1,1851.12,normal,periferia,despejado,7,alto,camioneta
ENV-008040,39.71,2.99,27.8,22.6,13.0,8.17,0,0,1194.33,express,rural,despejado,6,bajo,moto
ENV-008041,7.57,9.76,52.2,28.8,18.6,27.96,0,1,1218.12,normal,periferia,lluvia,1,bajo,camioneta
ENV-008042,2.21,0.44,10.8,6.5,10.5,0.74,0,0,3259.49,normal,centro,despejado,7,medio,bicicleta
ENV-008043,3.02,1.62,29.3,20.9,12.2,7.47,0,0,304.87,express,centro,despejado,22,bajo,moto
ENV-008044,5.73,3.22,36.2,29.9,14.6,15.8,0,0,136.84,normal,residencial,despejado,14,alto,bicicleta
ENV-008045,24.18,58.57,69.3,63.1,43.8,191.53,0,0,3491.33,normal,rural,despejado,14,alto,camioneta
ENV-008046,13.01,49.02,107.9,55.0,41.4,245.69,0,1,2420.46,mismo_dia,periferia,despejado,14,medio,camioneta
ENV-008047,3.96,0.42,13.2,12.9,10.5,1.79,1,0,50,normal,centro,lluvia,18,alto,moto
ENV-008048,41.28,58.07,96.8,68.7,48.7,323.86,0,0,1947.36,normal,rural,despejado,10,medio,camioneta
ENV-008049,7.66,0.41,18.7,15.2,7.2,2.05,1,0,2832.5,normal,residencial,lluvia,11,bajo,camioneta
ENV-008050,54.39,2.6,39.2,17.3,19.1,12.95,0,0,542.61,normal,rural,despejado,19,alto,camioneta
ENV-008051,3.9,1.02,14.9,13.0,8.2,1.59,0,0,1966.93,express,centro,despejado,15,alto,bicicleta
ENV-008052,4.4,70.13,71.8,49.8,67.4,241.0,0,0,646.85,mismo_dia,centro,despejado,13,medio,camioneta
ENV-008053,19.66,2.04,31.5,17.6,10.9,6.04,0,0,459.05,mismo_dia,periferia,despejado,19,alto,moto
ENV-008054,11.99,7.58,41.2,29.9,14.7,18.11,1,0,474.36,normal,periferia,lluvia,9,alto,moto
ENV-008055,12.89,7.71,41.1,37.0,24.5,37.26,0,1,2001.5,mismo_dia,periferia,viento_fuerte,17,medio,camioneta
ENV-008056,30.97,4.05,25.7,25.5,21.3,13.96,0,0,776.09,normal,rural,despejado,10,alto,moto
ENV-008057,5.61,0.72,23.7,12.8,12.9,3.91,0,0,5819.1,express,centro,despejado,12,alto,bicicleta
ENV-008058,2.67,2.79,38.6,26.5,19.0,19.44,0,0,308.16,express,centro,despejado,10,bajo,bicicleta
ENV-008059,3.62,33.86,66.7,44.0,55.8,163.76,0,0,655.2,normal,centro,despejado,4,alto,camioneta
ENV-008060,21.65,0.86,20.5,8.5,8.7,1.52,1,0,268.01,mismo_dia,periferia,despejado,11,alto,moto
ENV-008061,6.44,9.56,33.8,20.5,23.2,16.08,1,0,138.43,express,residencial,despejado,16,bajo,moto
ENV-008062,36.13,4.51,43.7,25.0,29.9,32.67,0,0,645.46,normal,rural,despejado,15,alto,moto
ENV-008063,11.22,1.12,33.6,17.4,13.9,8.13,0,0,481.19,mismo_dia,periferia,despejado,8,bajo,dron
ENV-008064,17.06,1.67,21.2,15.5,15.9,5.22,0,0,1047.59,express,periferia,despejado,18,alto,moto
ENV-008065,1.93,6.03,30.2,26.7,25.0,20.16,0,0,13485.02,mismo_dia,centro,despejado,16,bajo,bicicleta
ENV-008066,2.98,5.21,50.4,32.3,18.2,29.63,0,0,170.09,normal,centro,despejado,20,medio,bicicleta
ENV-008067,12.12,4.87,43.0,19.7,20.8,17.62,0,1,467.57,normal,residencial,despejado,14,medio,camioneta
ENV-008068,6.55,1.42,30.1,18.0,20.9,11.32,0,0,1303.79,normal,residencial,despejado,14,bajo,bicicleta
ENV-008069,3.16,1.85,23.9,21.8,21.6,11.25,0,0,17746.56,express,residencial,lluvia,5,medio,moto
ENV-008070,35.05,50.6,89.6,53.5,74.1,355.21,1,0,196.92,express,rural,despejado,9,medio,camioneta
ENV-008071,7.46,7.94,35.7,29.2,35.7,37.22,0,0,2662.74,normal,residencial,despejado,13,alto,moto
ENV-008072,6.45,2.2,19.1,16.6,11.7,3.71,0,0,641.9,normal,residencial,viento_fuerte,19,alto,bicicleta
ENV-008073,29.05,0.86,16.6,12.1,19.9,4.0,0,0,1180.44,express,rural,despejado,20,alto,moto
ENV-008074,12.59,0.62,22.1,14.9,7.7,2.54,0,0,307.27,normal,periferia,despejado,11,bajo,dron
ENV-008075,1.5,2.65,34.3,20.3,19.7,13.72,1,0,181.38,express,residencial,lluvia,13,alto,bicicleta
ENV-008076,24.24,0.58,19.7,9.9,14.2,2.77,0,0,1491.72,normal,rural,viento_fuerte,11,bajo,moto
ENV-008077,2.1,1.3,19.3,19.0,16.6,6.09,0,0,686.48,normal,centro,despejado,11,bajo,bicicleta
ENV-008078,3.71,0.86,27.2,12.9,12.9,4.53,0,0,482.25,mismo_dia,residencial,despejado,14,alto,dron
ENV-008079,9.37,1.15,29.2,12.9,11.9,4.48,0,0,34374.37,normal,residencial,despejado,21,bajo,camioneta
ENV-008080,3.11,0.15,10.1,5.1,5.8,0.3,0,0,415.9,express,centro,despejado,9,medio,camioneta
ENV-008081,10.03,1.83,25.9,15.8,24.2,9.9,1,0,4821.46,express,residencial,lluvia,18,alto,moto
ENV-008082,31.4,0.36,17.3,11.0,9.0,1.71,0,0,819.66,normal,rural,despejado,18,medio,moto
ENV-008083,7.06,3.34,33.6,17.7,18.3,10.88,0,0,1698.13,normal,residencial,despejado,14,medio,moto
ENV-008084,7.13,0.66,20.8,18.8,13.3,5.2,0,0,600.9,express,residencial,despejado,17,bajo,dron
ENV-008085,2.33,7.82,40.2,25.7,34.0,35.13,0,0,73.67,normal,centro,despejado,11,bajo,bicicleta
ENV-008086,18.35,0.22,18.3,8.6,9.6,1.51,0,0,331.8,express,periferia,despejado,17,bajo,moto
ENV-008087,10.24,54.15,79.9,62.0,47.9,237.29,0,0,1302.21,mismo_dia,residencial,despejado,18,alto,camioneta
ENV-008088,2.71,3.75,35.1,20.5,10.7,7.7,0,0,13099.06,express,centro,despejado,19,alto,bicicleta
ENV-008089,1.55,0.85,14.2,12.4,9.7,1.71,1,0,1205.44,normal,centro,despejado,8,medio,bicicleta
ENV-008090,3.18,1.25,17.5,9.0,12.3,1.94,0,0,1280.45,mismo_dia,centro,despejado,7,alto,bicicleta
ENV-008091,4.37,2.48,29.6,12.4,12.6,4.62,0,0,968.46,normal,centro,despejado,10,bajo,bicicleta
ENV-008092,6.52,5.05,47.3,19.1,20.5,18.52,0,0,84.05,express,residencial,despejado,15,bajo,camioneta
ENV-008093,4.94,2.27,20.7,19.7,19.6,7.99,0,0,91.06,normal,centro,despejado,11,alto,bicicleta
ENV-008094,0.76,1.19,26.7,20.8,15.5,8.61,0,0,3176.44,normal,centro,despejado,11,bajo,bicicleta
ENV-008095,5.4,3.87,32.1,16.5,17.1,9.06,0,0,889.8,mismo_dia,residencial,despejado,11,alto,bicicleta
ENV-008096,51.06,1.83,17.3,15.9,14.4,3.96,1,0,397.46,express,rural,despejado,10,medio,camioneta
ENV-008097,5.75,18.19,59.4,47.0,35.2,98.27,0,0,1232.83,normal,residencial,despejado,16,bajo,camioneta
ENV-008098,22.55,5.11,26.3,28.0,23.9,17.6,0,0,566.14,normal,rural,despejado,1,medio,moto
ENV-008099,2.96,48.21,70.1,58.0,43.7,177.68,1,1,178.89,express,centro,despejado,22,medio,camioneta
ENV-008100,4.65,0.35,23.0,15.2,6.5,2.27,0,0,192.15,normal,residencial,despejado,7,bajo,bicicleta
ENV-008101,47.83,0.99,17.0,17.8,13.7,4.15,0,0,1816.18,normal,rural,despejado,11,bajo,camioneta
ENV-008102,17.86,2.34,37.8,28.2,16.7,17.8,1,0,2679.48,mismo_dia,periferia,viento_fuerte,12,bajo,moto
ENV-008103,3.14,3.6,43.4,28.7,16.0,19.93,1,0,262.71,normal,centro,despejado,13,medio,bicicleta
ENV-008104,3.02,2.97,41.5,21.3,19.6,17.33,0,0,300.43,normal,residencial,despejado,18,medio,bicicleta
ENV-008105,2.8,0.69,14.7,13.1,7.9,1.52,1,0,2261.54,normal,centro,despejado,15,medio,bicicleta
ENV-008106,4.0,2.37,36.7,26.4,13.1,12.69,0,0,479.99,normal,centro,despejado,17,alto,bicicleta
ENV-008107,14.01,12.32,72.9,49.5,25.7,92.74,1,0,62.43,normal,periferia,lluvia,7,alto,camioneta
ENV-008108,16.51,1.38,38.0,24.8,10.7,10.08,0,0,329.76,normal,periferia,despejado,13,alto,moto
ENV-008109,30.58,4.43,37.7,19.8,24.8,18.51,0,0,86.02,normal,rural,despejado,12,medio,moto
ENV-008110,8.42,2.68,20.0,22.2,15.3,6.79,0,0,7166.63,normal,residencial,viento_fuerte,6,medio,moto
ENV-008111,5.99,5.09,58.1,36.4,18.1,38.28,0,0,2082.13,normal,residencial,despejado,9,alto,moto
ENV-008112,15.51,2.78,42.4,30.0,17.0,21.62,0,0,317.7,normal,periferia,lluvia,15,bajo,moto
ENV-008113,23.25,6.64,55.2,31.4,18.7,32.41,0,0,536.88,express,rural,viento_fuerte,9,alto,camioneta
ENV-008114,26.69,0.66,16.9,14.9,16.1,4.05,0,0,648.26,mismo_dia,periferia,viento_fuerte,11,medio,moto
ENV-008115,45.81,9.23,41.7,29.0,26.8,32.41,0,0,1153.82,normal,rural,lluvia,0,bajo,camioneta
ENV-008116,2.99,1.74,22.3,11.0,15.8,3.88,0,0,1429.13,normal,centro,despejado,21,medio,moto
ENV-008117,0.41,1.82,24.0,17.4,29.5,12.32,1,0,5572.79,normal,centro,despejado,5,bajo,bicicleta
ENV-008118,4.45,3.44,27.5,22.9,16.3,10.26,1,0,1707.84,express,residencial,despejado,15,medio,bicicleta
ENV-008119,1.67,4.9,31.6,29.9,23.6,22.3,0,0,1041.36,mismo_dia,centro,despejado,9,alto,bicicleta
ENV-008120,6.98,0.8,27.9,12.7,16.1,5.7,0,0,175.71,mismo_dia,residencial,despejado,23,alto,moto
ENV-008121,48.37,3.19,21.2,20.4,11.7,5.06,0,0,1115.63,mismo_dia,rural,viento_fuerte,21,bajo,camioneta
ENV-008122,18.43,69.41,69.4,47.3,52.9,173.65,0,0,328.63,express,periferia,despejado,5,medio,camioneta
ENV-008123,0.79,8.15,58.3,37.7,17.2,37.8,0,0,2116.22,normal,centro,lluvia,9,bajo,moto
ENV-008124,0.46,3.38,43.5,23.2,15.4,15.54,0,0,3249.62,normal,centro,despejado,13,medio,bicicleta
ENV-008125,2.08,0.39,14.6,14.8,13.9,3.0,0,0,272.84,normal,residencial,despejado,7,medio,bicicleta
ENV-008126,11.13,0.79,20.4,18.5,14.0,5.28,0,0,2277.79,express,periferia,despejado,13,medio,dron
ENV-008127,0.71,6.8,40.8,29.0,17.3,20.47,0,0,848.51,express,centro,despejado,14,alto,bicicleta
ENV-008128,3.32,1.78,18.0,13.9,14.5,3.63,0,0,1585.45,normal,centro,lluvia,12,alto,moto
ENV-008129,17.14,2.29,33.0,24.9,19.4,15.94,0,0,372.67,express,periferia,despejado,8,medio,moto
ENV-008130,6.24,3.34,39.3,25.9,22.4,22.8,0,0,1029.35,mismo_dia,residencial,despejado,11,bajo,moto
ENV-008131,24.42,1.4,35.4,24.7,10.2,8.92,0,0,363.53,normal,rural,despejado,6,bajo,moto
ENV-008132,10.25,0.82,18.7,13.2,5.4,1.33,0,0,10612.93,normal,residencial,despejado,16,medio,dron
ENV-008133,24.14,2.0,26.2,18.7,28.0,13.72,0,0,439.29,express,periferia,lluvia,6,bajo,moto
ENV-008134,1.13,0.68,18.7,10.7,11.0,2.2,0,0,194.04,mismo_dia,centro,lluvia,16,bajo,moto
ENV-008135,11.13,2.17,24.2,17.9,30.0,13.0,0,0,1275.76,express,residencial,despejado,17,medio,moto
ENV-008136,8.53,6.46,31.2,21.2,18.7,12.37,0,0,50,mismo_dia,residencial,despejado,8,alto,moto
ENV-008137,5.23,0.93,33.3,19.3,11.3,7.26,0,0,2020.64,mismo_dia,residencial,despejado,5,medio,moto
ENV-008138,8.66,4.61,29.5,19.0,17.3,9.7,0,0,816.25,express,residencial,despejado,1,bajo,moto
ENV-008139,13.82,2.55,23.0,19.8,25.1,11.43,1,0,362.4,normal,periferia,despejado,7,alto,moto
ENV-008140,11.93,3.4,47.6,23.1,23.8,26.17,0,0,132.79,normal,residencial,despejado,8,alto,moto
ENV-008141,7.26,0.19,11.9,6.7,7.1,0.57,0,0,265.48,normal,residencial,despejado,18,medio,dron
ENV-008142,19.46,1.2,30.4,22.4,12.4,8.44,0,0,4103.09,normal,periferia,despejado,14,alto,moto
ENV-008143,1.72,1.51,21.1,12.1,18.1,4.62,0,0,823.91,express,centro,lluvia,19,medio,moto
ENV-008144,11.77,2.86,23.3,14.1,17.6,5.78,0,0,1327.12,normal,periferia,viento_fuerte,22,medio,moto
ENV-008145,5.0,5.8,35.4,28.8,22.0,22.43,1,0,2783.02,normal,residencial,despejado,19,medio,bicicleta
ENV-008146,1.74,0.45,22.5,14.2,8.4,2.68,0,0,198.28,normal,residencial,lluvia,15,alto,moto
ENV-008147,20.22,3.1,27.4,25.7,17.2,12.11,0,0,993.0,express,periferia,despejado,7,bajo,moto
ENV-008148,13.96,63.12,81.6,52.7,31.2,134.17,0,0,3743.58,normal,residencial,despejado,5,bajo,camioneta
ENV-008149,3.7,0.79,18.1,15.8,10.4,2.97,1,0,344.78,express,centro,viento_fuerte,19,bajo,moto
ENV-008150,5.04,3.47,40.1,25.8,23.7,24.52,1,0,1514.74,mismo_dia,centro,despejado,20,alto,bicicleta
ENV-008151,5.62,2.79,26.4,20.3,30.9,16.56,1,0,677.08,mismo_dia,residencial,despejado,21,bajo,bicicleta
ENV-008152,9.87,4.21,39.7,24.9,14.3,14.14,0,0,770.05,mismo_dia,residencial,lluvia,14,medio,moto
ENV-008153,44.06,0.4,16.3,9.1,8.4,1.25,0,0,1222.7,normal,rural,despejado,21,alto,camioneta
ENV-008154,14.57,4.09,40.7,19.6,15.4,12.28,1,0,2387.96,normal,periferia,viento_fuerte,5,medio,moto
ENV-008155,2.45,36.97,75.0,56.1,37.2,156.52,0,0,4018.64,mismo_dia,centro,lluvia,7,medio,camioneta
ENV-008156,6.52,0.24,13.8,6.4,7.8,0.69,0,0,2863.47,express,residencial,despejado,8,alto,dron
ENV-008157,9.22,1.99,16.7,13.4,18.8,4.21,0,0,1263.43,normal,residencial,viento_fuerte,3,alto,camioneta
ENV-008158,4.29,0.58,18.5,13.9,14.6,3.75,0,0,352.47,express,residencial,despejado,13,bajo,bicicleta
ENV-008159,3.18,1.24,16.3,9.8,13.4,2.14,0,0,1118.6,normal,centro,despejado,19,medio,bicicleta
ENV-008160,5.1,1.52,23.9,22.8,21.6,11.77,0,0,1629.73,normal,residencial,viento_fuerte,9,alto,bicicleta
ENV-008161,38.68,0.97,22.4,16.9,9.8,3.71,0,0,304.42,mismo_dia,rural,lluvia,8,medio,moto
ENV-008162,1.46,5.86,46.3,23.0,26.4,28.11,1,0,4596.97,normal,centro,despejado,17,bajo,bicicleta
ENV-008163,13.15,1.83,31.1,14.8,14.2,6.54,0,0,3299.5,express,periferia,despejado,20,alto,dron
ENV-008164,2.75,3.23,40.9,26.4,20.4,22.03,1,0,815.72,mismo_dia,centro,lluvia,17,bajo,moto
ENV-008165,27.22,0.64,20.4,11.3,8.9,2.05,0,0,833.54,express,rural,viento_fuerte,8,medio,moto
ENV-008166,14.04,1.07,15.1,10.3,16.2,2.52,0,0,126.86,express,periferia,despejado,2,medio,moto
ENV-008167,12.48,3.94,23.8,18.6,23.0,10.18,1,0,3151.8,express,periferia,lluvia,8,alto,moto
ENV-008168,3.81,3.18,45.0,22.1,17.4,17.3,1,0,1150.98,normal,residencial,despejado,6,bajo,bicicleta
ENV-008169,2.36,7.21,31.9,19.9,27.2,17.27,0,0,1256.05,mismo_dia,centro,despejado,20,alto,bicicleta
ENV-008170,3.09,34.01,74.6,70.9,44.5,235.37,0,0,180.58,normal,centro,despejado,8,alto,camioneta
ENV-008171,2.21,5.14,33.8,27.3,25.5,23.53,1,0,1518.99,express,centro,despejado,14,medio,bicicleta
ENV-008172,2.48,1.61,26.0,22.3,13.7,7.94,1,0,200.21,normal,centro,despejado,15,alto,bicicleta
ENV-008173,12.13,1.25,23.4,17.0,16.1,6.4,0,0,141.04,mismo_dia,residencial,viento_fuerte,22,bajo,moto
ENV-008174,11.24,13.69,48.5,26.5,18.2,23.39,0,0,1002.92,normal,residencial,despejado,8,alto,moto
ENV-008175,9.73,4.19,49.0,23.3,28.5,32.54,0,0,1293.88,normal,residencial,despejado,7,alto,moto
ENV-008176,2.45,1.82,33.4,18.2,13.1,7.96,0,0,214.33,normal,centro,despejado,18,alto,bicicleta
ENV-008177,7.62,2.27,24.8,16.7,18.3,7.58,0,0,13008.7,normal,residencial,lluvia,14,alto,moto
ENV-008178,49.77,1.62,21.6,11.9,10.8,2.78,0,0,94.48,express,rural,despejado,16,bajo,camioneta
ENV-008179,3.07,1.83,25.2,12.1,13.8,4.21,0,1,989.26,normal,residencial,despejado,7,medio,camioneta
ENV-008180,4.82,4.66,37.4,35.8,21.9,29.32,0,0,4331.82,normal,residencial,despejado,13,alto,bicicleta
ENV-008181,2.44,5.14,31.0,24.7,31.6,24.2,1,0,10132.1,normal,centro,viento_fuerte,2,alto,bicicleta
ENV-008182,2.22,12.27,61.9,30.7,36.9,70.12,0,0,501.7,express,centro,viento_fuerte,13,alto,moto
ENV-008183,18.6,6.22,41.1,26.2,18.4,19.81,0,0,1094.66,mismo_dia,periferia,despejado,23,medio,moto
ENV-008184,9.04,2.03,31.3,22.8,15.8,11.28,0,0,532.78,mismo_dia,residencial,lluvia,17,bajo,moto
ENV-008185,9.02,0.19,16.2,7.4,9.0,1.08,0,0,1524.17,express,residencial,despejado,2,medio,moto
ENV-008186,6.57,1.17,16.6,12.7,9.9,2.09,1,0,359.04,mismo_dia,residencial,viento_fuerte,16,medio,bicicleta
ENV-008187,12.16,0.85,23.1,13.8,13.6,4.34,0,0,1001.23,express,periferia,despejado,15,medio,dron
ENV-008188,20.89,1.55,26.2,16.0,14.9,6.25,1,0,3952.8,normal,periferia,despejado,10,medio,moto
ENV-008189,17.59,3.17,31.8,24.7,13.0,10.21,0,0,1311.74,normal,periferia,despejado,16,medio,moto
ENV-008190,1.96,6.94,44.9,38.6,19.8,34.32,0,1,1663.31,express,centro,despejado,6,medio,camioneta
ENV-008191,6.9,3.67,29.1,21.2,19.6,12.09,0,0,171.82,mismo_dia,residencial,despejado,16,bajo,bicicleta
ENV-008192,11.42,5.28,36.1,27.3,23.1,22.77,0,0,50,normal,periferia,despejado,10,bajo,moto
ENV-008193,2.61,1.34,17.0,15.6,11.3,3.0,1,0,547.76,normal,centro,despejado,14,alto,bicicleta
ENV-008194,4.62,76.51,100.1,58.6,68.1,399.47,1,0,539.65,normal,centro,viento_fuerte,13,medio,camioneta
ENV-008195,7.48,6.47,42.7,27.7,40.6,48.02,0,0,122.06,normal,residencial,despejado,10,medio,moto
ENV-008196,11.15,2.03,36.6,27.3,12.2,12.19,0,0,543.15,normal,residencial,despejado,10,bajo,moto
ENV-008197,2.28,6.04,42.7,26.7,22.5,25.65,0,0,328.46,normal,centro,despejado,20,alto,bicicleta
ENV-008198,2.74,0.69,15.8,14.7,7.9,1.83,0,0,1052.48,normal,centro,despejado,16,bajo,bicicleta
ENV-008199,5.69,1.51,29.6,15.1,11.3,5.05,0,0,627.23,express,centro,despejado,15,alto,bicicleta
ENV-008200,3.2,2.95,33.8,28.2,17.3,16.49,1,0,392.75,normal,residencial,lluvia,9,alto,bicicleta
ENV-008201,2.32,0.72,23.6,16.8,9.0,3.57,0,0,1110.39,mismo_dia,centro,despejado,13,alto,bicicleta
ENV-008202,9.13,1.64,18.8,12.1,15.1,3.43,1,0,445.43,normal,residencial,viento_fuerte,10,bajo,moto
ENV-008203,2.29,7.56,45.2,36.4,20.5,33.73,0,0,224.95,normal,centro,despejado,17,bajo,bicicleta
ENV-008204,13.27,50.97,74.3,44.8,31.1,103.52,0,0,2080.94,mismo_dia,periferia,despejado,15,bajo,camioneta
ENV-008205,6.47,5.54,38.1,29.3,27.4,30.59,1,0,619.96,normal,residencial,despejado,17,bajo,bicicleta
ENV-008206,1.14,23.49,93.7,58.6,31.8,174.61,0,0,653.74,normal,centro,lluvia,8,alto,camioneta
ENV-008207,1.36,4.18,53.4,26.1,19.4,27.04,0,0,3798.03,express,centro,despejado,19,bajo,bicicleta
ENV-008208,6.66,1.27,22.0,21.9,17.9,8.62,0,0,320.9,mismo_dia,residencial,despejado,7,alto,dron
ENV-008209,6.57,0.42,15.5,10.0,5.4,0.84,1,0,293.44,mismo_dia,residencial,despejado,18,medio,dron
ENV-008210,2.17,11.85,44.4,50.6,37.0,83.13,0,0,139.39,normal,residencial,viento_fuerte,17,bajo,moto
ENV-008211,2.35,1.65,23.4,18.9,25.0,11.06,0,0,301.79,normal,centro,viento_fuerte,5,bajo,moto
ENV-008212,17.58,31.09,65.8,47.8,42.9,134.93,0,0,2640.01,normal,periferia,despejado,8,alto,camioneta
ENV-008213,32.87,8.99,55.3,26.6,21.8,32.07,1,0,11630.54,mismo_dia,rural,despejado,12,alto,moto
ENV-008214,4.19,1.36,33.7,22.1,9.3,6.93,0,0,294.83,mismo_dia,centro,despejado,16,bajo,moto
ENV-008215,12.83,1.22,25.7,16.9,13.9,6.04,0,0,356.45,express,periferia,despejado,12,medio,dron
ENV-008216,5.45,25.24,60.8,58.7,47.9,170.95,0,0,9177.29,normal,centro,despejado,14,medio,camioneta
ENV-008217,4.02,0.1,7.9,7.5,6.8,0.4,1,0,223.91,express,centro,despejado,8,bajo,bicicleta
ENV-008218,27.01,4.11,44.2,27.2,17.6,21.16,0,0,457.01,mismo_dia,periferia,despejado,12,alto,moto
ENV-008219,5.58,7.14,36.5,27.5,46.6,46.77,0,0,233.59,normal,centro,lluvia,18,medio,moto
ENV-008220,37.02,2.0,40.3,18.6,18.9,14.17,0,0,511.58,express,rural,despejado,12,bajo,moto
ENV-008221,21.55,3.14,36.6,19.4,24.0,17.04,0,1,1612.6,normal,periferia,lluvia,20,alto,camioneta
ENV-008222,25.88,0.28,19.1,9.9,8.0,1.51,0,0,257.12,normal,periferia,despejado,8,alto,moto
ENV-008223,6.11,0.83,17.7,18.9,15.7,5.25,0,0,2177.03,express,residencial,despejado,11,bajo,bicicleta
ENV-008224,4.08,0.81,17.5,11.3,7.2,1.42,0,0,2813.08,mismo_dia,residencial,despejado,17,medio,dron
ENV-008225,4.26,0.73,17.3,10.6,8.0,1.47,0,0,167.37,mismo_dia,centro,viento_fuerte,7,alto,moto
ENV-008226,2.41,1.45,29.2,17.4,16.6,8.43,0,0,248.36,express,centro,despejado,16,alto,bicicleta
ENV-008227,3.08,0.78,17.9,13.7,13.6,3.34,0,0,474.26,normal,centro,despejado,9,alto,bicicleta
ENV-008228,18.16,0.71,21.6,13.2,13.1,3.74,0,1,2511.53,express,periferia,despejado,17,bajo,camioneta
ENV-008229,19.8,1.08,32.0,22.2,9.1,6.46,0,0,763.96,normal,periferia,despejado,12,bajo,moto
ENV-008230,4.39,2.08,28.4,19.1,10.2,5.53,0,0,646.83,normal,residencial,lluvia,13,alto,bicicleta
ENV-008231,44.16,3.33,32.5,25.3,14.7,12.09,1,0,719.6,normal,rural,despejado,18,medio,camioneta
ENV-008232,2.25,1.24,16.3,14.2,12.6,2.92,0,0,488.65,mismo_dia,centro,lluvia,17,medio,moto
ENV-008233,2.82,7.97,46.6,38.5,20.8,37.32,1,0,5128.17,express,centro,lluvia,18,alto,moto
ENV-008234,6.53,1.32,24.9,14.9,19.0,7.05,0,0,298.33,normal,residencial,despejado,1,medio,moto
ENV-008235,1.97,2.45,24.6,15.8,18.3,7.11,0,0,3469.93,mismo_dia,centro,despejado,8,medio,bicicleta
ENV-008236,18.04,0.55,13.7,10.5,12.5,1.8,1,0,2688.21,normal,periferia,despejado,15,medio,moto
ENV-008237,5.26,2.9,37.0,26.5,23.3,22.85,0,0,1747.9,express,residencial,despejado,9,alto,bicicleta
ENV-008238,9.86,0.17,11.8,6.5,4.0,0.31,0,0,1172.76,express,residencial,despejado,19,alto,dron
ENV-008239,4.54,0.84,20.8,14.1,19.5,5.72,0,0,627.37,normal,residencial,despejado,8,alto,bicicleta
ENV-008240,11.45,6.37,38.8,23.8,23.6,21.79,0,0,946.35,normal,periferia,despejado,21,medio,moto
ENV-008241,7.55,2.58,21.9,17.5,14.2,5.44,0,0,1357.55,mismo_dia,residencial,despejado,0,medio,moto
ENV-008242,3.5,1.43,29.7,16.0,22.3,10.6,1,0,654.21,express,residencial,despejado,17,alto,dron
ENV-008243,30.78,1.84,28.3,19.4,10.8,5.93,1,0,4225.49,normal,rural,lluvia,13,alto,moto
ENV-008244,3.52,1.13,24.6,16.1,15.9,6.3,0,0,2598.96,normal,centro,lluvia,20,alto,bicicleta
ENV-008245,7.05,1.26,20.9,13.3,18.9,5.25,1,1,221.21,normal,residencial,despejado,5,bajo,camioneta
ENV-008246,22.88,1.72,27.2,18.9,10.9,5.6,0,0,2163.9,normal,periferia,despejado,8,medio,moto
ENV-008247,3.03,0.63,23.9,16.9,7.7,3.11,0,0,2971.97,express,centro,despejado,15,alto,bicicleta
ENV-008248,2.48,29.28,63.9,32.3,37.5,77.4,0,1,749.06,normal,centro,despejado,8,bajo,camioneta
ENV-008249,2.03,1.27,24.7,14.7,8.6,3.12,0,0,639.93,mismo_dia,centro,lluvia,19,alto,moto
ENV-008250,14.62,3.51,31.4,22.9,19.5,14.02,0,1,1258.93,express,periferia,lluvia,18,alto,camioneta
ENV-008251,16.74,0.3,11.5,8.7,11.4,1.14,0,0,281.26,mismo_dia,periferia,despejado,14,alto,moto
ENV-008252,1.72,1.38,30.4,17.4,16.3,8.62,0,0,7657.83,normal,centro,despejado,21,alto,moto
ENV-008253,12.32,2.4,19.9,18.1,19.7,7.1,0,0,6609.56,normal,periferia,despejado,9,alto,dron
ENV-008254,27.7,0.84,15.1,13.6,10.4,2.14,0,0,668.35,normal,periferia,despejado,16,alto,moto
ENV-008255,3.52,1.46,33.4,17.6,18.0,10.58,1,0,2059.97,normal,centro,despejado,6,medio,bicicleta
ENV-008256,42.16,66.49,113.0,68.1,51.6,397.08,0,0,213.72,normal,rural,viento_fuerte,6,bajo,camioneta
ENV-008257,3.62,0.68,15.3,11.1,15.9,2.7,0,0,140.39,normal,centro,despejado,10,medio,bicicleta
ENV-008258,26.33,1.55,21.4,11.4,10.9,2.66,0,0,2082.17,normal,rural,despejado,18,alto,moto
ENV-008259,13.01,0.65,19.2,15.0,9.6,2.76,0,0,513.9,normal,periferia,despejado,15,alto,dron
ENV-008260,10.89,1.46,24.2,17.0,7.4,3.04,0,0,50,normal,residencial,despejado,13,medio,dron
ENV-008261,3.71,1.09,24.9,16.9,17.4,7.32,0,0,935.49,normal,centro,despejado,18,bajo,bicicleta
ENV-008262,7.7,4.04,25.4,25.4,22.3,14.39,1,0,341.28,mismo_dia,residencial,despejado,16,bajo,moto
ENV-008263,1.52,12.5,51.2,34.2,55.1,96.48,0,0,417.85,normal,centro,despejado,9,medio,camioneta
ENV-008264,7.81,11.34,45.5,31.2,39.8,56.5,0,0,3339.22,normal,residencial,despejado,21,medio,moto
ENV-008265,1.68,2.23,24.5,13.7,18.8,6.31,1,0,673.66,express,centro,viento_fuerte,12,alto,camioneta
ENV-008266,12.92,7.31,43.1,24.9,34.4,36.92,0,0,536.19,express,residencial,lluvia,22,medio,moto
ENV-008267,2.35,0.66,18.4,17.1,9.9,3.11,1,0,779.81,express,centro,despejado,11,medio,bicicleta
ENV-008268,27.54,2.94,21.8,19.6,13.0,5.55,0,0,428.8,express,rural,despejado,8,alto,moto
ENV-008269,2.17,11.94,40.3,34.2,24.7,34.04,0,0,878.08,normal,centro,lluvia,10,medio,moto
ENV-008270,13.4,0.91,28.3,13.0,11.7,4.3,1,0,3022.92,express,residencial,despejado,13,alto,dron
ENV-008271,8.59,0.89,28.3,15.4,12.2,5.32,0,0,1038.33,normal,residencial,viento_fuerte,16,alto,camioneta
ENV-008272,7.5,0.57,19.2,16.8,12.6,4.06,0,0,930.59,normal,residencial,despejado,19,medio,dron
ENV-008273,1.85,4.72,35.1,19.2,17.2,11.59,0,0,1928.12,normal,centro,viento_fuerte,10,bajo,bicicleta
ENV-008274,18.08,74.85,74.1,53.3,88.3,348.74,1,0,743.0,normal,periferia,viento_fuerte,18,medio,camioneta
ENV-008275,2.6,0.95,32.2,21.1,9.9,6.73,0,0,4906.19,normal,centro,despejado,7,medio,bicicleta
ENV-008276,23.61,0.71,19.6,10.5,16.2,3.33,0,0,343.59,mismo_dia,rural,despejado,14,alto,moto
ENV-008277,1.42,60.68,75.4,40.8,30.4,93.52,0,0,452.35,normal,centro,despejado,16,bajo,camioneta
ENV-008278,3.12,3.52,34.4,28.4,18.5,18.07,0,0,434.12,mismo_dia,residencial,despejado,15,medio,bicicleta
ENV-008279,3.28,7.58,45.4,38.7,22.5,39.53,0,0,1045.12,mismo_dia,centro,lluvia,9,alto,moto
ENV-008280,7.3,1.34,29.7,20.3,16.4,9.89,1,0,342.65,mismo_dia,residencial,despejado,6,bajo,dron
ENV-008281,7.89,2.44,35.9,19.8,20.2,14.36,0,0,286.45,normal,residencial,lluvia,11,medio,moto
ENV-008282,2.82,0.51,14.8,14.7,10.1,2.2,0,0,247.82,mismo_dia,residencial,despejado,11,bajo,moto
ENV-008283,8.81,1.63,35.0,20.6,15.3,11.03,0,0,2332.75,mismo_dia,periferia,despejado,12,bajo,dron
ENV-008284,2.84,1.45,33.3,23.3,12.3,9.54,0,0,1513.03,normal,centro,despejado,17,medio,bicicleta
ENV-008285,5.08,9.36,39.0,33.2,21.8,28.23,1,0,931.17,normal,centro,despejado,7,alto,moto
ENV-008286,4.18,0.1,13.2,6.6,8.0,0.7,1,0,2272.95,express,centro,lluvia,16,bajo,moto
ENV-008287,2.92,2.18,40.2,25.9,13.7,14.26,0,0,412.57,mismo_dia,centro,despejado,17,bajo,bicicleta
ENV-008288,3.56,0.57,21.5,13.9,10.0,2.99,0,0,1735.34,normal,centro,lluvia,8,medio,moto
ENV-008289,5.32,4.0,30.5,32.1,26.3,25.75,0,1,504.41,express,residencial,despejado,11,alto,camioneta
ENV-008290,8.08,2.14,25.5,24.0,16.8,10.28,0,0,283.02,normal,residencial,despejado,17,bajo,dron
ENV-008291,18.66,0.95,20.7,13.6,5.5,1.55,0,1,264.0,normal,periferia,despejado,18,medio,camioneta
ENV-008292,2.49,0.52,19.4,14.5,11.7,3.29,0,1,5129.73,express,residencial,despejado,17,bajo,camioneta
ENV-008293,19.82,1.46,25.8,17.2,13.7,6.08,1,0,1355.28,normal,periferia,viento_fuerte,20,bajo,moto
ENV-008294,14.28,3.73,32.4,24.5,11.8,9.37,0,0,1171.4,normal,periferia,despejado,7,medio,moto
ENV-008295,19.94,2.2,37.9,24.6,11.0,10.26,1,0,4279.16,normal,periferia,despejado,11,bajo,moto
ENV-008296,13.22,17.35,66.7,57.5,30.5,116.98,0,0,1464.25,normal,periferia,despejado,20,alto,camioneta
ENV-008297,2.54,2.48,21.3,24.0,17.6,9.0,0,0,1151.0,mismo_dia,centro,despejado,19,alto,bicicleta
ENV-008298,7.48,0.56,27.2,12.8,10.2,3.55,1,0,468.01,normal,residencial,despejado,11,medio,dron
ENV-008299,5.39,0.78,16.4,13.3,19.4,4.23,0,0,255.7,express,residencial,despejado,17,bajo,bicicleta
ENV-008300,5.7,0.95,12.1,8.7,16.3,1.72,1,0,675.7,mismo_dia,residencial,despejado,15,bajo,dron
ENV-008301,9.48,2.02,28.7,15.4,11.8,5.22,0,0,1113.86,normal,residencial,despejado,12,bajo,dron
ENV-008302,5.16,2.36,20.0,17.5,13.0,4.55,0,0,102.59,express,residencial,despejado,10,bajo,dron
ENV-008303,16.24,20.54,35.9,32.0,34.8,39.98,0,0,226.46,express,periferia,despejado,16,alto,moto
ENV-008304,3.0,0.72,21.4,13.5,8.4,2.43,0,0,300.06,normal,centro,lluvia,21,medio,camioneta
ENV-008305,9.01,2.7,44.8,19.6,19.6,17.21,1,0,1931.04,express,residencial,despejado,6,alto,moto
ENV-008306,9.84,3.53,39.5,26.6,13.9,14.6,0,0,752.77,normal,residencial,despejado,17,bajo,moto
ENV-008307,36.1,0.88,25.4,13.2,11.3,3.79,0,0,576.63,express,rural,lluvia,8,alto,moto
ENV-008308,7.7,1.1,20.5,17.1,16.7,5.85,0,0,787.36,normal,periferia,viento_fuerte,9,medio,moto
ENV-008309,3.02,3.53,38.5,25.9,13.1,13.06,0,0,254.66,express,centro,lluvia,12,alto,camioneta
ENV-008310,4.19,0.74,25.3,11.3,14.2,4.06,0,0,9949.39,express,centro,despejado,14,bajo,moto
ENV-008311,23.46,1.65,26.6,15.6,24.6,10.21,1,0,1255.69,normal,periferia,lluvia,7,alto,moto
ENV-008312,9.39,79.66,97.7,61.3,30.0,179.67,0,0,979.34,express,residencial,despejado,3,medio,camioneta
ENV-008313,17.81,5.75,28.1,21.1,31.3,18.56,0,0,1519.74,normal,periferia,despejado,21,medio,moto
ENV-008314,9.7,15.18,53.0,58.4,38.2,118.24,0,0,5393.29,normal,residencial,despejado,21,bajo,camioneta
ENV-008315,47.21,3.17,37.7,19.9,24.0,18.01,0,0,1163.45,normal,rural,viento_fuerte,15,alto,camioneta
ENV-008316,8.15,15.57,55.9,45.0,48.7,122.5,0,0,2193.83,mismo_dia,residencial,despejado,22,medio,camioneta
ENV-008317,12.04,3.6,38.8,25.3,26.1,25.62,0,0,842.98,mismo_dia,periferia,despejado,3,medio,moto
ENV-008318,26.55,2.86,29.0,16.5,15.6,7.46,0,0,2643.48,normal,periferia,lluvia,11,bajo,moto
ENV-008319,9.81,3.44,35.5,21.5,31.7,24.2,0,0,440.59,normal,residencial,lluvia,11,alto,moto
ENV-008320,11.53,4.07,46.6,20.2,24.2,22.78,1,0,251.53,mismo_dia,periferia,despejado,10,bajo,moto
ENV-008321,13.47,5.19,32.7,18.9,26.3,16.25,0,0,2391.61,mismo_dia,periferia,despejado,17,bajo,moto
ENV-008322,2.18,4.36,34.7,20.9,12.8,9.28,0,0,57.17,mismo_dia,centro,lluvia,7,alto,bicicleta
ENV-008323,4.19,30.24,74.7,57.1,33.3,142.04,0,0,1168.69,normal,residencial,viento_fuerte,8,alto,camioneta
ENV-008324,40.36,1.11,23.6,17.0,19.6,7.86,0,0,736.79,normal,rural,despejado,9,medio,camioneta
ENV-008325,25.33,2.24,32.4,24.3,17.1,13.46,0,0,909.1,express,periferia,lluvia,11,bajo,moto
ENV-008326,8.42,1.38,25.4,18.1,21.9,10.07,0,0,175.03,mismo_dia,residencial,lluvia,14,medio,moto
ENV-008327,6.28,1.6,19.8,14.2,18.3,5.15,0,0,1449.11,mismo_dia,residencial,despejado,6,bajo,dron
ENV-008328,2.64,3.82,40.5,23.1,19.6,18.34,0,0,374.77,normal,centro,despejado,14,alto,bicicleta
ENV-008329,4.77,5.73,43.7,23.2,15.8,16.02,0,0,638.96,normal,centro,despejado,11,medio,bicicleta
ENV-008330,1.35,0.86,17.9,17.3,17.9,5.54,0,0,8686.98,express,residencial,despejado,7,alto,bicicleta
ENV-008331,9.42,8.83,63.0,42.6,22.4,60.12,1,0,754.62,normal,residencial,viento_fuerte,11,medio,moto
ENV-008332,7.55,8.81,49.3,26.6,39.8,52.19,0,0,3321.54,normal,residencial,despejado,8,medio,moto
ENV-008333,19.92,2.91,40.7,23.7,17.9,17.27,1,1,5187.65,normal,periferia,despejado,15,alto,camioneta
ENV-008334,2.17,3.11,37.9,26.5,13.3,13.36,0,0,242.93,normal,centro,lluvia,18,alto,moto
ENV-008335,6.09,2.02,17.9,13.5,15.3,3.7,0,0,212.72,express,residencial,despejado,22,bajo,moto
ENV-008336,4.67,0.99,30.5,16.8,14.8,7.58,1,0,3395.6,normal,centro,viento_fuerte,7,medio,bicicleta
ENV-008337,3.2,2.85,18.2,13.4,22.8,5.56,0,0,236.26,express,centro,despejado,18,alto,bicicleta
ENV-008338,5.72,1.8,28.2,20.0,9.3,5.25,0,0,1048.07,express,residencial,lluvia,16,alto,moto
ENV-008339,32.02,8.6,50.1,26.5,28.1,37.31,1,0,555.19,normal,rural,despejado,13,alto,moto
ENV-008340,31.04,10.84,35.3,31.4,28.1,31.15,0,0,569.09,normal,rural,despejado,1,alto,moto
ENV-008341,8.43,3.72,26.0,17.7,14.9,6.86,0,0,1611.85,normal,periferia,despejado,20,alto,moto
ENV-008342,2.42,3.16,30.6,19.4,35.0,20.78,0,0,544.83,express,centro,lluvia,18,medio,moto
ENV-008343,10.06,5.38,55.1,27.5,24.0,36.37,0,0,3565.96,mismo_dia,residencial,despejado,16,bajo,moto
ENV-008344,7.37,2.89,35.0,24.3,15.0,12.76,1,0,107.18,express,residencial,despejado,13,medio,moto
ENV-008345,2.05,1.94,24.4,21.3,12.9,6.7,1,0,368.2,mismo_dia,centro,despejado,15,alto,bicicleta
ENV-008346,2.26,8.99,52.2,42.4,30.0,66.4,0,0,465.75,normal,centro,despejado,9,alto,moto
ENV-008347,4.21,0.83,24.2,9.7,10.7,2.51,0,0,1047.48,express,residencial,viento_fuerte,13,alto,bicicleta
ENV-008348,6.31,2.24,32.7,18.0,15.8,9.3,0,1,1500.59,normal,residencial,despejado,16,alto,camioneta
ENV-008349,10.35,3.13,26.8,17.3,14.9,6.91,0,0,814.36,normal,periferia,despejado,16,alto,moto
ENV-008350,5.69,1.78,22.0,17.2,14.4,5.45,0,0,1690.6,express,centro,despejado,16,medio,bicicleta
ENV-008351,14.92,6.62,30.8,25.7,18.4,14.56,0,0,735.72,mismo_dia,periferia,lluvia,7,alto,moto
ENV-008352,46.08,2.36,28.2,23.2,26.4,17.27,0,0,887.99,express,rural,despejado,18,alto,camioneta
ENV-008353,4.93,2.91,29.8,20.6,37.4,22.96,0,0,172.75,normal,residencial,despejado,12,medio,bicicleta
ENV-008354,25.13,2.36,20.4,14.3,14.5,4.23,1,0,650.76,normal,rural,despejado,19,medio,moto
ENV-008355,12.61,1.72,39.4,26.0,12.5,12.8,0,0,1232.98,normal,residencial,despejado,21,bajo,camioneta
ENV-008356,2.08,0.69,12.6,12.4,7.1,1.11,0,0,4159.08,normal,centro,viento_fuerte,1,bajo,moto
ENV-008357,9.29,6.94,57.2,29.1,31.3,52.1,0,0,223.27,express,residencial,despejado,20,alto,moto
ENV-008358,5.92,1.09,18.4,13.9,8.2,2.1,1,0,1481.07,normal,residencial,viento_fuerte,13,alto,bicicleta
ENV-008359,4.46,0.77,23.7,21.6,11.9,6.09,0,0,7176.67,mismo_dia,centro,despejado,14,medio,moto
ENV-008360,16.55,1.6,31.5,15.7,15.9,7.86,0,0,521.43,normal,periferia,despejado,7,medio,moto
ENV-008361,5.99,1.5,22.4,22.6,14.3,7.24,0,0,2595.64,normal,residencial,despejado,12,bajo,bicicleta
ENV-008362,9.04,0.94,21.5,16.3,8.0,2.8,0,0,5721.65,normal,residencial,lluvia,14,alto,moto
ENV-008363,7.02,1.18,20.0,19.8,17.4,6.89,0,0,292.64,normal,residencial,despejado,13,bajo,dron
ENV-008364,1.02,4.48,37.7,26.9,14.1,14.3,0,0,50,normal,centro,viento_fuerte,6,bajo,bicicleta
ENV-008365,2.57,1.75,25.5,22.6,19.7,11.35,0,0,2566.47,mismo_dia,centro,despejado,11,bajo,bicicleta
ENV-008366,20.3,2.54,17.6,12.6,19.4,4.3,0,0,4114.26,mismo_dia,periferia,despejado,9,medio,moto
ENV-008367,19.19,4.19,35.0,16.5,20.7,11.95,1,0,3910.12,normal,periferia,despejado,18,alto,moto
ENV-008368,3.61,5.0,52.6,34.5,15.8,28.67,0,0,3711.94,normal,residencial,despejado,16,bajo,bicicleta
ENV-008369,8.24,73.85,81.3,70.6,69.6,399.49,1,0,351.54,normal,residencial,viento_fuerte,15,medio,camioneta
ENV-008370,9.14,1.99,37.1,27.2,13.8,13.93,0,0,259.45,normal,residencial,despejado,8,medio,moto
ENV-008371,10.36,2.63,20.3,21.7,17.7,7.8,0,0,1227.09,normal,residencial,despejado,8,alto,moto
ENV-008372,2.66,2.48,21.1,21.5,20.0,9.07,0,0,619.07,normal,centro,despejado,0,bajo,moto
ENV-008373,14.62,17.32,61.9,33.4,39.4,81.46,0,0,1908.75,express,periferia,despejado,18,medio,moto
ENV-008374,4.6,0.95,30.3,20.3,9.8,6.03,0,0,230.1,normal,centro,despejado,12,bajo,bicicleta
ENV-008375,15.3,2.31,23.6,22.1,16.2,8.45,0,0,1497.8,normal,periferia,lluvia,0,bajo,moto
ENV-008376,2.5,4.33,36.3,23.8,21.1,18.23,1,0,6478.74,express,residencial,lluvia,17,bajo,moto
ENV-008377,20.64,2.17,38.0,21.3,20.7,16.75,0,1,2067.08,normal,periferia,viento_fuerte,6,medio,camioneta
ENV-008378,6.58,1.84,37.9,25.0,12.6,11.94,0,0,1536.8,normal,residencial,despejado,16,medio,bicicleta
ENV-008379,4.82,6.1,51.7,25.8,36.0,48.02,0,0,2225.56,normal,centro,despejado,10,bajo,moto
ENV-008380,6.75,3.0,26.2,14.6,12.0,4.59,1,0,311.56,mismo_dia,residencial,despejado,8,alto,bicicleta
ENV-008381,14.36,2.59,23.3,21.7,14.9,7.53,0,0,1125.35,normal,periferia,despejado,16,bajo,moto
ENV-008382,2.41,1.01,30.9,18.4,11.2,6.37,0,0,224.19,normal,centro,despejado,19,medio,bicicleta
ENV-008383,1.72,2.8,24.6,16.5,14.5,5.89,1,0,1281.7,normal,centro,despejado,19,alto,bicicleta
ENV-008384,10.79,0.89,32.3,18.0,11.7,6.8,1,0,528.17,normal,residencial,despejado,18,medio,camioneta
ENV-008385,8.52,1.41,21.8,12.8,16.2,4.52,0,0,294.66,normal,residencial,viento_fuerte,6,medio,moto
ENV-008386,4.31,14.0,37.6,33.3,28.5,35.68,0,0,609.32,express,residencial,lluvia,10,bajo,moto
ENV-008387,11.81,2.01,24.0,15.1,19.2,6.96,1,0,1753.22,normal,residencial,lluvia,15,medio,moto
ENV-008388,7.79,0.76,25.7,13.7,16.5,5.81,0,0,15596.01,normal,residencial,despejado,9,medio,dron
ENV-008389,17.96,3.82,43.2,23.7,16.0,16.38,0,0,911.3,normal,periferia,lluvia,18,alto,moto
ENV-008390,13.17,5.22,32.0,23.9,12.2,9.33,0,1,1163.75,normal,residencial,lluvia,12,bajo,camioneta
ENV-008391,4.73,4.55,48.5,33.0,20.1,32.17,1,0,384.22,normal,centro,despejado,6,alto,bicicleta
ENV-008392,7.47,4.08,45.7,18.6,20.8,17.68,0,0,593.54,mismo_dia,residencial,despejado,14,alto,moto
ENV-008393,9.13,0.76,18.9,15.4,17.4,5.06,1,0,14524.38,normal,residencial,despejado,21,bajo,moto
ENV-008394,28.45,5.61,41.0,35.7,28.3,41.42,0,0,2400.27,express,rural,despejado,10,bajo,moto
ENV-008395,3.74,0.93,25.8,11.9,16.0,4.91,0,0,333.96,normal,centro,lluvia,12,bajo,moto
ENV-008396,6.65,0.7,14.0,12.6,8.9,1.57,0,0,10806.67,normal,residencial,despejado,17,medio,bicicleta
ENV-008397,4.76,2.81,30.3,16.5,17.6,8.8,0,0,268.55,express,residencial,viento_fuerte,12,bajo,bicicleta
ENV-008398,7.06,9.08,43.3,37.1,25.1,40.32,0,0,91.87,express,residencial,despejado,20,alto,moto
ENV-008399,4.51,0.77,15.5,14.5,9.3,2.09,0,0,908.03,express,residencial,viento_fuerte,17,bajo,bicicleta
ENV-008400,11.27,59.94,60.0,38.4,42.2,97.23,0,0,129.11,normal,periferia,despejado,10,bajo,camioneta
ENV-008401,3.66,64.59,115.1,65.3,53.2,399.85,0,0,3958.67,normal,centro,despejado,17,alto,camioneta
ENV-008402,1.74,1.51,28.4,17.7,13.1,6.59,0,0,789.86,normal,centro,despejado,10,bajo,bicicleta
ENV-008403,2.22,71.85,94.8,50.2,71.2,338.84,1,0,179.99,normal,centro,lluvia,14,alto,camioneta
ENV-008404,27.6,9.99,44.2,37.9,30.4,50.93,1,0,596.02,normal,periferia,despejado,11,medio,moto
ENV-008405,4.37,6.0,53.1,38.3,16.8,34.17,0,0,2848.1,normal,centro,despejado,19,medio,bicicleta
ENV-008406,2.98,1.58,19.0,17.9,12.4,4.22,0,0,2799.44,normal,residencial,despejado,7,bajo,bicicleta
ENV-008407,20.44,54.81,97.6,69.9,43.6,297.45,0,0,1106.23,express,periferia,despejado,8,medio,camioneta
ENV-008408,7.94,1.49,23.6,18.4,14.0,6.08,1,0,1275.73,express,residencial,despejado,22,medio,moto
ENV-008409,25.77,9.96,32.2,34.7,23.9,26.7,0,0,869.38,mismo_dia,periferia,despejado,17,medio,moto
ENV-008410,9.88,1.81,30.0,13.7,14.7,6.04,0,0,203.17,mismo_dia,residencial,viento_fuerte,5,medio,moto
ENV-008411,3.71,0.95,21.5,19.0,12.0,4.9,1,1,778.68,express,centro,despejado,20,alto,camioneta
ENV-008412,6.67,2.39,24.3,20.1,22.5,10.99,0,0,1056.72,mismo_dia,residencial,lluvia,8,alto,moto
ENV-008413,4.51,3.56,28.5,21.7,9.6,5.94,0,0,1278.47,express,residencial,despejado,21,alto,moto
ENV-008414,3.39,2.49,37.0,23.6,20.7,18.08,0,0,2431.9,express,residencial,despejado,13,alto,bicicleta
ENV-008415,3.94,3.06,31.5,21.3,20.1,13.49,0,0,4491.0,normal,centro,despejado,11,medio,bicicleta
ENV-008416,28.27,1.78,35.6,24.9,11.3,10.02,0,0,4474.62,express,periferia,despejado,5,bajo,moto
ENV-008417,3.79,3.45,45.0,30.9,19.3,26.84,0,0,740.3,mismo_dia,centro,despejado,14,alto,bicicleta
ENV-008418,2.19,7.17,38.6,16.4,19.5,12.34,0,0,2065.65,normal,residencial,lluvia,11,bajo,moto
ENV-008419,2.81,0.78,20.9,14.9,6.6,2.06,0,0,702.74,normal,centro,despejado,13,alto,bicicleta
ENV-008420,5.04,0.38,24.0,12.2,8.2,2.4,0,0,676.6,normal,residencial,despejado,9,alto,bicicleta
ENV-008421,24.92,1.01,18.4,19.7,12.5,4.53,0,0,1354.19,express,periferia,despejado,15,bajo,moto
ENV-008422,4.27,0.52,18.5,9.2,8.5,1.45,0,0,282.3,normal,centro,lluvia,8,bajo,moto
ENV-008423,4.13,0.48,17.5,11.6,10.9,2.21,0,0,1933.79,normal,centro,despejado,9,medio,bicicleta
ENV-008424,8.15,2.08,26.5,14.5,20.1,7.72,0,0,226.23,normal,residencial,despejado,12,bajo,dron
ENV-008425,14.0,2.91,38.7,31.2,15.1,18.23,1,0,850.63,express,periferia,despejado,20,alto,moto
ENV-008426,48.76,2.41,33.2,22.3,13.9,10.29,0,0,465.08,mismo_dia,rural,despejado,20,alto,camioneta
ENV-008427,8.14,1.12,25.4,18.4,9.9,4.63,0,0,325.95,normal,residencial,despejado,21,bajo,moto
ENV-008428,9.61,14.88,67.1,43.5,20.8,60.71,0,0,199.89,normal,residencial,lluvia,15,medio,moto
ENV-008429,1.15,0.8,20.1,17.8,14.3,5.12,1,0,456.34,normal,centro,despejado,13,alto,bicicleta
ENV-008430,5.51,2.12,29.7,22.8,12.5,8.46,1,0,464.52,normal,residencial,despejado,9,alto,bicicleta
ENV-008431,19.48,4.73,41.6,24.0,29.9,29.85,0,0,1438.63,express,periferia,viento_fuerte,10,medio,moto
ENV-008432,2.84,2.11,22.4,16.5,11.2,4.14,0,0,546.25,normal,residencial,viento_fuerte,19,alto,bicicleta
ENV-008433,10.62,1.18,22.7,16.8,22.2,8.47,0,0,1506.63,normal,residencial,despejado,16,bajo,dron
ENV-008434,0.91,1.2,22.8,13.0,17.0,5.04,0,0,206.1,normal,centro,despejado,19,alto,bicicleta
ENV-008435,14.18,13.63,46.6,35.2,35.4,58.07,0,0,592.37,normal,periferia,despejado,10,bajo,moto
ENV-008436,14.3,0.35,15.0,9.9,13.8,2.05,0,0,3613.52,normal,periferia,despejado,13,alto,dron
ENV-008437,0.97,0.68,12.0,10.7,8.9,1.14,0,0,2587.64,normal,centro,despejado,13,medio,bicicleta
ENV-008438,20.03,0.45,16.3,11.3,16.2,2.98,0,0,280.35,normal,periferia,lluvia,10,bajo,moto
ENV-008439,5.88,2.47,33.8,17.2,14.9,8.66,1,0,4497.61,normal,residencial,lluvia,8,medio,bicicleta
ENV-008440,5.05,4.27,28.7,21.9,33.3,20.93,1,0,684.65,normal,residencial,despejado,7,alto,bicicleta
ENV-008441,33.98,1.18,32.1,17.0,15.4,8.4,0,0,1322.68,mismo_dia,rural,despejado,12,bajo,moto
ENV-008442,2.12,1.28,24.4,21.6,12.8,6.75,1,1,537.09,mismo_dia,centro,despejado,7,medio,camioneta
ENV-008443,24.96,1.31,24.2,14.1,21.1,7.2,0,0,218.35,normal,periferia,lluvia,8,alto,moto
ENV-008444,11.67,5.96,43.4,28.0,35.4,43.02,0,0,98.12,normal,residencial,viento_fuerte,18,medio,moto
ENV-008445,10.25,27.56,71.0,61.9,45.2,198.65,0,0,1096.53,express,periferia,despejado,18,alto,camioneta
ENV-008446,5.83,0.39,17.6,10.5,15.8,2.92,0,0,287.83,mismo_dia,centro,lluvia,13,alto,moto
ENV-008447,42.71,54.67,103.2,55.2,43.8,249.51,0,0,5312.36,normal,rural,despejado,8,alto,camioneta
ENV-008448,2.12,2.83,21.3,17.7,11.5,4.34,0,0,3855.69,express,centro,lluvia,11,medio,moto
ENV-008449,11.49,3.03,34.4,29.4,22.3,22.55,0,0,161.44,express,periferia,despejado,12,bajo,moto
ENV-008450,3.76,0.84,20.8,12.7,7.1,1.88,0,0,2546.38,express,residencial,lluvia,15,medio,moto
ENV-008451,13.69,0.38,11.7,10.0,12.9,1.51,0,0,704.62,normal,residencial,despejado,9,medio,dron
ENV-008452,1.21,31.46,70.1,69.4,45.6,221.84,0,0,1180.22,express,centro,despejado,12,medio,camioneta
ENV-008453,5.74,0.66,23.6,15.8,8.8,3.28,0,0,5608.72,express,residencial,lluvia,13,alto,camioneta
ENV-008454,6.15,1.47,31.2,20.7,8.8,5.68,0,0,3226.83,normal,residencial,despejado,15,medio,bicicleta
ENV-008455,9.01,3.29,44.9,25.8,15.5,17.96,0,0,1570.91,normal,periferia,despejado,12,bajo,moto
ENV-008456,18.22,2.17,28.8,14.7,11.7,4.95,0,0,247.68,normal,periferia,despejado,13,medio,moto
ENV-008457,27.39,8.32,33.9,17.5,24.1,14.3,0,0,470.71,normal,rural,despejado,9,alto,moto
ENV-008458,13.54,2.05,36.4,24.5,16.1,14.36,0,0,980.42,normal,periferia,despejado,11,bajo,moto
ENV-008459,24.11,0.61,16.1,9.4,6.2,0.94,0,0,14460.98,normal,rural,despejado,11,alto,moto
ENV-008460,8.92,1.96,21.9,19.8,10.8,4.68,0,0,744.24,mismo_dia,residencial,despejado,20,alto,dron
ENV-008461,2.88,0.56,24.3,10.4,11.6,2.93,1,0,88.68,express,centro,despejado,19,medio,bicicleta
ENV-008462,2.13,6.16,47.8,29.7,26.0,36.91,0,0,716.36,normal,centro,lluvia,16,bajo,moto
ENV-008463,3.55,1.23,20.5,14.7,8.5,2.56,0,0,2556.06,mismo_dia,centro,despejado,12,bajo,moto
ENV-008464,8.36,2.19,32.0,13.8,13.8,6.09,0,0,2098.85,express,residencial,despejado,18,alto,dron
ENV-008465,2.31,1.2,17.1,18.1,12.7,3.93,0,0,2766.26,express,centro,lluvia,18,alto,moto
ENV-008466,8.0,71.64,76.3,65.4,70.4,351.3,0,0,371.99,normal,residencial,despejado,14,medio,camioneta
ENV-008467,46.05,3.08,36.2,17.6,15.0,9.56,0,0,206.56,normal,rural,lluvia,1,bajo,camioneta
ENV-008468,10.05,5.6,51.0,23.6,20.4,24.55,0,1,3312.78,normal,periferia,despejado,9,bajo,camioneta
ENV-008469,6.41,2.89,30.6,23.7,22.5,16.32,0,0,719.47,normal,residencial,lluvia,15,alto,moto
ENV-008470,6.74,0.89,18.6,13.8,23.7,6.08,1,0,214.22,express,residencial,despejado,5,alto,bicicleta
ENV-008471,10.22,1.93,27.6,21.1,19.8,11.53,0,0,230.11,normal,residencial,viento_fuerte,7,alto,moto
ENV-008472,2.32,1.47,27.7,16.8,13.1,6.1,0,0,6638.44,normal,centro,despejado,12,medio,bicicleta
ENV-008473,2.4,0.68,15.0,10.0,15.3,2.29,0,0,7849.96,normal,centro,viento_fuerte,9,alto,bicicleta
ENV-008474,24.65,3.82,30.2,24.3,28.7,21.06,1,0,2950.49,normal,periferia,despejado,18,alto,moto
ENV-008475,10.85,1.03,25.0,16.0,14.5,5.8,0,0,18291.0,normal,periferia,despejado,10,medio,dron
ENV-008476,12.13,2.16,20.4,11.6,15.7,3.72,1,1,700.49,express,residencial,despejado,20,bajo,camioneta
ENV-008477,24.99,2.75,25.5,17.9,10.7,4.88,1,0,104.62,mismo_dia,periferia,despejado,7,alto,moto
ENV-008478,10.92,4.1,46.6,26.3,23.9,29.29,0,0,474.45,normal,periferia,despejado,15,alto,moto
ENV-008479,2.61,3.89,38.8,23.3,14.5,13.11,0,0,4585.04,express,centro,despejado,13,alto,bicicleta
ENV-008480,3.22,1.87,22.9,13.1,13.4,4.02,0,0,1019.85,normal,residencial,despejado,13,medio,bicicleta
ENV-008481,3.12,6.43,56.8,33.9,23.5,45.25,0,0,9938.07,normal,residencial,despejado,17,medio,moto
ENV-008482,5.93,1.95,27.1,14.7,14.0,5.58,0,0,163.3,express,residencial,despejado,14,alto,bicicleta
ENV-008483,5.83,0.59,14.2,9.3,7.9,1.04,0,0,994.08,normal,residencial,lluvia,12,bajo,bicicleta
ENV-008484,8.17,6.8,49.5,38.8,22.3,42.83,0,0,465.67,normal,residencial,lluvia,17,bajo,moto
ENV-008485,16.12,0.4,13.6,6.6,7.4,0.66,1,0,1665.06,normal,periferia,lluvia,14,medio,moto
ENV-008486,5.52,14.5,71.4,43.4,30.4,94.2,0,0,2216.07,express,residencial,despejado,7,alto,camioneta
ENV-008487,2.62,68.09,73.3,63.5,50.1,233.19,0,0,1100.82,express,centro,lluvia,6,medio,camioneta
ENV-008488,6.15,7.21,58.5,34.9,24.9,50.84,0,1,296.66,normal,residencial,despejado,10,alto,camioneta
ENV-008489,7.77,2.21,30.1,15.1,11.2,5.09,0,0,3814.11,mismo_dia,periferia,lluvia,6,bajo,moto
ENV-008490,7.36,0.71,17.3,12.7,10.3,2.26,0,0,50,express,periferia,despejado,16,bajo,dron
ENV-008491,5.7,4.81,27.4,21.9,12.3,7.38,0,0,1776.4,express,residencial,viento_fuerte,9,alto,bicicleta
ENV-008492,6.12,1.67,24.6,10.9,11.2,3.0,0,0,3589.44,normal,residencial,lluvia,15,medio,moto
ENV-008493,2.94,1.87,31.2,16.6,24.1,12.48,0,0,2643.45,mismo_dia,centro,despejado,15,bajo,moto
ENV-008494,44.98,17.94,68.2,48.7,37.9,125.88,0,0,1094.75,normal,rural,despejado,12,alto,camioneta
ENV-008495,9.94,2.77,28.2,25.0,29.9,21.08,0,1,702.56,express,residencial,despejado,20,alto,camioneta
ENV-008496,42.78,0.74,18.1,16.7,14.1,4.26,0,0,197.65,normal,rural,despejado,14,alto,camioneta
ENV-008497,1.93,5.1,43.5,21.2,25.0,23.05,1,0,570.03,normal,centro,despejado,18,alto,bicicleta
ENV-008498,2.8,1.86,29.3,14.4,16.3,6.88,0,0,1578.02,express,residencial,despejado,12,bajo,bicicleta
ENV-008499,5.37,42.23,70.3,43.0,37.8,114.27,0,0,918.51,express,residencial,despejado,20,medio,camioneta
ENV-008500,3.81,1.15,22.8,9.9,12.3,2.78,0,0,393.94,mismo_dia,centro,viento_fuerte,12,bajo,moto
ENV-008501,8.59,1.12,19.4,14.3,8.4,2.33,0,0,495.03,normal,residencial,despejado,12,bajo,dron
ENV-008502,43.99,2.13,36.5,26.0,15.6,14.8,0,0,1326.81,normal,rural,despejado,18,medio,camioneta
ENV-008503,12.28,0.28,18.8,12.6,8.3,1.97,1,0,7835.74,normal,residencial,despejado,15,alto,dron
ENV-008504,2.06,1.27,27.2,14.8,19.3,7.77,1,1,1653.75,express,centro,despejado,17,medio,camioneta
ENV-008505,7.78,2.13,18.4,18.4,16.2,5.48,0,0,1818.87,normal,residencial,despejado,10,bajo,dron
ENV-008506,15.76,2.96,38.3,24.7,15.5,14.66,1,0,200.38,normal,periferia,despejado,14,alto,moto
ENV-008507,3.57,1.28,22.1,18.9,13.5,5.64,0,0,2091.73,normal,residencial,despejado,7,alto,bicicleta
ENV-008508,3.67,3.17,27.1,15.6,12.9,5.45,1,0,378.63,normal,centro,despejado,17,bajo,bicicleta
ENV-008509,17.28,0.63,22.5,13.9,9.7,3.03,0,0,226.23,express,periferia,despejado,10,medio,moto
ENV-008510,3.16,3.65,27.3,30.5,21.9,18.24,0,0,158.48,normal,residencial,despejado,14,alto,bicicleta
ENV-008511,2.92,1.72,26.3,27.9,17.9,13.13,0,0,1296.12,normal,centro,despejado,9,medio,bicicleta
ENV-008512,8.25,3.11,30.9,27.2,24.7,20.76,0,0,1262.13,express,residencial,despejado,19,alto,moto
ENV-008513,1.13,1.28,20.9,10.5,14.1,3.09,1,0,935.79,express,centro,despejado,9,alto,bicicleta
ENV-008514,9.78,1.09,18.1,12.4,16.4,3.68,1,1,537.46,express,residencial,despejado,2,medio,camioneta
ENV-008515,44.29,4.18,29.0,18.1,29.7,15.59,1,0,591.79,normal,rural,despejado,17,medio,camioneta
ENV-008516,3.1,0.64,15.6,9.2,13.8,1.98,0,0,346.81,normal,centro,despejado,15,alto,bicicleta
ENV-008517,10.6,2.44,25.8,17.6,12.2,5.54,0,0,230.87,express,periferia,despejado,15,alto,dron
ENV-008518,2.33,0.19,13.3,8.3,5.4,0.6,0,0,2107.41,mismo_dia,centro,despejado,10,bajo,bicicleta
ENV-008519,1.75,4.85,23.4,24.7,19.0,10.98,1,0,2533.16,mismo_dia,centro,despejado,13,alto,bicicleta
ENV-008520,3.47,0.92,24.7,17.7,12.9,5.64,0,0,330.28,normal,centro,lluvia,17,bajo,moto
ENV-008521,4.92,5.06,41.0,24.8,19.0,19.32,0,0,1889.47,mismo_dia,centro,despejado,15,medio,moto
ENV-008522,16.04,2.14,25.0,23.6,14.6,8.61,0,0,2281.52,normal,periferia,lluvia,13,alto,moto
ENV-008523,28.12,63.17,81.5,65.9,60.8,326.55,0,0,1068.32,normal,periferia,lluvia,12,bajo,camioneta
ENV-008524,7.5,10.39,36.4,23.8,28.6,24.78,0,0,580.57,normal,residencial,lluvia,11,medio,moto
ENV-008525,0.92,9.74,41.0,38.3,33.8,53.08,0,0,292.57,express,centro,despejado,6,medio,moto
ENV-008526,1.05,0.86,18.5,13.8,14.3,3.65,0,0,894.21,normal,centro,despejado,16,medio,bicicleta
ENV-008527,9.53,1.81,25.3,16.3,23.6,9.73,0,0,272.72,express,residencial,despejado,8,bajo,dron
ENV-008528,3.51,0.39,16.1,9.9,4.8,0.77,0,0,102.21,normal,centro,despejado,21,medio,moto
ENV-008529,3.19,1.36,19.6,20.7,17.4,7.06,0,0,78.54,express,centro,despejado,10,medio,bicicleta
ENV-008530,43.04,2.39,23.0,17.9,12.8,5.27,0,0,1161.46,normal,rural,despejado,10,medio,camioneta
ENV-008531,7.2,1.63,34.6,22.2,14.2,10.91,1,0,168.85,normal,residencial,despejado,11,medio,dron
ENV-008532,10.06,0.82,21.2,15.7,9.7,3.23,0,0,354.26,normal,residencial,despejado,12,alto,dron
ENV-008533,25.36,3.18,29.2,18.5,10.3,5.56,0,0,871.48,express,periferia,lluvia,14,medio,moto
ENV-008534,7.57,0.66,19.1,13.9,12.1,3.21,0,0,705.34,express,residencial,viento_fuerte,7,alto,moto
ENV-008535,4.08,2.6,39.6,18.1,22.5,16.13,0,0,379.38,mismo_dia,residencial,despejado,9,medio,moto
ENV-008536,9.49,1.02,20.8,20.4,11.7,4.96,0,0,1928.08,normal,residencial,despejado,12,bajo,dron
ENV-008537,2.27,10.32,49.6,32.9,16.7,27.25,1,0,2902.27,express,centro,despejado,8,alto,moto
ENV-008538,10.62,1.99,23.5,18.6,10.8,4.72,0,0,84.13,mismo_dia,residencial,despejado,18,alto,dron
ENV-008539,15.04,1.99,26.7,14.7,12.1,4.75,0,0,624.48,mismo_dia,periferia,despejado,16,bajo,moto
ENV-008540,12.91,32.07,68.2,67.6,49.8,229.59,1,0,7973.86,normal,residencial,despejado,14,bajo,camioneta
ENV-008541,2.23,17.57,53.0,29.4,21.4,33.35,0,0,866.64,normal,centro,lluvia,13,bajo,moto
ENV-008542,3.45,1.17,19.8,10.9,13.0,2.81,0,0,2951.69,express,residencial,despejado,7,medio,bicicleta
ENV-008543,5.16,1.19,19.4,13.2,7.7,1.97,0,0,185.07,normal,residencial,despejado,8,alto,bicicleta
ENV-008544,17.56,1.68,23.1,10.7,11.0,2.72,0,0,381.1,normal,periferia,despejado,9,alto,moto
ENV-008545,2.5,4.08,43.1,22.1,14.9,14.19,0,0,566.62,mismo_dia,centro,despejado,8,medio,bicicleta
ENV-008546,15.91,2.27,27.8,25.0,20.9,14.53,1,0,986.18,mismo_dia,periferia,despejado,3,bajo,moto
ENV-008547,1.13,76.77,105.3,72.8,52.2,400.16,0,1,3435.56,express,centro,despejado,7,bajo,camioneta
ENV-008548,4.56,4.53,55.0,30.1,17.5,28.97,0,0,1313.26,normal,residencial,despejado,9,alto,bicicleta
ENV-008549,2.63,29.43,91.8,61.3,41.3,232.41,1,0,420.72,normal,centro,lluvia,16,medio,camioneta
ENV-008550,3.98,8.46,48.0,30.5,36.3,53.14,0,0,1915.58,express,centro,lluvia,17,bajo,moto
ENV-008551,2.37,8.98,28.9,21.7,25.9,16.24,0,0,2155.09,express,centro,despejado,17,bajo,moto
ENV-008552,5.29,1.93,21.9,12.5,15.0,4.11,0,0,282.65,normal,residencial,despejado,20,medio,bicicleta
ENV-008553,9.75,11.58,63.0,45.7,25.4,73.13,1,1,159.19,express,periferia,viento_fuerte,10,medio,camioneta
ENV-008554,9.46,73.05,51.4,43.7,52.7,118.37,0,0,254.72,express,residencial,despejado,10,bajo,camioneta
ENV-008555,10.1,32.67,58.2,57.0,49.2,163.22,0,0,657.68,mismo_dia,residencial,lluvia,9,alto,camioneta
ENV-008556,10.28,1.67,39.7,19.0,14.5,10.94,0,0,5897.61,normal,periferia,lluvia,11,bajo,moto
ENV-008557,28.54,1.09,24.6,20.7,14.8,7.54,0,0,4625.55,express,rural,lluvia,22,bajo,moto
ENV-008558,5.77,2.37,26.0,25.8,16.3,10.93,0,0,1340.02,normal,residencial,lluvia,9,alto,moto
ENV-008559,2.78,4.33,23.8,15.0,24.7,8.82,0,0,234.71,mismo_dia,centro,despejado,15,alto,bicicleta
ENV-008560,5.61,6.59,35.3,28.5,19.6,19.72,0,0,267.81,normal,residencial,lluvia,9,alto,bicicleta
ENV-008561,3.24,19.31,53.0,42.4,35.2,79.1,0,0,189.5,normal,residencial,despejado,14,alto,moto
ENV-008562,9.6,2.13,21.6,16.7,17.9,6.46,0,0,306.85,express,periferia,lluvia,8,alto,moto
ENV-008563,37.73,2.16,27.8,15.2,13.5,5.7,0,0,6825.43,normal,rural,lluvia,5,medio,moto
ENV-008564,1.55,2.13,37.3,22.0,17.7,14.52,1,0,3741.01,normal,centro,lluvia,20,alto,bicicleta
ENV-008565,3.77,2.34,31.2,18.4,22.5,12.92,1,0,1859.12,normal,centro,lluvia,9,alto,bicicleta
ENV-008566,4.46,38.47,72.1,56.4,55.6,226.09,0,0,481.82,normal,residencial,despejado,2,bajo,camioneta
ENV-008567,6.01,0.87,23.0,22.7,13.4,7.0,1,0,462.89,normal,residencial,despejado,19,alto,dron
ENV-008568,3.24,0.65,21.9,13.9,8.5,2.59,0,0,5791.63,express,centro,despejado,12,bajo,bicicleta
ENV-008569,12.11,3.5,35.5,19.7,26.1,18.25,0,0,602.66,express,residencial,lluvia,9,medio,moto
ENV-008570,1.1,3.99,51.1,27.3,21.1,29.44,0,0,831.49,mismo_dia,centro,lluvia,8,alto,moto
ENV-008571,6.71,0.33,11.8,12.1,9.6,1.37,0,0,1642.09,normal,residencial,despejado,16,medio,bicicleta
ENV-008572,1.53,5.76,53.4,31.2,25.3,42.15,0,0,482.3,normal,centro,despejado,0,bajo,moto
ENV-008573,6.3,7.96,40.2,22.7,17.9,16.33,0,0,1619.65,normal,residencial,despejado,14,alto,bicicleta
ENV-008574,6.18,0.27,20.6,10.9,6.8,1.53,0,0,3810.39,normal,residencial,despejado,9,medio,bicicleta
ENV-008575,27.63,2.47,44.5,29.3,11.7,15.26,0,0,686.36,mismo_dia,periferia,lluvia,18,alto,moto
ENV-008576,2.51,2.65,31.1,20.9,17.8,11.57,0,0,504.56,normal,centro,viento_fuerte,20,medio,bicicleta
ENV-008577,32.01,2.04,27.4,18.3,13.1,6.57,0,0,6178.53,express,rural,despejado,23,medio,moto
ENV-008578,7.45,0.59,21.6,12.1,7.2,1.88,0,0,393.39,normal,residencial,lluvia,10,medio,moto
ENV-008579,5.33,0.78,21.3,15.2,14.0,4.53,0,0,2237.03,normal,residencial,despejado,12,bajo,bicicleta
ENV-008580,9.98,0.54,12.6,14.5,9.8,1.79,1,0,419.28,express,residencial,despejado,17,bajo,dron
ENV-008581,4.6,2.88,35.2,23.2,12.2,9.96,0,0,515.68,normal,residencial,lluvia,17,medio,bicicleta
ENV-008582,2.85,3.57,36.7,22.6,19.9,16.51,0,0,6072.03,express,centro,lluvia,7,medio,moto
ENV-008583,11.71,0.59,17.5,9.3,11.1,1.81,0,0,222.79,normal,residencial,viento_fuerte,20,alto,moto
ENV-008584,31.44,4.53,35.5,25.6,14.0,12.72,0,0,1712.42,normal,rural,despejado,7,alto,moto
ENV-008585,3.53,3.11,39.6,26.6,20.4,21.49,0,0,615.51,express,centro,lluvia,16,bajo,moto
ENV-008586,6.78,5.73,34.2,34.6,31.9,37.75,0,0,1339.63,express,residencial,despejado,12,medio,bicicleta
ENV-008587,9.22,0.58,13.5,16.0,10.9,2.35,1,0,2267.94,normal,residencial,lluvia,14,medio,moto
ENV-008588,4.7,2.08,26.0,14.2,12.0,4.43,0,0,464.33,normal,residencial,despejado,10,bajo,bicicleta
ENV-008589,2.72,11.49,67.0,40.7,33.0,89.99,1,0,386.5,mismo_dia,centro,lluvia,11,bajo,moto
ENV-008590,1.19,5.81,58.9,27.4,24.3,39.22,1,0,133.89,express,centro,lluvia,19,alto,bicicleta
ENV-008591,3.03,2.09,24.2,14.7,18.3,6.51,0,1,499.46,normal,centro,viento_fuerte,16,medio,camioneta
ENV-008592,11.64,3.65,34.0,20.7,18.6,13.09,0,0,262.83,normal,residencial,despejado,16,medio,moto
ENV-008593,6.66,11.25,52.4,39.8,18.0,37.54,1,1,1140.14,normal,residencial,despejado,10,bajo,camioneta
ENV-008594,36.1,4.22,35.4,16.8,20.8,12.37,0,0,1786.79,normal,rural,despejado,7,alto,moto
ENV-008595,2.68,1.43,31.7,17.2,12.4,6.76,1,0,2091.14,normal,centro,despejado,19,medio,bicicleta
ENV-008596,8.66,1.65,20.1,18.8,18.3,6.92,0,0,2328.64,normal,residencial,viento_fuerte,15,alto,moto
ENV-008597,1.91,3.23,47.3,21.3,22.6,22.77,0,0,304.99,normal,centro,despejado,17,bajo,bicicleta
ENV-008598,10.13,0.63,23.7,11.2,10.2,2.71,0,0,2882.34,normal,periferia,lluvia,16,medio,camioneta
ENV-008599,20.63,0.78,25.0,18.5,11.5,5.32,0,0,1293.39,express,periferia,despejado,6,bajo,moto
ENV-008600,40.35,0.51,15.0,12.5,14.4,2.7,0,0,294.11,normal,rural,despejado,17,alto,camioneta
ENV-008601,3.57,5.35,36.9,33.2,23.2,28.42,0,0,1125.16,mismo_dia,centro,despejado,7,alto,bicicleta
ENV-008602,22.1,3.0,33.1,23.7,25.1,19.69,0,0,3135.19,express,periferia,despejado,20,alto,moto
ENV-008603,7.81,6.74,47.6,33.8,23.2,37.33,0,0,4103.65,normal,residencial,despejado,14,medio,moto
ENV-008604,1.6,3.93,41.7,22.4,18.1,16.91,0,0,66.17,normal,centro,despejado,16,alto,bicicleta
ENV-008605,44.24,1.33,24.9,12.6,17.1,5.36,0,0,1516.52,normal,rural,lluvia,11,bajo,camioneta
ENV-008606,22.49,3.41,33.7,18.7,27.8,17.52,0,0,939.07,normal,periferia,despejado,7,alto,moto
ENV-008607,5.93,2.77,27.5,18.4,21.7,10.98,0,0,3693.25,normal,residencial,despejado,12,bajo,bicicleta
ENV-008608,8.96,1.54,22.3,17.1,7.8,2.97,0,0,1130.06,normal,residencial,viento_fuerte,18,medio,moto
ENV-008609,6.76,2.52,30.7,14.4,14.5,6.41,0,0,341.42,express,residencial,despejado,16,alto,bicicleta
ENV-008610,5.48,31.92,58.7,54.4,29.8,95.16,0,0,337.09,normal,centro,despejado,10,medio,camioneta
ENV-008611,19.26,0.54,12.6,11.5,11.6,1.68,0,0,420.36,normal,periferia,despejado,12,alto,moto
ENV-008612,11.3,11.45,45.6,38.7,29.9,52.77,0,0,50,express,periferia,despejado,21,medio,moto
ENV-008613,1.83,1.01,18.9,15.0,23.5,6.66,1,0,4685.99,normal,centro,despejado,14,alto,bicicleta
ENV-008614,45.47,6.31,54.8,28.8,31.0,48.93,0,0,1133.2,mismo_dia,rural,viento_fuerte,14,alto,camioneta
ENV-008615,9.42,23.83,74.3,66.3,38.3,188.67,0,0,1877.88,normal,periferia,viento_fuerte,9,alto,camioneta
ENV-008616,5.54,4.91,51.5,32.8,17.3,29.22,0,0,1993.85,mismo_dia,centro,despejado,17,bajo,moto
ENV-008617,6.24,27.28,79.6,45.4,57.9,209.24,1,0,297.99,normal,residencial,despejado,11,medio,camioneta
ENV-008618,6.36,1.36,19.4,16.3,21.4,6.77,0,0,3498.47,normal,residencial,despejado,20,alto,bicicleta
ENV-008619,4.03,5.53,52.4,24.5,21.4,27.47,0,0,548.01,express,residencial,despejado,13,alto,bicicleta
ENV-008620,8.36,6.13,35.9,36.6,28.6,37.58,0,0,2015.22,normal,residencial,lluvia,11,medio,moto
ENV-008621,40.42,9.29,34.5,27.7,37.8,36.12,0,0,1503.29,normal,rural,despejado,17,alto,camioneta
ENV-008622,13.4,1.04,29.4,20.7,8.9,5.42,0,0,1882.06,normal,periferia,lluvia,13,alto,moto
ENV-008623,3.24,7.68,36.5,27.6,26.8,27.0,1,0,1205.22,mismo_dia,centro,despejado,11,alto,bicicleta
ENV-008624,10.61,4.75,27.5,23.3,14.4,9.23,1,0,307.11,mismo_dia,residencial,despejado,18,alto,moto
ENV-008625,14.27,2.79,43.2,29.7,14.6,18.73,0,0,1819.31,normal,periferia,despejado,20,alto,moto
ENV-008626,5.33,2.5,26.3,25.5,22.4,15.02,0,0,171.19,normal,residencial,lluvia,10,bajo,moto
ENV-008627,2.9,17.16,45.9,42.5,32.7,63.79,0,0,1436.02,mismo_dia,centro,despejado,14,alto,moto
ENV-008628,4.9,3.41,19.4,21.0,13.3,5.42,0,0,316.1,normal,centro,despejado,7,alto,bicicleta
ENV-008629,7.32,1.74,22.0,14.9,9.2,3.02,0,0,49206.05,normal,residencial,despejado,2,medio,moto
ENV-008630,3.03,3.46,45.0,27.7,16.6,20.69,0,0,201.31,express,residencial,despejado,7,alto,bicicleta
ENV-008631,7.79,0.99,22.7,19.5,11.4,5.05,0,0,524.01,mismo_dia,residencial,lluvia,16,medio,moto
ENV-008632,2.35,5.56,37.8,26.0,13.9,13.66,0,0,824.06,normal,centro,despejado,11,medio,bicicleta
ENV-008633,3.9,2.1,45.0,20.0,18.4,16.56,1,0,818.13,express,centro,despejado,13,alto,bicicleta
ENV-008634,52.4,4.36,23.8,28.1,19.5,13.04,0,0,801.12,mismo_dia,rural,lluvia,0,bajo,camioneta
ENV-008635,13.02,32.61,67.5,51.9,46.6,163.25,0,0,546.45,express,periferia,despejado,6,medio,camioneta
ENV-008636,3.07,1.6,40.3,21.7,13.2,11.54,0,0,359.11,normal,residencial,despejado,16,bajo,bicicleta
ENV-008637,1.36,0.21,19.1,13.2,5.4,1.36,0,0,101.49,mismo_dia,centro,despejado,11,bajo,bicicleta
ENV-008638,4.96,1.81,38.1,22.2,14.2,12.01,1,0,1451.85,normal,centro,despejado,15,medio,bicicleta
ENV-008639,3.87,6.18,24.4,24.0,16.0,9.37,0,0,1636.69,mismo_dia,residencial,despejado,18,medio,bicicleta
ENV-008640,15.14,2.46,24.1,16.2,26.7,10.42,0,1,162.31,normal,periferia,despejado,12,medio,camioneta
ENV-008641,4.69,5.44,21.2,16.6,24.5,8.62,0,0,393.9,express,residencial,despejado,15,alto,bicicleta
ENV-008642,10.39,2.0,23.0,14.7,23.8,8.05,0,0,186.75,normal,periferia,despejado,14,bajo,dron
ENV-008643,27.15,2.86,35.1,21.9,13.4,10.3,1,0,405.89,mismo_dia,rural,despejado,8,medio,moto
ENV-008644,1.37,1.61,19.9,17.2,11.6,3.97,0,0,1401.85,normal,centro,viento_fuerte,7,medio,bicicleta
ENV-008645,10.68,1.01,18.3,10.5,10.6,2.04,0,0,2447.16,normal,residencial,lluvia,17,medio,moto
ENV-008646,5.66,3.21,29.0,22.4,10.2,6.63,0,0,830.02,normal,residencial,lluvia,11,alto,moto
ENV-008647,2.89,16.93,55.8,48.2,48.1,129.37,1,0,1516.55,express,residencial,despejado,11,medio,camioneta
ENV-008648,4.82,11.77,53.4,45.5,37.8,91.84,0,0,800.0,express,centro,despejado,8,bajo,camioneta
ENV-008649,6.66,0.36,19.1,11.8,5.7,1.28,0,0,162.0,normal,residencial,despejado,15,bajo,bicicleta
ENV-008650,10.44,0.89,24.2,18.5,14.9,6.67,0,0,350.69,normal,residencial,despejado,21,alto,moto
ENV-008651,1.86,0.21,10.7,10.0,9.3,1.0,0,0,336.42,normal,residencial,despejado,16,alto,bicicleta
ENV-008652,8.8,3.86,41.3,24.4,28.2,28.42,0,0,2527.07,normal,residencial,lluvia,22,medio,moto
ENV-008653,8.72,3.34,23.2,21.0,12.7,6.19,0,0,801.69,normal,residencial,despejado,10,medio,moto
ENV-008654,2.48,2.93,25.7,14.6,23.9,8.97,0,0,1746.06,normal,centro,viento_fuerte,15,alto,bicicleta
ENV-008655,46.13,50.72,80.9,65.4,56.3,297.88,0,0,921.97,normal,rural,despejado,20,medio,camioneta
ENV-008656,2.05,9.23,60.1,40.8,20.9,51.25,0,0,468.15,normal,centro,lluvia,21,alto,moto
ENV-008657,10.64,5.67,56.1,32.2,19.2,34.68,0,0,290.99,express,residencial,despejado,10,bajo,moto
ENV-008658,13.96,2.91,47.2,29.5,14.3,19.91,0,0,1068.59,express,periferia,despejado,22,medio,moto
ENV-008659,13.3,35.03,104.4,46.0,48.0,230.52,0,1,625.32,normal,periferia,despejado,13,alto,camioneta
ENV-008660,2.91,1.65,24.3,27.8,19.1,12.9,0,0,1607.32,normal,centro,despejado,13,alto,bicicleta
ENV-008661,1.6,1.46,27.7,15.1,18.3,7.65,0,0,536.28,express,centro,despejado,11,medio,bicicleta
ENV-008662,2.63,0.89,17.6,20.4,14.9,5.35,1,0,242.13,express,residencial,despejado,17,medio,bicicleta
ENV-008663,13.5,0.91,23.3,10.1,11.1,2.61,0,0,436.76,normal,residencial,lluvia,17,bajo,moto
ENV-008664,34.26,0.3,11.1,7.7,12.4,1.06,0,0,431.62,express,rural,lluvia,19,alto,moto
ENV-008665,3.65,1.22,27.6,17.9,12.0,5.93,1,0,177.85,express,centro,despejado,19,alto,bicicleta
ENV-008666,2.64,2.65,21.1,14.3,24.8,7.48,0,0,123.84,express,centro,despejado,21,bajo,moto
ENV-008667,3.87,0.89,21.7,10.6,9.3,2.14,0,0,5513.41,normal,centro,despejado,11,alto,bicicleta
ENV-008668,5.19,2.59,42.1,23.4,16.5,16.25,0,0,50,express,centro,lluvia,9,medio,moto
ENV-008669,3.53,1.28,24.7,14.5,20.8,7.45,0,0,5064.24,normal,centro,despejado,16,bajo,bicicleta
ENV-008670,1.77,0.1,12.7,6.5,7.1,0.59,0,1,1229.79,normal,centro,lluvia,2,medio,camioneta
ENV-008671,26.82,0.33,16.4,7.5,6.9,0.85,1,0,146.93,normal,periferia,despejado,17,alto,moto
ENV-008672,8.5,1.48,21.2,21.0,13.9,6.19,0,0,2360.42,express,residencial,viento_fuerte,15,alto,moto
ENV-008673,11.74,2.63,25.1,14.3,20.0,7.18,0,0,631.83,normal,residencial,despejado,8,medio,moto
ENV-008674,12.84,3.4,36.2,17.1,17.5,10.83,0,0,249.98,normal,residencial,despejado,18,medio,moto
ENV-008675,6.01,0.91,18.0,16.3,17.4,5.11,1,0,865.04,normal,residencial,despejado,19,alto,bicicleta
ENV-008676,3.79,1.1,19.8,13.6,22.5,6.06,0,0,657.11,mismo_dia,residencial,despejado,19,alto,bicicleta
ENV-008677,12.79,0.95,31.8,19.4,9.4,5.8,0,0,1230.34,normal,periferia,despejado,5,medio,moto
ENV-008678,7.72,1.06,21.0,16.6,15.0,5.23,0,0,2180.11,normal,residencial,despejado,10,medio,dron
ENV-008679,11.07,0.66,19.8,12.7,19.4,4.88,1,0,715.87,express,residencial,lluvia,7,alto,moto
ENV-008680,0.94,8.56,54.9,27.5,30.9,46.65,0,0,2457.52,mismo_dia,centro,lluvia,11,bajo,moto
ENV-008681,3.0,6.46,46.4,31.3,33.6,48.8,0,0,1019.97,mismo_dia,centro,viento_fuerte,16,bajo,moto
ENV-008682,1.23,1.01,24.6,19.4,15.8,7.54,0,0,1712.55,mismo_dia,centro,despejado,11,bajo,bicicleta
ENV-008683,1.91,20.97,88.8,51.9,33.0,152.09,0,0,1851.08,normal,residencial,despejado,12,bajo,camioneta
ENV-008684,21.62,1.2,21.8,21.2,12.2,5.64,0,1,4851.9,normal,periferia,despejado,16,bajo,camioneta
ENV-008685,4.27,1.72,30.4,16.3,11.5,5.7,0,0,16079.31,normal,residencial,lluvia,11,bajo,moto
ENV-008686,13.45,0.83,27.4,18.0,11.6,5.72,0,0,1866.41,express,residencial,lluvia,16,medio,moto
ENV-008687,4.36,1.25,28.4,22.5,13.5,8.63,0,0,3591.96,normal,residencial,despejado,20,medio,bicicleta
ENV-008688,5.19,1.7,33.8,22.1,9.8,7.32,0,0,322.83,express,residencial,lluvia,17,bajo,moto
ENV-008689,2.38,3.76,43.2,28.4,12.8,15.7,0,0,3017.77,normal,centro,despejado,7,alto,bicicleta
ENV-008690,4.2,5.93,43.1,25.0,21.8,23.49,0,0,602.61,express,centro,lluvia,15,alto,moto
ENV-008691,5.75,2.78,33.0,19.4,15.6,9.99,0,0,262.12,normal,residencial,lluvia,21,medio,moto
ENV-008692,2.74,2.41,33.2,19.8,22.7,14.92,0,0,188.76,mismo_dia,residencial,despejado,17,alto,bicicleta
ENV-008693,23.34,55.61,97.2,79.1,37.5,288.32,0,0,1322.58,normal,periferia,despejado,5,alto,camioneta
ENV-008694,18.28,1.61,21.8,24.4,17.9,9.52,0,0,1983.93,express,periferia,despejado,12,bajo,moto
ENV-008695,7.76,0.98,17.8,15.8,16.4,4.61,1,0,471.99,normal,residencial,lluvia,13,alto,moto
ENV-008696,5.08,0.84,16.2,13.0,12.2,2.57,0,0,411.6,express,residencial,viento_fuerte,16,bajo,bicicleta
ENV-008697,13.55,0.57,13.4,7.6,9.0,0.92,0,0,4085.39,normal,periferia,despejado,11,alto,dron
ENV-008698,16.01,1.94,34.1,19.4,10.7,7.08,1,0,396.62,normal,periferia,despejado,11,bajo,moto
ENV-008699,3.16,1.15,34.1,20.4,10.7,7.44,1,0,2728.68,normal,centro,despejado,8,alto,bicicleta
ENV-008700,2.11,3.45,30.3,34.4,26.1,27.2,0,0,2111.33,normal,residencial,despejado,8,alto,bicicleta
ENV-008701,11.48,1.45,38.2,21.8,12.1,10.08,0,0,1605.75,express,residencial,despejado,7,alto,dron
ENV-008702,1.8,5.0,42.2,26.9,31.1,35.3,0,0,393.56,express,centro,despejado,4,bajo,moto
ENV-008703,7.83,1.27,18.9,15.2,20.1,5.77,0,0,265.53,normal,residencial,lluvia,11,bajo,moto
ENV-008704,2.57,12.08,61.7,30.3,23.6,44.12,0,0,390.65,normal,centro,despejado,11,medio,moto
ENV-008705,13.1,1.3,34.8,21.2,13.9,10.25,0,0,1979.74,normal,periferia,despejado,19,alto,dron
ENV-008706,2.28,1.22,22.9,13.1,11.6,3.48,0,0,293.95,normal,centro,despejado,17,bajo,bicicleta
ENV-008707,7.82,0.48,12.9,14.7,10.0,1.9,0,0,515.29,normal,residencial,despejado,8,medio,dron
ENV-008708,13.46,1.97,18.2,10.9,15.1,3.0,0,0,154.81,normal,periferia,despejado,8,bajo,dron
ENV-008709,6.52,3.12,22.8,18.7,16.7,7.12,0,0,620.13,normal,residencial,despejado,21,bajo,bicicleta
ENV-008710,10.06,53.17,87.1,67.5,57.0,335.12,0,0,1054.52,normal,residencial,despejado,19,medio,camioneta
ENV-008711,8.31,1.2,28.7,18.4,9.6,5.07,0,1,264.77,normal,residencial,despejado,18,medio,camioneta
ENV-008712,3.68,3.53,36.2,21.2,21.9,16.81,0,0,198.65,normal,centro,despejado,11,bajo,bicicleta
ENV-008713,9.41,3.42,45.1,27.2,12.9,15.82,0,0,4894.22,normal,residencial,despejado,18,medio,moto
ENV-008714,1.13,2.93,17.5,16.1,19.0,5.35,0,0,556.01,express,centro,despejado,13,medio,bicicleta
ENV-008715,6.09,1.63,19.6,18.2,15.1,5.39,0,0,107.64,express,residencial,despejado,8,bajo,bicicleta
ENV-008716,11.04,2.89,38.1,23.5,11.9,10.65,0,0,1274.1,mismo_dia,residencial,despejado,16,bajo,moto
ENV-008717,14.44,0.96,18.8,13.7,10.7,2.76,1,0,5870.63,express,periferia,despejado,11,medio,dron
ENV-008718,12.93,1.38,15.3,14.8,11.6,2.63,0,0,506.24,express,residencial,despejado,7,alto,dron
ENV-008719,6.32,0.74,19.8,8.8,10.4,1.81,0,0,642.12,normal,residencial,despejado,10,bajo,bicicleta
ENV-008720,40.46,0.94,21.6,12.4,12.5,3.35,1,0,612.3,express,rural,despejado,20,alto,camioneta
ENV-008721,20.33,9.86,41.7,36.3,31.8,48.14,0,0,245.84,normal,periferia,despejado,18,medio,moto
ENV-008722,5.1,5.67,32.7,31.4,30.1,30.91,0,0,1681.49,mismo_dia,residencial,viento_fuerte,9,bajo,moto
ENV-008723,22.76,3.28,30.6,16.0,14.3,7.0,0,0,545.1,normal,rural,lluvia,18,medio,moto
ENV-008724,7.22,3.96,32.8,22.2,18.0,13.11,1,0,1874.7,normal,residencial,despejado,21,bajo,moto
ENV-008725,5.54,2.45,27.4,21.2,12.1,7.03,0,0,261.54,normal,centro,despejado,15,alto,bicicleta
ENV-008726,11.41,1.18,33.7,16.2,15.8,8.63,0,0,2130.45,normal,residencial,viento_fuerte,20,alto,moto
ENV-008727,7.51,8.91,48.1,40.7,28.3,55.4,0,0,50,express,residencial,lluvia,18,bajo,moto
ENV-008728,5.2,5.92,51.1,36.9,17.3,32.62,0,0,65.02,normal,residencial,despejado,7,alto,bicicleta
ENV-008729,9.08,3.43,30.3,22.0,33.4,22.26,0,0,189.93,normal,residencial,lluvia,6,bajo,moto
ENV-008730,52.17,1.31,18.7,15.9,8.0,2.38,0,0,242.99,normal,rural,despejado,7,alto,camioneta
ENV-008731,8.34,3.89,35.7,17.6,16.9,10.62,0,0,6963.66,express,residencial,lluvia,18,alto,moto
ENV-008732,3.05,2.38,26.0,17.7,30.4,13.99,0,0,1238.6,express,centro,despejado,14,medio,bicicleta
ENV-008733,7.12,64.91,82.6,45.1,70.8,263.75,0,1,4902.23,mismo_dia,residencial,despejado,13,medio,camioneta
ENV-008734,10.5,1.67,33.7,21.4,16.8,12.12,1,1,329.19,normal,residencial,viento_fuerte,20,medio,camioneta
ENV-008735,23.41,4.06,40.0,27.5,25.9,28.49,0,0,1513.55,normal,rural,lluvia,14,alto,moto
ENV-008736,5.88,2.65,21.6,13.1,17.0,4.81,0,0,227.57,mismo_dia,centro,despejado,12,bajo,moto
ENV-008737,4.11,1.27,23.5,18.1,12.1,5.15,0,0,4858.22,mismo_dia,centro,lluvia,9,medio,moto
ENV-008738,6.14,4.56,32.0,23.8,13.1,9.98,0,0,1235.65,express,residencial,despejado,4,medio,moto
ENV-008739,4.23,9.35,47.3,27.0,24.1,30.78,1,0,844.68,normal,centro,despejado,14,alto,moto
ENV-008740,5.55,1.18,22.0,14.0,8.0,2.46,0,0,9528.15,express,centro,despejado,18,medio,bicicleta
ENV-008741,13.79,4.38,23.3,20.6,25.4,12.19,0,0,61.01,normal,periferia,despejado,10,medio,moto
ENV-008742,1.47,1.8,34.7,24.8,12.6,10.84,0,0,5790.34,normal,centro,despejado,13,alto,bicicleta
ENV-008743,2.87,4.52,40.0,21.8,33.1,28.86,0,0,2762.44,normal,centro,lluvia,16,medio,moto
ENV-008744,5.13,2.24,36.0,20.1,14.6,10.56,0,1,240.2,express,centro,despejado,7,alto,camioneta
ENV-008745,5.15,2.01,30.6,19.7,9.2,5.55,0,0,221.95,normal,centro,despejado,21,bajo,bicicleta
ENV-008746,0.74,2.73,29.4,19.5,24.1,13.82,0,1,11306.02,express,centro,viento_fuerte,7,bajo,camioneta
ENV-008747,37.3,3.93,33.8,27.5,20.3,18.87,0,0,338.25,normal,rural,despejado,16,bajo,moto
ENV-008748,23.97,7.17,44.4,29.9,13.8,18.32,0,0,920.23,normal,periferia,despejado,18,bajo,moto
ENV-008749,19.36,0.84,26.1,13.7,10.6,3.79,1,0,760.44,normal,periferia,despejado,8,medio,moto
ENV-008750,15.73,9.51,35.6,34.1,22.4,27.19,0,0,2794.24,express,periferia,lluvia,15,alto,moto
ENV-008751,2.19,0.79,22.0,15.4,9.4,3.18,0,0,700.03,express,centro,despejado,15,alto,bicicleta
ENV-008752,3.67,41.79,64.3,56.1,40.2,145.01,0,0,427.92,normal,centro,despejado,13,alto,camioneta
ENV-008753,6.35,2.86,24.3,25.5,16.7,10.35,0,0,570.25,express,residencial,despejado,1,bajo,moto
ENV-008754,24.03,5.01,27.6,24.2,14.9,9.95,0,0,2120.07,express,periferia,despejado,15,alto,moto
ENV-008755,18.13,1.58,37.8,19.5,14.1,10.39,0,0,1798.64,normal,periferia,despejado,9,alto,moto
ENV-008756,12.17,2.35,30.0,14.8,20.4,9.06,0,0,503.08,express,residencial,despejado,14,bajo,camioneta
ENV-008757,11.44,8.88,37.6,30.3,38.5,43.86,1,0,3481.64,normal,periferia,despejado,9,alto,moto
ENV-008758,2.98,1.72,27.2,21.0,21.6,12.34,0,0,60.21,mismo_dia,centro,despejado,2,bajo,moto
ENV-008759,23.94,0.71,23.1,17.5,9.5,3.84,1,0,259.09,normal,periferia,despejado,13,alto,moto
ENV-008760,3.75,46.19,100.1,50.0,62.8,314.31,0,0,1411.47,normal,residencial,despejado,19,alto,camioneta
ENV-008761,6.66,0.92,17.6,16.5,12.5,3.63,0,0,189.03,express,residencial,despejado,18,bajo,bicicleta
ENV-008762,3.47,0.55,23.2,12.1,13.2,3.71,0,0,850.84,express,centro,despejado,12,medio,bicicleta
ENV-008763,4.04,41.76,71.5,37.8,41.9,113.24,0,0,2577.79,normal,residencial,despejado,13,bajo,camioneta
ENV-008764,4.75,4.88,48.6,24.0,27.6,32.19,0,0,5991.08,normal,residencial,despejado,16,bajo,bicicleta
ENV-008765,13.68,3.56,37.5,19.9,29.7,22.16,0,0,369.33,normal,residencial,despejado,8,alto,moto
ENV-008766,11.76,2.0,37.7,21.4,16.4,13.23,0,0,326.79,normal,residencial,despejado,19,alto,moto
ENV-008767,8.32,5.67,50.7,33.8,17.7,30.33,0,0,1252.07,express,residencial,viento_fuerte,5,medio,moto
ENV-008768,8.33,5.97,48.4,25.3,23.4,28.65,0,0,639.91,express,residencial,lluvia,5,medio,moto
ENV-008769,4.24,2.6,40.8,21.0,22.5,19.28,0,0,1648.77,normal,centro,despejado,9,alto,bicicleta
ENV-008770,10.19,1.17,21.6,16.3,20.5,7.22,1,0,1825.83,express,periferia,despejado,14,alto,dron
ENV-008771,25.56,2.29,36.5,25.0,11.5,10.49,0,0,1264.92,mismo_dia,periferia,viento_fuerte,12,medio,moto
ENV-008772,4.27,6.1,42.0,21.4,28.9,25.98,0,0,135.22,express,centro,despejado,18,medio,bicicleta
ENV-008773,6.93,0.92,17.6,7.9,10.3,1.43,0,0,65.87,express,residencial,despejado,10,alto,bicicleta
ENV-008774,2.31,0.32,17.0,7.7,7.1,0.93,0,0,595.2,express,centro,despejado,8,alto,bicicleta
ENV-008775,30.35,3.35,39.8,19.4,20.7,15.98,0,0,293.66,express,rural,despejado,14,medio,camioneta
ENV-008776,6.4,1.04,30.8,17.7,11.1,6.05,0,0,2036.28,normal,residencial,despejado,9,medio,bicicleta
ENV-008777,9.29,2.77,43.0,20.8,24.1,21.56,1,0,159.06,express,residencial,despejado,7,alto,moto
ENV-008778,9.68,1.86,31.8,19.6,19.7,12.28,1,0,99.6,normal,residencial,despejado,15,medio,moto
ENV-008779,4.32,1.81,24.4,21.6,16.3,8.59,0,0,9384.47,normal,residencial,despejado,10,bajo,bicicleta
ENV-008780,3.34,3.66,23.9,22.3,23.5,12.52,1,0,2868.58,express,centro,despejado,8,bajo,bicicleta
ENV-008781,2.68,2.85,36.9,24.7,24.6,22.42,0,0,350.11,normal,centro,despejado,14,medio,bicicleta
ENV-008782,13.7,1.62,32.0,15.2,13.1,6.37,0,0,2276.31,normal,residencial,despejado,13,alto,dron
ENV-008783,3.24,4.86,51.4,33.1,20.8,35.39,0,0,668.8,express,centro,viento_fuerte,13,medio,bicicleta
ENV-008784,6.08,3.08,41.9,22.9,21.9,21.01,1,0,4146.19,express,residencial,viento_fuerte,11,medio,bicicleta
ENV-008785,6.85,4.31,51.1,30.8,18.1,28.49,0,0,879.26,express,residencial,viento_fuerte,9,medio,bicicleta
ENV-008786,18.82,2.18,33.4,18.7,17.7,11.06,0,0,222.06,normal,rural,lluvia,8,medio,moto
ENV-008787,13.02,2.02,32.4,20.6,23.3,15.55,1,0,4343.31,express,periferia,despejado,14,bajo,moto
ENV-008788,43.3,1.94,25.4,22.0,21.4,11.96,0,0,109.45,mismo_dia,rural,despejado,9,medio,camioneta
ENV-008789,12.82,1.97,20.8,15.3,10.6,3.37,0,0,2460.37,express,periferia,despejado,14,medio,dron
ENV-008790,9.17,3.39,34.7,21.1,36.3,26.58,0,0,696.11,express,residencial,despejado,10,medio,moto
ENV-008791,11.12,6.7,45.7,42.0,24.0,46.07,1,0,94.21,normal,residencial,despejado,10,bajo,moto
ENV-008792,3.11,0.76,17.3,12.7,12.7,2.79,0,0,797.36,express,centro,despejado,16,medio,bicicleta
ENV-008793,6.34,0.2,12.8,7.6,5.0,0.49,1,0,72.73,normal,residencial,despejado,11,bajo,bicicleta
ENV-008794,3.61,0.87,20.9,12.9,22.0,5.93,0,0,879.63,normal,centro,viento_fuerte,11,medio,bicicleta
ENV-008795,4.34,1.51,19.6,14.3,9.9,2.77,1,0,2686.11,mismo_dia,centro,despejado,16,medio,moto
ENV-008796,16.6,8.97,59.6,38.8,17.6,40.7,0,0,882.9,mismo_dia,periferia,despejado,0,bajo,moto
ENV-008797,3.02,0.41,13.3,15.0,11.9,2.37,0,0,264.61,normal,residencial,lluvia,16,bajo,moto
ENV-008798,3.84,1.73,29.4,19.3,21.8,12.37,0,0,630.88,mismo_dia,centro,despejado,17,bajo,bicicleta
ENV-008799,5.17,4.07,32.5,21.7,29.5,20.8,0,0,1422.88,mismo_dia,centro,despejado,0,alto,moto
ENV-008800,14.81,0.33,17.4,11.7,12.2,2.48,0,0,271.07,mismo_dia,periferia,despejado,14,alto,dron
ENV-008801,42.43,1.81,26.8,26.4,19.6,13.87,0,0,612.24,normal,rural,despejado,10,medio,camioneta
ENV-008802,7.63,2.89,24.2,25.2,15.4,9.39,0,0,326.23,mismo_dia,residencial,lluvia,21,medio,moto
ENV-008803,3.11,4.83,32.0,25.1,31.7,25.46,1,0,3155.05,normal,centro,despejado,17,bajo,bicicleta
ENV-008804,2.22,5.59,47.5,29.8,30.7,43.46,0,0,389.14,normal,centro,despejado,15,bajo,moto
ENV-008805,2.4,0.65,13.9,13.4,13.7,2.55,0,0,291.36,normal,centro,lluvia,12,medio,moto
ENV-008806,7.61,1.51,28.1,15.0,12.2,5.14,1,0,1980.41,normal,residencial,despejado,10,bajo,dron
ENV-008807,2.72,4.47,31.1,23.3,38.6,27.97,0,0,2455.45,express,centro,despejado,6,bajo,moto
ENV-008808,8.25,0.88,21.1,15.0,14.8,4.68,0,0,154.31,normal,residencial,despejado,15,alto,dron
ENV-008809,11.12,3.66,34.8,29.6,17.6,18.13,0,0,1841.6,normal,periferia,lluvia,18,alto,moto
ENV-008810,2.3,49.99,67.6,64.0,59.5,257.42,0,0,418.08,normal,centro,lluvia,17,bajo,camioneta
ENV-008811,2.87,5.91,35.3,29.7,28.5,29.88,0,0,1428.14,normal,centro,viento_fuerte,16,bajo,bicicleta
ENV-008812,15.88,0.43,13.0,10.4,9.8,1.32,1,0,683.78,normal,periferia,despejado,16,medio,moto
ENV-008813,19.58,1.07,24.2,10.6,12.1,3.1,1,0,236.23,normal,periferia,despejado,8,bajo,moto
ENV-008814,16.33,2.99,32.6,23.2,21.9,16.56,0,0,1268.12,normal,periferia,despejado,7,alto,moto
ENV-008815,11.28,4.44,47.4,37.9,17.9,32.16,0,0,2207.49,normal,residencial,despejado,15,alto,camioneta
ENV-008816,7.51,0.7,28.6,16.1,8.9,4.1,0,0,181.77,normal,residencial,despejado,17,medio,dron
ENV-008817,2.35,2.09,28.8,21.4,16.6,10.23,0,0,765.25,express,centro,despejado,12,alto,bicicleta
ENV-008818,16.77,2.87,38.0,26.4,11.5,11.54,1,0,322.04,express,periferia,despejado,14,alto,moto
ENV-008819,15.62,17.23,47.9,35.6,17.6,30.01,0,0,227.75,normal,periferia,viento_fuerte,21,bajo,moto
ENV-008820,2.81,0.58,29.3,19.7,7.8,4.5,0,0,449.3,mismo_dia,centro,lluvia,20,alto,moto
ENV-008821,2.16,1.11,25.6,18.2,16.4,7.64,0,0,955.2,normal,centro,despejado,18,alto,bicicleta
ENV-008822,18.14,1.09,14.9,11.1,12.0,1.98,0,0,325.85,normal,rural,despejado,6,medio,moto
ENV-008823,31.36,2.85,25.4,15.1,13.6,5.22,0,0,737.39,normal,rural,despejado,21,alto,moto
ENV-008824,17.56,0.49,17.4,12.0,5.6,1.17,0,0,3270.91,mismo_dia,periferia,despejado,9,bajo,moto
ENV-008825,5.98,3.68,34.7,32.5,19.6,22.1,0,0,332.47,express,residencial,despejado,6,bajo,bicicleta
ENV-008826,5.44,1.42,34.9,17.7,17.0,10.5,0,0,544.06,normal,centro,despejado,16,alto,bicicleta
ENV-008827,35.67,2.43,27.9,26.3,15.0,11.01,0,0,1495.85,normal,rural,despejado,14,alto,moto
ENV-008828,5.27,3.73,28.3,27.2,28.1,21.63,0,0,96.89,normal,residencial,despejado,15,alto,bicicleta
ENV-008829,3.99,1.51,22.0,21.0,18.9,8.73,0,0,197.59,normal,centro,despejado,10,bajo,bicicleta
ENV-008830,42.31,1.37,21.9,11.7,12.6,3.23,0,1,129.0,express,rural,despejado,20,alto,camioneta
ENV-008831,4.66,0.79,18.9,13.1,19.3,4.78,0,0,2506.22,express,residencial,despejado,11,bajo,bicicleta
ENV-008832,16.71,2.68,29.7,23.7,18.9,13.3,1,0,782.52,express,periferia,despejado,18,alto,moto
ENV-008833,2.62,8.33,67.4,47.9,20.2,65.21,0,0,1339.37,normal,centro,despejado,19,alto,moto
ENV-008834,5.44,4.13,31.5,26.0,36.6,29.98,0,0,343.72,express,residencial,lluvia,12,bajo,moto
ENV-008835,12.76,5.74,42.1,32.5,30.9,42.28,1,0,1129.39,normal,residencial,despejado,12,alto,moto
ENV-008836,6.94,3.76,40.7,24.3,28.2,27.89,0,0,19210.56,normal,residencial,despejado,5,bajo,moto
ENV-008837,4.85,3.92,38.4,24.6,22.9,21.63,0,0,651.1,normal,centro,despejado,9,alto,bicicleta
ENV-008838,5.83,0.14,9.4,7.1,4.5,0.3,0,0,233.29,mismo_dia,residencial,despejado,15,alto,dron
ENV-008839,6.4,0.83,16.2,11.5,19.4,3.61,0,0,1992.97,normal,residencial,despejado,13,alto,bicicleta
ENV-008840,1.69,3.17,34.7,23.6,17.7,14.49,0,0,228.42,express,centro,despejado,15,alto,bicicleta
ENV-008841,19.53,0.75,21.3,12.7,8.2,2.22,1,0,674.7,normal,periferia,viento_fuerte,17,medio,moto
ENV-008842,1.55,13.77,61.9,33.7,42.9,89.49,1,0,2223.26,mismo_dia,centro,lluvia,13,alto,moto
ENV-008843,6.5,0.81,25.4,12.2,9.1,2.82,0,0,534.41,normal,residencial,despejado,11,medio,bicicleta
ENV-008844,4.94,40.16,55.7,64.5,46.3,166.34,0,0,874.71,express,centro,despejado,20,alto,camioneta
ENV-008845,32.47,2.94,36.3,19.6,30.4,21.63,0,0,1120.24,normal,rural,viento_fuerte,6,medio,moto
ENV-008846,5.07,12.63,67.9,48.0,21.9,71.38,0,0,249.93,normal,residencial,viento_fuerte,11,bajo,moto
ENV-008847,6.85,2.14,39.9,25.9,11.0,11.37,1,0,1733.16,mismo_dia,residencial,viento_fuerte,7,bajo,bicicleta
ENV-008848,5.73,9.45,34.9,31.0,32.1,34.73,0,0,528.18,normal,residencial,lluvia,8,medio,moto
ENV-008849,1.47,3.12,28.2,19.7,22.9,12.72,0,0,261.92,express,centro,lluvia,17,medio,moto
ENV-008850,7.31,1.68,24.1,24.2,17.2,10.03,0,0,852.62,normal,residencial,lluvia,7,alto,moto
ENV-008851,7.37,0.21,9.1,8.7,8.7,0.69,0,0,5420.06,express,residencial,lluvia,6,medio,moto
ENV-008852,3.82,0.23,20.2,8.9,9.9,1.78,1,0,469.29,mismo_dia,residencial,lluvia,18,alto,bicicleta
ENV-008853,6.13,1.2,15.0,14.0,15.1,3.17,1,0,231.61,mismo_dia,residencial,despejado,12,alto,dron
ENV-008854,12.81,3.75,39.1,27.5,18.4,19.78,0,0,450.71,normal,residencial,viento_fuerte,16,medio,moto
ENV-008855,3.01,1.54,15.0,17.2,12.7,3.28,0,0,349.48,normal,centro,lluvia,8,bajo,moto
ENV-008856,3.26,0.4,12.8,9.8,8.9,1.12,1,0,456.77,normal,centro,despejado,6,bajo,bicicleta
ENV-008857,5.18,1.74,27.9,17.7,9.0,4.44,0,0,6049.9,normal,residencial,despejado,11,bajo,bicicleta
ENV-008858,45.82,5.52,45.0,24.7,14.9,16.56,0,0,819.41,normal,rural,viento_fuerte,10,medio,camioneta
ENV-008859,9.78,0.74,22.6,15.0,17.2,5.83,0,0,1097.76,normal,residencial,despejado,18,bajo,dron
ENV-008860,22.19,2.37,30.9,25.4,14.4,11.3,0,0,1738.29,mismo_dia,periferia,lluvia,17,bajo,camioneta
ENV-008861,46.33,2.2,28.7,21.8,21.4,13.39,0,0,1338.95,express,rural,despejado,5,bajo,camioneta
ENV-008862,7.66,3.69,39.9,23.5,30.8,28.88,0,0,708.19,normal,residencial,viento_fuerte,15,bajo,moto
ENV-008863,2.44,2.15,28.3,18.8,15.4,8.19,0,0,351.79,express,residencial,viento_fuerte,10,bajo,bicicleta
ENV-008864,14.07,1.65,24.9,18.3,12.1,5.51,0,0,487.51,mismo_dia,periferia,despejado,13,medio,dron
ENV-008865,1.35,3.35,31.8,23.9,22.1,16.8,0,0,982.83,mismo_dia,centro,viento_fuerte,12,medio,moto
ENV-008866,3.54,0.29,11.6,10.5,11.6,1.41,0,0,427.51,express,centro,viento_fuerte,20,alto,bicicleta
ENV-008867,1.78,1.31,20.2,16.3,22.9,7.54,0,0,421.63,normal,centro,lluvia,7,alto,moto
ENV-008868,7.05,2.17,27.8,22.1,14.0,8.6,0,0,3062.4,express,residencial,despejado,12,medio,dron
ENV-008869,2.11,1.46,31.0,16.0,16.8,8.33,0,0,1098.39,normal,centro,despejado,17,medio,bicicleta
ENV-008870,9.84,4.47,22.5,24.5,20.5,11.3,1,0,3740.47,mismo_dia,residencial,despejado,12,bajo,moto
ENV-008871,13.58,2.18,29.9,20.8,8.8,5.47,0,0,68.29,express,periferia,lluvia,17,medio,moto
ENV-008872,6.15,2.37,27.7,16.0,14.6,6.47,0,0,2929.1,mismo_dia,residencial,lluvia,13,medio,moto
ENV-008873,15.17,0.36,18.0,11.2,8.9,1.79,0,0,280.22,normal,periferia,despejado,21,alto,camioneta
ENV-008874,7.55,6.76,38.3,30.0,24.5,28.15,0,0,642.91,normal,residencial,despejado,12,bajo,moto
ENV-008875,2.45,0.88,21.7,20.8,13.6,6.14,0,0,334.21,normal,centro,despejado,13,alto,bicicleta
ENV-008876,1.84,63.39,117.7,71.8,44.9,379.44,0,0,3984.91,normal,centro,lluvia,12,bajo,camioneta
ENV-008877,2.57,0.8,22.1,16.2,7.0,2.51,0,0,690.82,normal,centro,lluvia,10,medio,camioneta
ENV-008878,26.63,2.77,18.5,17.9,13.9,4.6,0,0,1406.79,mismo_dia,rural,lluvia,13,medio,moto
ENV-008879,3.25,1.94,41.2,16.4,17.9,12.09,0,0,1358.32,express,residencial,despejado,10,alto,bicicleta
ENV-008880,13.83,3.48,29.4,25.3,13.3,9.89,0,0,1158.42,mismo_dia,periferia,viento_fuerte,6,medio,moto
ENV-008881,2.6,4.46,32.6,23.7,19.8,15.3,1,0,4932.4,mismo_dia,centro,despejado,13,medio,bicicleta
ENV-008882,6.35,2.08,26.1,23.1,14.1,8.5,0,1,544.8,express,residencial,despejado,11,medio,camioneta
ENV-008883,13.29,3.55,21.3,17.6,24.4,9.15,1,0,1179.98,express,periferia,despejado,11,bajo,moto
ENV-008884,4.07,7.47,67.0,29.8,29.9,59.7,0,0,735.15,normal,residencial,lluvia,14,medio,moto
ENV-008885,12.9,0.58,22.1,13.6,10.8,3.25,0,0,133.89,mismo_dia,residencial,despejado,12,bajo,dron
ENV-008886,8.25,2.04,25.1,21.3,15.9,8.5,0,0,2693.45,normal,residencial,despejado,17,bajo,dron
ENV-008887,9.88,0.6,18.6,12.3,5.1,1.17,1,0,727.66,normal,residencial,despejado,7,alto,dron
ENV-008888,3.3,0.8,24.1,14.1,9.5,3.23,0,0,984.57,express,residencial,despejado,15,bajo,bicicleta
ENV-008889,8.43,8.96,58.7,28.0,31.7,52.1,0,0,2345.43,normal,residencial,despejado,12,medio,moto
ENV-008890,25.26,0.24,12.7,9.4,4.9,0.58,0,0,230.22,normal,rural,despejado,21,medio,moto
ENV-008891,2.87,1.58,35.1,18.9,12.0,7.96,1,0,561.2,mismo_dia,centro,despejado,14,alto,bicicleta
ENV-008892,2.08,0.8,26.5,12.4,12.4,4.07,1,0,313.13,express,centro,viento_fuerte,12,medio,bicicleta
ENV-008893,8.16,2.2,26.1,18.8,18.0,8.83,0,0,4180.81,express,residencial,despejado,11,medio,dron
ENV-008894,7.23,3.46,40.2,30.6,17.3,21.28,0,0,1869.05,express,residencial,despejado,12,bajo,moto
ENV-008895,3.67,2.72,42.7,24.0,18.9,19.37,1,0,1271.12,express,residencial,viento_fuerte,11,bajo,bicicleta
ENV-008896,12.67,8.75,68.3,44.7,19.2,58.62,0,0,132.85,express,residencial,despejado,10,bajo,moto
ENV-008897,10.57,2.45,21.9,17.5,19.4,7.44,0,0,50,express,periferia,despejado,13,alto,dron
ENV-008898,4.1,10.79,38.8,32.5,38.3,48.3,1,0,1125.38,normal,centro,despejado,9,bajo,moto
ENV-008899,17.5,0.44,12.1,11.9,11.7,1.68,0,0,1200.16,express,periferia,despejado,6,bajo,moto
ENV-008900,2.78,0.61,12.6,9.2,16.9,1.96,1,0,160.21,express,centro,lluvia,17,medio,moto
ENV-008901,1.44,4.84,30.9,18.3,29.1,16.46,1,0,1316.22,express,residencial,despejado,19,alto,bicicleta
ENV-008902,33.66,0.5,16.4,16.3,12.0,3.21,0,0,5858.08,normal,rural,despejado,18,medio,moto
ENV-008903,4.39,69.96,66.6,47.6,34.2,108.42,0,0,123.87,express,centro,despejado,6,alto,camioneta
ENV-008904,16.06,0.54,16.3,13.5,7.2,1.58,0,0,1144.21,normal,periferia,despejado,21,bajo,moto
ENV-008905,2.84,0.67,14.9,13.5,7.9,1.59,0,0,66.4,normal,residencial,despejado,7,medio,bicicleta
ENV-008906,8.2,11.07,44.6,46.7,33.3,69.36,0,0,1364.86,express,residencial,viento_fuerte,16,bajo,moto
ENV-008907,2.26,2.21,32.3,13.5,15.9,6.93,1,0,1503.66,normal,centro,lluvia,20,alto,moto
ENV-008908,3.77,3.58,42.8,25.4,13.3,14.46,0,0,564.04,normal,residencial,despejado,9,bajo,bicicleta
ENV-008909,2.98,7.89,32.8,23.9,25.2,19.75,1,0,621.33,normal,centro,despejado,14,alto,bicicleta
ENV-008910,35.82,2.66,36.1,19.9,24.4,17.53,0,1,3258.63,express,rural,lluvia,0,bajo,camioneta
ENV-008911,27.77,3.35,30.3,22.7,34.0,23.39,0,0,434.27,normal,periferia,despejado,13,medio,moto
ENV-008912,32.35,1.71,34.5,22.7,12.3,9.63,1,0,478.6,normal,rural,lluvia,10,bajo,moto
ENV-008913,8.64,0.79,16.6,10.0,7.5,1.25,0,0,1116.66,normal,residencial,lluvia,7,alto,moto
ENV-008914,12.51,1.85,23.3,14.4,9.5,3.19,0,0,476.47,mismo_dia,periferia,despejado,22,medio,moto
ENV-008915,3.5,1.8,21.7,17.0,7.8,2.88,0,0,1288.52,normal,centro,despejado,7,alto,bicicleta
ENV-008916,1.7,0.55,23.9,12.0,8.8,2.52,0,0,488.78,mismo_dia,centro,despejado,11,bajo,bicicleta
ENV-008917,5.73,0.84,22.3,19.4,12.6,5.45,1,0,463.52,express,centro,despejado,7,alto,bicicleta
ENV-008918,5.57,0.53,20.0,9.8,9.8,1.92,0,0,6369.09,normal,centro,despejado,14,bajo,bicicleta
ENV-008919,1.45,2.88,31.5,24.6,21.3,16.51,0,0,1281.13,express,centro,despejado,13,alto,bicicleta
ENV-008920,11.71,1.72,33.7,19.1,18.9,12.17,1,0,990.83,express,residencial,despejado,21,medio,moto
ENV-008921,11.78,0.84,22.6,14.7,19.4,6.45,0,0,518.91,normal,periferia,viento_fuerte,11,medio,moto
ENV-008922,5.97,3.4,34.8,22.6,26.8,21.08,0,0,197.66,express,residencial,despejado,8,bajo,bicicleta
ENV-008923,10.83,1.3,15.8,16.7,12.1,3.19,0,0,50,express,periferia,despejado,7,alto,dron
ENV-008924,4.11,0.82,25.0,13.5,17.2,5.8,0,0,1429.16,mismo_dia,residencial,despejado,18,medio,dron
ENV-008925,7.1,2.17,33.0,15.3,12.6,6.36,0,0,669.13,normal,residencial,despejado,12,alto,dron
ENV-008926,5.95,1.31,32.3,18.8,14.8,8.99,0,0,3581.82,mismo_dia,residencial,viento_fuerte,9,alto,moto
ENV-008927,6.78,2.97,35.2,21.9,20.1,15.49,0,0,330.05,express,residencial,despejado,15,alto,bicicleta
ENV-008928,3.86,1.73,26.5,18.2,9.4,4.53,0,0,1168.39,normal,centro,lluvia,22,medio,moto
ENV-008929,8.66,0.28,8.0,7.1,8.3,0.47,1,0,86.37,express,residencial,despejado,14,medio,dron
ENV-008930,4.17,0.34,10.7,9.4,8.0,0.8,0,0,1492.01,normal,residencial,lluvia,17,bajo,moto
ENV-008931,7.07,2.19,33.2,25.4,17.3,14.59,0,1,442.87,normal,residencial,lluvia,13,alto,camioneta
ENV-008932,6.44,4.15,41.0,20.7,17.8,15.11,0,0,961.03,express,residencial,viento_fuerte,12,bajo,bicicleta
ENV-008933,8.55,0.83,19.4,11.8,18.7,4.28,1,0,337.75,normal,residencial,despejado,18,medio,dron
ENV-008934,3.41,2.16,34.8,18.9,11.9,7.83,0,0,650.99,express,residencial,despejado,8,alto,bicicleta
ENV-008935,8.76,10.99,42.6,37.5,28.1,44.89,0,1,450.63,normal,residencial,lluvia,13,alto,camioneta
ENV-008936,10.82,2.12,35.7,15.0,14.6,7.82,0,0,478.43,normal,residencial,viento_fuerte,16,bajo,moto
ENV-008937,5.27,4.04,37.8,34.0,23.8,30.59,1,0,253.74,express,residencial,despejado,6,alto,bicicleta
ENV-008938,2.67,42.39,75.1,69.9,49.7,260.9,0,0,10385.28,normal,residencial,despejado,10,bajo,camioneta
ENV-008939,8.16,0.56,20.1,9.1,11.0,2.01,1,0,231.72,express,residencial,despejado,4,bajo,moto
ENV-008940,6.3,6.44,47.6,28.7,33.8,46.17,0,0,680.63,normal,residencial,despejado,21,bajo,moto
ENV-008941,8.54,9.57,49.0,38.6,22.9,43.31,0,0,502.58,normal,residencial,despejado,12,bajo,moto
ENV-008942,11.64,1.37,25.0,12.6,9.3,2.93,0,0,1983.85,express,residencial,despejado,21,bajo,moto
ENV-008943,21.7,2.86,21.5,22.9,16.0,7.88,0,0,76.8,express,periferia,despejado,14,bajo,moto
ENV-008944,11.37,1.72,21.1,23.9,17.3,8.72,0,0,90.03,normal,residencial,despejado,22,medio,moto
ENV-008945,9.64,5.75,53.9,32.2,23.1,40.09,0,0,231.8,normal,residencial,lluvia,6,bajo,moto
ENV-008946,8.5,2.64,37.5,21.9,11.8,9.69,0,0,1880.23,normal,residencial,despejado,20,alto,moto
ENV-008947,10.82,1.5,29.2,15.2,10.6,4.7,0,0,2613.88,express,residencial,despejado,10,medio,dron
ENV-008948,16.68,2.5,33.6,21.8,12.7,9.3,0,0,2439.38,normal,periferia,despejado,12,bajo,moto
ENV-008949,7.78,6.64,55.9,36.4,15.1,30.72,0,0,316.07,normal,residencial,despejado,12,bajo,moto
ENV-008950,8.88,1.67,25.6,18.0,10.7,4.93,0,1,2923.8,normal,residencial,lluvia,17,medio,camioneta
ENV-008951,10.37,0.61,19.8,15.8,12.8,4.0,0,0,275.47,normal,residencial,despejado,8,medio,dron
ENV-008952,3.4,1.14,30.6,19.5,11.8,7.04,1,0,1156.2,normal,centro,viento_fuerte,16,bajo,bicicleta
ENV-008953,13.94,2.63,24.1,16.0,31.0,11.95,0,0,9821.67,normal,periferia,despejado,16,alto,moto
ENV-008954,6.37,3.14,33.7,34.3,20.3,23.46,0,0,602.35,normal,residencial,viento_fuerte,6,alto,bicicleta
ENV-008955,22.34,0.37,20.8,13.0,9.4,2.54,0,0,539.77,express,periferia,despejado,18,bajo,moto
ENV-008956,6.77,0.43,24.9,14.9,7.2,2.67,0,0,6210.46,normal,residencial,despejado,11,bajo,bicicleta
ENV-008957,8.58,55.28,116.5,73.9,46.5,400.33,1,0,4010.42,express,residencial,lluvia,21,medio,camioneta
ENV-008958,5.42,0.64,25.2,14.2,8.0,2.86,1,1,2282.6,normal,residencial,lluvia,21,medio,camioneta
ENV-008959,16.7,5.38,37.8,30.1,14.7,16.73,0,0,541.82,normal,periferia,despejado,14,alto,moto
ENV-008960,10.23,6.18,38.1,21.1,12.7,10.21,0,0,2737.05,express,residencial,despejado,15,alto,moto
ENV-008961,10.92,0.11,6.9,8.0,5.4,0.3,1,0,585.71,normal,residencial,lluvia,7,medio,moto
ENV-008962,4.18,3.08,25.8,24.3,24.3,15.23,0,0,274.21,normal,residencial,despejado,10,medio,bicicleta
ENV-008963,4.24,2.29,35.6,20.3,14.5,10.48,1,0,483.82,normal,centro,despejado,8,medio,bicicleta
ENV-008964,2.04,2.44,35.1,21.8,14.5,11.1,1,0,858.61,normal,residencial,despejado,17,medio,moto
ENV-008965,5.29,75.97,64.2,54.0,54.2,187.9,0,0,586.83,express,residencial,viento_fuerte,11,medio,camioneta
ENV-008966,34.26,8.46,35.3,27.3,39.2,37.78,0,0,625.49,normal,rural,despejado,10,bajo,moto
ENV-008967,5.98,1.57,22.1,12.9,12.6,3.59,0,0,324.27,express,residencial,lluvia,4,alto,moto
ENV-008968,9.38,2.2,25.3,17.7,17.6,7.88,0,0,226.88,normal,periferia,despejado,22,bajo,moto
ENV-008969,3.19,0.52,18.8,14.0,12.2,3.21,1,0,6977.21,normal,centro,despejado,6,bajo,bicicleta
ENV-008970,16.13,79.23,94.7,63.0,67.1,400.33,0,0,1541.07,express,periferia,despejado,18,medio,camioneta
ENV-008971,53.52,6.65,50.7,34.6,16.1,28.24,0,0,133.11,normal,rural,viento_fuerte,18,alto,camioneta
ENV-008972,9.7,0.32,11.4,10.4,10.1,1.2,0,0,4356.88,mismo_dia,residencial,despejado,13,bajo,dron
ENV-008973,3.07,3.8,44.5,32.8,18.0,26.27,0,0,727.57,express,residencial,despejado,17,medio,bicicleta
ENV-008974,5.8,1.33,28.0,24.2,12.6,8.54,0,0,503.81,normal,residencial,despejado,14,alto,bicicleta
ENV-008975,10.72,3.39,33.3,16.2,14.3,7.71,0,0,399.51,normal,periferia,lluvia,17,bajo,moto
ENV-008976,3.8,5.58,50.9,35.3,19.0,34.14,1,0,713.37,normal,residencial,despejado,2,medio,bicicleta
ENV-008977,3.46,1.58,34.9,23.3,14.1,11.47,0,0,1962.05,normal,centro,despejado,19,alto,bicicleta
ENV-008978,12.67,0.93,22.9,16.7,11.9,4.55,0,0,169.39,normal,periferia,despejado,16,medio,dron
ENV-008979,15.58,2.9,29.3,20.0,23.6,13.83,0,0,76.8,normal,periferia,despejado,6,medio,moto
ENV-008980,5.1,2.53,25.8,19.9,21.7,11.14,0,0,1432.09,normal,residencial,despejado,18,alto,bicicleta
ENV-008981,8.44,0.32,9.4,7.8,8.6,0.63,0,0,257.14,express,periferia,despejado,22,alto,moto
ENV-008982,5.61,2.0,17.2,11.2,18.9,3.64,1,0,175.52,express,residencial,despejado,17,medio,bicicleta
ENV-008983,4.21,57.45,80.9,40.2,39.6,128.79,0,0,139.39,mismo_dia,residencial,despejado,8,bajo,camioneta
ENV-008984,2.38,3.85,42.2,24.8,19.0,19.88,0,0,131.89,normal,centro,despejado,15,alto,bicicleta
ENV-008985,16.01,1.29,25.1,23.7,15.6,9.28,0,0,760.3,express,periferia,despejado,8,bajo,moto
ENV-008986,4.43,4.25,45.4,22.2,19.0,19.15,0,0,1142.37,normal,centro,despejado,10,medio,bicicleta
ENV-008987,3.16,4.13,39.0,24.4,12.8,12.18,0,1,416.58,normal,centro,despejado,7,medio,camioneta
ENV-008988,5.28,4.77,49.5,24.9,18.2,22.43,1,0,1718.33,normal,residencial,lluvia,7,medio,bicicleta
ENV-008989,5.89,0.91,31.2,20.2,10.9,6.87,1,1,2288.97,express,residencial,despejado,11,medio,camioneta
ENV-008990,5.02,4.17,30.2,30.7,18.5,17.15,0,0,606.8,express,residencial,lluvia,9,alto,moto
ENV-008991,12.25,3.39,39.8,27.9,11.5,12.77,0,0,7655.7,express,residencial,despejado,16,bajo,moto
ENV-008992,8.13,0.44,20.8,14.1,11.0,3.23,0,0,2304.2,normal,residencial,lluvia,15,alto,moto
ENV-008993,2.68,0.3,12.2,12.5,10.5,1.6,0,0,833.97,normal,centro,despejado,20,alto,bicicleta
ENV-008994,2.07,2.28,40.7,17.5,16.6,11.82,0,0,111.81,normal,centro,despejado,12,bajo,bicicleta
ENV-008995,2.1,3.21,33.8,21.9,22.9,16.95,1,0,615.52,normal,centro,lluvia,23,bajo,camioneta
ENV-008996,1.33,7.4,42.8,27.1,23.9,27.72,1,0,90.28,normal,centro,despejado,13,alto,bicicleta
ENV-008997,16.88,4.45,34.9,19.9,22.8,15.83,0,0,170.05,normal,periferia,despejado,9,alto,moto
ENV-008998,6.05,1.41,15.9,12.3,20.1,3.93,0,0,2147.82,mismo_dia,residencial,despejado,13,alto,dron
ENV-008999,23.22,0.93,23.5,18.6,11.1,4.85,0,0,1248.18,normal,rural,despejado,13,alto,moto
ENV-009000,3.12,1.44,37.9,21.4,13.2,10.71,0,0,735.17,normal,centro,despejado,17,medio,bicicleta
ENV-009001,20.93,0.68,20.2,15.3,11.5,3.55,0,0,389.13,normal,periferia,despejado,6,alto,moto
ENV-009002,17.31,1.76,27.1,11.9,11.1,3.58,0,0,158.05,mismo_dia,periferia,viento_fuerte,17,medio,moto
ENV-009003,4.54,0.78,15.0,9.1,12.9,1.76,0,0,11224.48,mismo_dia,centro,despejado,10,medio,bicicleta
ENV-009004,3.56,15.76,51.2,39.6,41.4,83.94,0,0,2276.07,normal,residencial,despejado,9,alto,moto
ENV-009005,5.16,1.97,30.0,22.1,12.4,8.22,0,0,139.17,normal,centro,lluvia,9,alto,moto
ENV-009006,2.6,1.34,20.5,16.3,17.4,5.81,0,0,1076.04,express,centro,despejado,6,medio,bicicleta
ENV-009007,6.21,1.3,25.1,22.6,13.8,7.83,0,0,2947.39,mismo_dia,residencial,despejado,14,medio,dron
ENV-009008,14.36,0.92,17.8,11.4,9.0,1.83,0,0,4657.68,normal,periferia,despejado,9,alto,dron
ENV-009009,11.11,0.58,27.7,14.3,10.5,4.16,0,0,905.15,express,periferia,viento_fuerte,12,bajo,moto
ENV-009010,1.7,1.43,27.6,17.2,8.5,4.04,0,0,326.73,normal,centro,despejado,14,alto,bicicleta
ENV-009011,2.82,1.76,29.7,23.8,15.8,11.17,0,0,517.25,normal,centro,lluvia,17,bajo,moto
ENV-009012,2.07,2.61,39.0,25.8,18.2,18.31,0,0,967.83,normal,centro,despejado,17,bajo,bicicleta
ENV-009013,50.35,0.22,12.7,10.0,8.6,1.09,0,0,1263.45,normal,rural,despejado,21,bajo,camioneta
ENV-009014,13.01,3.77,38.2,20.3,27.0,20.94,0,0,9513.21,mismo_dia,residencial,lluvia,14,alto,moto
ENV-009015,1.34,52.13,83.6,67.5,60.3,340.27,0,0,8986.62,normal,centro,lluvia,10,bajo,camioneta
ENV-009016,38.68,1.41,30.3,24.7,15.0,11.23,0,0,672.38,mismo_dia,rural,despejado,11,bajo,moto
ENV-009017,12.38,1.84,31.8,17.4,22.4,12.39,0,0,3268.84,express,periferia,despejado,20,alto,moto
ENV-009018,2.64,1.23,36.5,18.0,14.9,9.79,0,0,2240.73,express,centro,lluvia,12,alto,moto
ENV-009019,11.42,10.09,68.4,41.9,22.4,64.2,0,0,2213.04,normal,residencial,despejado,14,alto,moto
ENV-009020,1.19,0.65,19.2,10.2,8.6,1.68,0,0,290.39,normal,centro,despejado,8,bajo,bicicleta
ENV-009021,3.92,5.15,30.7,26.7,21.5,17.62,0,0,496.41,normal,residencial,lluvia,19,medio,moto
ENV-009022,21.4,1.64,29.4,17.2,25.0,12.64,0,0,1109.68,normal,periferia,lluvia,18,alto,moto
ENV-009023,2.38,1.06,31.9,24.1,10.9,8.38,0,0,195.51,normal,centro,lluvia,22,alto,camioneta
ENV-009024,9.59,0.65,15.7,11.2,11.7,2.06,0,0,208.17,mismo_dia,residencial,lluvia,15,alto,moto
ENV-009025,7.24,0.59,27.6,18.3,8.9,4.5,1,0,1593.97,normal,residencial,despejado,17,alto,dron
ENV-009026,9.71,1.28,21.4,17.4,13.8,5.14,0,0,835.86,normal,residencial,viento_fuerte,5,medio,moto
ENV-009027,11.81,1.42,33.7,15.6,15.1,7.94,0,1,1303.14,normal,residencial,despejado,2,medio,camioneta
ENV-009028,11.73,2.72,23.0,16.5,24.9,9.45,0,0,2765.25,mismo_dia,residencial,despejado,16,medio,moto
ENV-009029,3.51,3.22,38.1,29.2,20.8,23.14,0,0,380.44,normal,centro,despejado,8,bajo,bicicleta
ENV-009030,1.9,4.36,34.3,36.4,27.2,33.96,1,0,135.74,express,centro,despejado,9,medio,bicicleta
ENV-009031,14.62,1.66,28.3,25.0,14.6,10.33,0,0,648.46,express,periferia,despejado,19,medio,dron
ENV-009032,10.93,3.74,28.2,30.2,19.4,16.52,0,1,1240.32,express,periferia,lluvia,17,medio,camioneta
ENV-009033,10.84,0.93,17.9,16.6,17.8,5.29,0,0,374.6,express,residencial,viento_fuerte,19,bajo,moto
ENV-009034,6.91,1.71,19.9,15.4,15.1,4.63,1,0,3194.05,normal,residencial,despejado,11,bajo,dron
ENV-009035,4.24,5.0,59.7,26.5,24.1,38.13,0,0,2432.47,normal,centro,despejado,8,alto,bicicleta
ENV-009036,8.12,0.3,12.7,14.6,9.8,1.82,0,0,3112.7,express,residencial,despejado,10,bajo,dron
ENV-009037,1.01,2.78,32.1,25.2,22.3,18.04,0,0,2474.39,normal,centro,despejado,18,alto,bicicleta
ENV-009038,14.23,0.9,21.0,13.4,15.1,4.25,0,0,876.27,express,periferia,despejado,8,medio,dron
ENV-009039,45.74,12.1,64.4,39.3,32.2,81.5,0,0,4821.38,express,rural,despejado,20,medio,camioneta
ENV-009040,5.29,3.18,42.7,25.3,19.5,21.07,0,0,326.78,normal,residencial,despejado,9,alto,bicicleta
ENV-009041,16.91,1.15,32.3,15.0,13.3,6.44,1,0,1460.67,normal,periferia,despejado,9,alto,moto
ENV-009042,5.08,3.03,35.5,27.2,18.9,18.25,0,0,1518.97,normal,residencial,despejado,10,bajo,bicicleta
ENV-009043,29.45,0.68,21.7,15.2,7.5,2.47,0,0,1246.25,normal,rural,despejado,10,medio,moto
ENV-009044,3.23,1.69,33.9,19.9,17.2,11.6,1,0,923.9,normal,residencial,despejado,12,alto,bicicleta
ENV-009045,5.37,8.29,51.2,26.7,37.8,51.67,0,0,1159.77,express,residencial,despejado,19,medio,moto
ENV-009046,8.72,38.61,115.6,63.4,41.3,302.69,0,0,726.12,normal,periferia,despejado,15,alto,camioneta
ENV-009047,4.81,1.96,22.5,21.0,20.6,9.73,0,0,2003.77,normal,centro,despejado,15,alto,bicicleta
ENV-009048,3.66,3.72,40.9,30.3,18.2,22.55,1,0,1970.24,express,centro,despejado,18,alto,moto
ENV-009049,2.24,2.76,46.6,25.0,18.0,20.97,1,0,1054.72,normal,centro,despejado,20,alto,bicicleta
ENV-009050,5.22,11.17,64.5,51.7,24.5,81.7,1,0,246.01,normal,residencial,viento_fuerte,10,alto,camioneta
ENV-009051,4.05,1.61,39.3,18.4,17.3,12.51,0,0,967.71,mismo_dia,residencial,despejado,10,bajo,bicicleta
ENV-009052,3.05,5.21,27.8,28.1,22.3,17.42,0,0,2312.67,express,centro,lluvia,11,alto,moto
ENV-009053,11.02,0.1,16.4,8.2,5.9,0.79,1,0,2505.57,normal,residencial,despejado,18,bajo,dron
ENV-009054,2.53,11.98,61.1,37.7,29.0,66.8,1,0,952.59,normal,centro,despejado,12,bajo,moto
ENV-009055,11.38,3.23,42.9,18.8,20.5,16.53,0,0,640.26,express,residencial,despejado,11,alto,moto
ENV-009056,12.46,1.52,20.9,13.4,21.5,6.02,1,1,575.94,normal,periferia,despejado,13,alto,camioneta
ENV-009057,3.41,1.88,27.1,19.4,11.6,6.1,0,0,746.38,express,centro,despejado,5,alto,moto
ENV-009058,30.29,1.75,17.3,14.7,18.7,4.76,0,0,701.03,mismo_dia,rural,despejado,13,alto,moto
ENV-009059,7.14,1.06,27.2,13.4,11.9,4.34,0,0,1646.59,express,residencial,despejado,15,medio,dron
ENV-009060,9.39,0.9,23.8,14.1,17.0,5.7,0,0,808.0,normal,residencial,despejado,18,bajo,dron
ENV-009061,3.46,2.38,27.2,13.9,10.1,3.82,0,0,1372.39,express,centro,despejado,7,medio,bicicleta
ENV-009062,22.82,5.85,45.2,31.8,27.9,40.1,0,0,804.05,normal,periferia,despejado,13,alto,moto
ENV-009063,1.73,4.66,34.1,35.2,21.5,25.81,0,0,574.82,normal,centro,despejado,11,bajo,bicicleta
ENV-009064,1.68,74.46,119.0,74.5,45.1,399.83,0,0,5619.35,normal,centro,viento_fuerte,17,bajo,camioneta
ENV-009065,15.64,2.9,31.8,13.4,14.4,6.14,0,0,330.28,express,periferia,viento_fuerte,17,medio,moto
ENV-009066,2.33,0.33,17.1,10.8,10.3,1.9,0,0,1222.91,normal,centro,viento_fuerte,12,bajo,bicicleta
ENV-009067,17.71,4.02,24.9,14.0,19.8,6.9,0,0,886.84,normal,periferia,despejado,19,alto,camioneta
ENV-009068,3.62,1.2,29.2,17.2,16.9,8.49,1,0,12461.16,normal,centro,despejado,12,bajo,bicicleta
ENV-009069,5.82,0.81,25.0,12.2,9.5,2.9,0,0,995.69,normal,residencial,despejado,7,medio,bicicleta
ENV-009070,3.53,1.07,25.7,19.8,13.1,6.67,0,0,437.7,express,residencial,despejado,7,bajo,moto
ENV-009071,6.33,28.73,46.8,38.2,51.1,91.35,1,1,322.63,normal,residencial,despejado,10,medio,camioneta
ENV-009072,4.25,1.23,21.8,14.0,11.2,3.42,0,1,979.28,normal,residencial,lluvia,17,alto,camioneta
ENV-009073,19.1,2.48,26.6,14.2,9.9,3.74,0,0,479.24,express,periferia,despejado,9,medio,moto
ENV-009074,11.11,1.87,27.1,20.2,20.4,11.17,0,0,627.07,normal,residencial,despejado,9,alto,dron
ENV-009075,5.54,6.13,57.6,30.5,23.4,41.11,0,0,475.58,express,residencial,despejado,19,alto,moto
ENV-009076,5.49,2.28,34.8,17.5,12.5,7.61,0,1,175.26,normal,residencial,lluvia,6,bajo,camioneta
ENV-009077,1.8,0.45,16.7,13.9,12.2,2.83,0,0,334.97,normal,centro,despejado,8,alto,bicicleta
ENV-009078,45.45,3.57,50.4,28.5,17.0,24.42,1,0,1089.55,express,rural,despejado,7,alto,camioneta
ENV-009079,7.19,0.3,15.1,9.2,15.2,2.11,0,0,398.37,normal,residencial,viento_fuerte,13,alto,moto
ENV-009080,11.3,1.41,30.1,15.8,12.4,5.9,0,0,566.27,normal,periferia,viento_fuerte,20,bajo,moto
ENV-009081,2.83,3.67,37.7,29.9,14.5,16.34,0,0,486.7,normal,centro,viento_fuerte,12,medio,bicicleta
ENV-009082,5.62,1.07,27.5,13.5,15.1,5.61,0,0,359.65,normal,residencial,despejado,12,alto,bicicleta
ENV-009083,4.49,3.72,26.3,21.1,14.8,8.21,1,0,495.95,express,residencial,viento_fuerte,15,medio,bicicleta
ENV-009084,20.47,1.19,28.6,19.0,9.9,5.38,0,0,1004.11,normal,rural,viento_fuerte,9,alto,moto
ENV-009085,3.8,3.87,46.8,23.9,19.1,21.36,0,0,1049.65,express,centro,despejado,16,alto,bicicleta
ENV-009086,17.84,0.8,15.3,14.2,8.6,1.87,0,0,2988.4,normal,periferia,despejado,17,alto,moto
ENV-009087,30.0,35.26,100.2,45.1,55.5,250.81,0,0,1381.92,normal,rural,despejado,7,alto,camioneta
ENV-009088,7.4,0.98,25.6,14.4,13.5,4.98,0,0,795.77,express,residencial,despejado,12,bajo,dron
ENV-009089,11.0,1.21,19.5,17.1,15.8,5.27,0,0,3399.1,normal,residencial,despejado,12,bajo,dron
ENV-009090,3.17,12.6,37.2,31.2,26.0,30.18,0,0,204.96,normal,residencial,despejado,9,alto,moto
ENV-009091,5.27,3.93,30.4,28.8,30.9,27.05,0,0,367.06,express,residencial,despejado,16,alto,bicicleta
ENV-009092,5.95,0.77,26.6,19.6,8.6,4.48,0,0,1276.24,normal,residencial,viento_fuerte,15,medio,bicicleta
ENV-009093,1.74,0.96,22.9,12.2,11.6,3.24,1,0,12276.42,normal,residencial,lluvia,14,alto,bicicleta
ENV-009094,3.54,3.43,24.8,16.0,17.0,6.75,0,0,1726.82,express,centro,lluvia,18,alto,moto
ENV-009095,4.15,1.26,19.7,17.7,9.6,3.35,0,0,909.26,normal,centro,despejado,13,medio,bicicleta
ENV-009096,16.16,1.29,28.1,15.4,9.2,3.98,0,0,372.54,normal,periferia,despejado,7,alto,moto
ENV-009097,8.05,36.35,99.8,57.4,46.2,264.66,0,0,564.69,normal,residencial,despejado,14,alto,camioneta
ENV-009098,1.93,1.36,32.1,21.7,15.3,10.66,0,0,2698.09,mismo_dia,centro,viento_fuerte,12,bajo,moto
ENV-009099,23.41,0.64,10.9,9.8,9.5,1.01,0,0,131.89,normal,periferia,lluvia,19,alto,moto
ENV-009100,8.14,0.25,18.7,11.8,7.1,1.57,0,0,832.26,normal,residencial,despejado,13,alto,dron
ENV-009101,9.37,2.9,28.3,29.2,27.4,22.64,0,0,215.65,normal,residencial,despejado,8,medio,moto
ENV-009102,20.55,0.59,11.6,10.4,7.6,0.92,0,0,711.46,normal,periferia,despejado,17,alto,moto
ENV-009103,5.02,2.29,43.5,26.0,14.1,15.95,1,0,201.52,normal,residencial,despejado,9,medio,bicicleta
ENV-009104,6.3,2.14,26.7,18.9,25.5,12.87,0,0,487.82,express,residencial,despejado,17,medio,bicicleta
ENV-009105,10.52,2.53,27.1,25.9,15.3,10.74,0,0,244.73,express,residencial,viento_fuerte,7,medio,moto
ENV-009106,3.54,4.31,29.2,30.8,24.9,22.39,0,1,237.78,express,centro,viento_fuerte,0,medio,camioneta
ENV-009107,34.19,2.95,25.9,27.8,20.4,14.69,0,0,5465.32,express,rural,lluvia,17,bajo,moto
ENV-009108,13.05,2.9,26.8,27.2,18.9,13.78,0,0,3961.73,mismo_dia,periferia,despejado,17,bajo,moto
ENV-009109,7.83,1.79,24.9,18.0,16.6,7.44,0,1,85.01,normal,residencial,despejado,9,medio,camioneta
ENV-009110,5.22,1.69,24.8,14.7,15.4,5.61,1,0,592.09,normal,residencial,despejado,8,alto,bicicleta
ENV-009111,8.83,0.26,18.2,11.3,6.3,1.3,0,0,1550.59,express,residencial,despejado,5,medio,moto
ENV-009112,23.38,1.48,25.6,22.2,12.7,7.22,0,0,2643.82,normal,periferia,despejado,17,bajo,moto
ENV-009113,27.25,4.24,35.4,31.3,29.0,32.13,0,1,6987.42,mismo_dia,rural,despejado,6,bajo,camioneta
ENV-009114,2.87,4.88,48.8,26.3,23.6,30.29,1,0,390.07,normal,centro,despejado,18,alto,bicicleta
ENV-009115,12.45,3.49,39.6,32.6,16.0,20.66,1,0,885.91,express,residencial,despejado,22,bajo,camioneta
ENV-009116,3.44,1.48,23.9,19.7,18.9,8.9,0,0,263.93,express,centro,despejado,9,alto,bicicleta
ENV-009117,2.75,0.54,23.0,12.9,13.8,4.09,0,0,1004.94,express,centro,viento_fuerte,8,alto,bicicleta
ENV-009118,2.2,0.17,10.9,10.9,8.6,1.02,0,0,3765.51,express,centro,despejado,8,alto,bicicleta
ENV-009119,2.08,0.49,18.7,11.3,10.4,2.2,0,0,313.05,normal,centro,despejado,16,bajo,bicicleta
ENV-009120,5.94,1.52,23.6,22.8,14.7,7.91,0,0,464.78,express,residencial,viento_fuerte,17,bajo,bicicleta
ENV-009121,4.32,79.17,90.1,80.2,55.3,399.6,0,0,725.34,normal,centro,despejado,22,bajo,camioneta
ENV-009122,11.03,0.53,17.6,9.2,7.2,1.17,0,0,207.05,express,residencial,viento_fuerte,5,bajo,moto
ENV-009123,5.01,2.96,20.9,18.3,19.0,7.27,0,0,234.52,express,centro,despejado,7,medio,bicicleta
ENV-009124,1.04,0.42,16.1,9.5,13.3,2.03,0,0,220.06,normal,centro,despejado,12,bajo,bicicleta
ENV-009125,14.43,3.83,41.4,31.4,16.6,21.58,0,0,1869.71,express,residencial,despejado,0,medio,moto
ENV-009126,11.59,0.68,30.1,19.2,9.4,5.43,0,0,447.87,express,residencial,despejado,7,bajo,dron
ENV-009127,10.2,1.04,23.4,13.8,14.9,4.81,0,0,114.11,normal,periferia,despejado,17,alto,dron
ENV-009128,22.7,2.31,38.6,23.2,11.5,10.3,0,0,121.54,normal,periferia,viento_fuerte,8,alto,moto
ENV-009129,11.44,6.45,48.8,27.2,27.4,36.37,0,0,699.11,normal,residencial,despejado,7,medio,moto
ENV-009130,2.65,0.26,10.3,5.8,9.0,0.54,0,0,1479.84,normal,centro,despejado,16,alto,bicicleta
ENV-009131,8.7,0.96,15.0,15.6,10.4,2.43,0,0,942.63,express,periferia,despejado,9,bajo,dron
ENV-009132,26.22,0.38,20.8,10.1,9.3,1.95,1,0,1249.23,express,rural,despejado,12,bajo,moto
ENV-009133,4.59,1.69,28.2,23.9,18.6,12.54,0,0,7149.24,express,residencial,despejado,19,bajo,bicicleta
ENV-009134,4.89,0.45,16.2,14.7,11.6,2.76,0,0,1134.2,normal,centro,despejado,8,alto,bicicleta
ENV-009135,15.61,3.45,22.9,16.0,22.0,8.06,1,0,8879.34,normal,periferia,despejado,19,medio,moto
ENV-009136,10.24,0.63,25.2,12.9,11.2,3.64,0,0,371.27,express,periferia,despejado,15,alto,dron
ENV-009137,8.56,1.01,25.8,12.0,10.3,3.19,0,0,436.65,normal,residencial,lluvia,7,alto,moto
ENV-009138,6.57,0.68,25.4,19.0,9.0,4.34,0,0,1321.89,normal,residencial,lluvia,16,medio,bicicleta
ENV-009139,2.24,1.39,21.3,24.3,18.2,9.42,0,0,233.11,mismo_dia,centro,lluvia,7,alto,moto
ENV-009140,39.31,18.17,54.8,42.3,35.6,82.52,0,0,1294.99,normal,rural,viento_fuerte,19,medio,moto
ENV-009141,13.06,1.58,25.5,18.4,20.9,9.81,0,0,446.04,normal,periferia,despejado,8,alto,dron
ENV-009142,22.94,1.33,23.7,18.1,17.2,7.38,1,0,246.23,normal,periferia,despejado,18,bajo,moto
ENV-009143,2.95,1.4,22.6,16.7,27.0,10.19,0,0,687.27,mismo_dia,centro,despejado,13,alto,bicicleta
ENV-009144,12.98,4.03,39.6,20.6,15.0,12.24,1,0,414.98,normal,periferia,lluvia,13,alto,moto
ENV-009145,1.0,4.24,46.3,24.6,16.9,19.25,1,0,3247.43,mismo_dia,centro,despejado,19,alto,bicicleta
ENV-009146,3.89,31.95,59.3,32.9,44.8,87.4,0,0,535.21,normal,centro,despejado,6,bajo,camioneta
ENV-009147,1.81,3.92,45.5,25.6,25.4,29.59,1,0,220.07,normal,centro,despejado,14,bajo,bicicleta
ENV-009148,1.39,4.28,34.4,29.6,29.9,30.45,0,0,802.93,mismo_dia,centro,despejado,13,alto,bicicleta
ENV-009149,3.72,4.35,40.4,29.4,18.3,21.74,1,0,1172.15,normal,residencial,viento_fuerte,10,medio,bicicleta
ENV-009150,7.71,2.36,24.2,17.7,9.8,4.2,0,0,1547.57,normal,periferia,lluvia,9,alto,moto
ENV-009151,14.18,0.29,17.1,10.8,7.0,1.29,0,0,895.74,normal,residencial,viento_fuerte,11,alto,moto
ENV-009152,9.41,9.69,41.4,34.8,33.8,48.7,0,0,337.35,normal,residencial,despejado,13,alto,moto
ENV-009153,36.04,1.01,14.6,9.4,16.7,2.29,0,0,870.93,normal,rural,lluvia,20,alto,moto
ENV-009154,30.52,61.6,119.4,72.1,46.5,400.31,0,0,154.82,express,rural,despejado,10,bajo,camioneta
ENV-009155,7.38,0.25,14.7,6.8,6.2,0.62,0,0,582.81,express,residencial,despejado,7,alto,dron
ENV-009156,9.76,1.58,35.8,24.3,14.4,12.53,0,0,989.77,express,residencial,lluvia,12,bajo,moto
ENV-009157,8.21,35.2,97.4,45.2,43.9,193.27,1,0,1044.48,express,residencial,viento_fuerte,13,medio,camioneta
ENV-009158,0.95,1.16,16.3,10.4,13.1,2.22,1,0,278.65,mismo_dia,centro,despejado,12,bajo,bicicleta
ENV-009159,7.8,0.48,13.7,10.5,6.8,0.98,0,0,715.59,express,residencial,lluvia,11,medio,moto
ENV-009160,21.97,0.66,24.4,16.0,11.0,4.29,1,0,509.84,normal,periferia,despejado,0,bajo,moto
ENV-009161,5.58,21.25,72.7,38.4,29.4,82.08,0,0,480.69,normal,residencial,despejado,11,bajo,moto
ENV-009162,31.45,3.03,28.1,20.4,26.0,14.9,0,0,557.95,normal,rural,despejado,21,alto,moto
ENV-009163,16.47,0.71,23.0,19.6,10.0,4.51,0,0,731.24,express,periferia,lluvia,12,bajo,moto
ENV-009164,2.89,6.91,41.1,22.9,34.4,32.38,0,1,702.83,normal,centro,despejado,15,medio,camioneta
ENV-009165,15.24,13.09,65.7,37.2,29.2,71.37,0,0,3511.81,normal,periferia,despejado,11,medio,moto
ENV-009166,19.13,60.9,79.4,51.1,76.3,309.58,0,0,1737.93,express,periferia,despejado,12,medio,camioneta
ENV-009167,11.64,2.28,36.4,17.2,14.4,9.02,0,0,2349.37,normal,residencial,despejado,23,bajo,moto
ENV-009168,9.44,1.43,29.2,21.3,10.7,6.65,0,0,142.6,normal,periferia,despejado,10,alto,dron
ENV-009169,4.09,0.72,27.0,17.7,10.3,4.92,1,0,4103.98,normal,residencial,lluvia,17,alto,bicicleta
ENV-009170,9.29,3.46,42.2,30.1,19.9,25.28,0,0,123.38,mismo_dia,residencial,lluvia,10,bajo,moto
ENV-009171,5.2,0.1,13.3,7.8,4.8,0.5,0,0,342.16,normal,centro,despejado,17,bajo,bicicleta
ENV-009172,0.41,7.47,38.1,19.5,26.4,19.61,0,0,434.62,express,centro,despejado,21,bajo,moto
ENV-009173,16.3,0.99,16.4,11.2,8.9,1.63,1,0,3858.47,express,periferia,despejado,13,alto,moto
ENV-009174,2.35,10.03,50.2,42.2,24.9,52.75,0,0,172.96,express,centro,despejado,9,bajo,moto
ENV-009175,7.58,1.98,21.3,15.3,14.9,4.86,0,0,1703.91,normal,residencial,despejado,11,medio,dron
ENV-009176,10.25,6.34,37.5,28.4,31.1,33.12,0,0,1043.09,normal,residencial,despejado,14,alto,moto
ENV-009177,6.54,9.37,29.0,23.0,29.1,19.41,0,0,1558.8,normal,residencial,lluvia,11,bajo,moto
ENV-009178,3.74,1.4,23.3,17.4,15.6,6.32,1,0,245.12,normal,residencial,viento_fuerte,11,alto,bicicleta
ENV-009179,12.16,5.6,34.0,18.7,29.1,18.5,0,0,4773.39,normal,residencial,despejado,8,alto,moto
ENV-009180,4.18,6.03,49.3,37.1,25.4,46.46,0,0,858.31,mismo_dia,centro,despejado,17,bajo,moto
ENV-009181,24.84,0.95,28.4,15.1,16.2,6.95,1,0,4137.25,normal,periferia,despejado,21,medio,moto
ENV-009182,5.44,0.87,19.1,10.2,10.0,1.95,1,0,1355.35,express,residencial,despejado,23,bajo,bicicleta
ENV-009183,9.59,4.47,30.6,36.2,25.0,27.69,1,0,3037.56,mismo_dia,residencial,despejado,16,bajo,moto
ENV-009184,3.0,0.51,14.4,14.2,13.6,2.78,0,0,2497.77,express,centro,despejado,14,alto,bicicleta
ENV-009185,3.68,2.2,37.5,21.5,20.3,16.37,0,0,2495.2,normal,centro,despejado,14,alto,bicicleta
ENV-009186,2.41,8.13,39.0,40.1,37.8,59.12,1,0,4359.41,normal,centro,despejado,17,alto,moto
ENV-009187,8.04,0.53,14.6,15.7,12.8,2.93,0,0,1585.56,normal,residencial,despejado,14,alto,dron
ENV-009188,1.59,0.27,18.9,12.2,5.3,1.22,0,1,2005.38,normal,centro,despejado,17,medio,camioneta
ENV-009189,11.25,0.27,16.8,11.5,6.4,1.24,0,0,4806.01,normal,residencial,despejado,12,alto,dron
ENV-009190,12.38,20.05,42.7,45.6,30.0,58.41,0,0,752.84,normal,periferia,despejado,15,alto,moto
ENV-009191,5.33,1.69,26.2,19.5,9.2,4.7,0,0,268.23,normal,residencial,despejado,11,bajo,bicicleta
ENV-009192,5.32,1.63,33.1,16.1,13.7,7.3,1,0,468.85,normal,residencial,despejado,10,bajo,dron
ENV-009193,3.37,0.81,18.7,15.6,12.7,3.7,0,0,1676.3,normal,residencial,despejado,6,bajo,bicicleta
ENV-009194,11.15,2.65,31.7,19.8,30.1,18.89,0,0,5660.71,normal,periferia,viento_fuerte,7,medio,moto
ENV-009195,16.38,1.25,22.8,10.2,9.3,2.16,0,0,4822.96,express,periferia,despejado,6,bajo,moto
ENV-009196,12.1,11.52,57.8,38.2,33.3,73.53,0,0,356.92,express,periferia,despejado,12,bajo,moto
ENV-009197,5.1,0.42,11.7,9.9,8.4,0.97,1,0,1552.58,mismo_dia,residencial,despejado,8,alto,bicicleta
ENV-009198,51.18,1.47,29.9,20.5,11.4,6.99,0,0,450.02,normal,rural,lluvia,10,medio,camioneta
ENV-009199,6.96,2.93,43.4,25.2,19.1,20.89,0,0,905.89,normal,residencial,despejado,17,medio,bicicleta
ENV-009200,3.93,3.42,20.2,14.5,18.5,5.42,0,0,447.17,normal,centro,despejado,12,bajo,bicicleta
ENV-009201,2.59,4.47,47.4,33.0,14.0,21.9,0,0,79.3,normal,centro,despejado,17,bajo,bicicleta
ENV-009202,1.7,1.73,35.6,21.7,13.9,10.74,0,0,1697.17,normal,centro,lluvia,17,alto,moto
ENV-009203,5.96,4.31,35.5,31.1,28.5,31.47,1,0,2891.14,normal,residencial,viento_fuerte,18,alto,bicicleta
ENV-009204,6.77,6.09,37.6,27.4,13.0,13.39,0,0,402.49,express,residencial,despejado,14,alto,bicicleta
ENV-009205,2.2,4.87,29.6,24.4,27.6,19.93,0,0,2913.81,express,centro,viento_fuerte,9,medio,bicicleta
ENV-009206,20.35,11.48,41.4,43.6,36.6,66.06,0,0,223.62,normal,periferia,despejado,11,bajo,moto
ENV-009207,3.65,5.79,29.2,17.5,24.4,12.47,0,0,3942.4,normal,centro,lluvia,9,bajo,bicicleta
ENV-009208,4.58,1.27,18.4,10.5,16.4,3.17,0,0,496.88,normal,residencial,lluvia,6,bajo,moto
ENV-009209,3.06,2.78,31.9,14.9,12.2,5.8,0,0,1281.61,normal,residencial,lluvia,20,alto,moto
ENV-009210,12.54,3.98,49.0,32.3,15.0,23.74,0,0,2832.9,normal,residencial,lluvia,6,bajo,moto
ENV-009211,7.57,42.81,69.0,35.4,51.6,126.04,0,0,370.11,express,residencial,despejado,7,alto,camioneta
ENV-009212,3.9,0.1,7.3,5.6,7.4,0.3,1,0,2763.06,normal,centro,despejado,14,bajo,bicicleta
ENV-009213,22.78,68.22,88.5,69.0,53.2,324.87,0,0,425.01,express,periferia,despejado,8,bajo,camioneta
ENV-009214,9.1,3.74,39.1,21.8,24.6,20.97,0,0,875.43,mismo_dia,residencial,lluvia,17,bajo,moto
ENV-009215,4.49,6.82,43.0,40.5,22.3,38.84,0,0,1269.66,mismo_dia,residencial,viento_fuerte,9,bajo,moto
ENV-009216,2.75,1.68,34.6,23.2,11.0,8.83,0,0,939.39,normal,residencial,lluvia,11,alto,moto
ENV-009217,10.31,1.88,28.7,13.9,10.7,4.27,1,0,281.65,mismo_dia,residencial,despejado,12,bajo,dron
ENV-009218,15.34,1.5,21.5,10.0,11.4,2.45,1,0,459.76,normal,periferia,despejado,12,bajo,moto
ENV-009219,7.89,4.0,28.2,18.2,18.5,9.49,0,0,790.75,mismo_dia,residencial,despejado,16,bajo,moto
ENV-009220,2.37,2.12,27.0,11.4,11.3,3.48,0,0,698.7,normal,centro,despejado,10,alto,bicicleta
ENV-009221,2.34,5.28,28.1,25.4,15.4,10.99,1,0,550.87,normal,residencial,despejado,8,alto,bicicleta
ENV-009222,8.14,0.59,18.2,14.7,12.8,3.42,0,0,158.8,express,residencial,viento_fuerte,13,bajo,moto
ENV-009223,3.29,1.57,17.5,15.5,16.8,4.56,0,0,147.89,normal,centro,despejado,20,alto,bicicleta
ENV-009224,3.9,11.98,35.4,30.7,24.9,27.06,0,0,8092.53,express,residencial,despejado,10,alto,moto
ENV-009225,3.55,1.25,28.6,15.9,9.5,4.32,1,0,182.08,mismo_dia,residencial,despejado,14,alto,dron
ENV-009226,2.97,2.01,35.3,24.4,14.5,12.49,0,0,2786.56,express,residencial,despejado,14,alto,bicicleta
ENV-009227,10.69,23.63,81.3,37.1,38.7,116.73,0,0,1241.35,express,residencial,lluvia,15,alto,camioneta
ENV-009228,39.2,2.22,22.5,18.6,12.1,5.06,0,0,312.68,normal,rural,despejado,5,bajo,moto
ENV-009229,17.5,1.28,31.4,22.1,13.5,9.37,0,0,562.82,express,periferia,lluvia,17,bajo,moto
ENV-009230,39.61,1.01,22.6,14.0,15.3,4.84,0,0,255.17,normal,rural,lluvia,6,bajo,moto
ENV-009231,3.77,33.29,60.6,46.1,46.5,129.91,0,0,1203.12,express,centro,despejado,12,medio,camioneta
ENV-009232,15.22,11.96,48.0,42.1,29.6,59.82,1,0,1254.14,mismo_dia,periferia,despejado,12,medio,moto
ENV-009233,4.81,3.54,33.3,24.3,11.5,9.31,0,0,1149.29,mismo_dia,centro,despejado,15,alto,bicicleta
ENV-009234,3.62,2.31,18.7,19.3,16.8,6.06,1,0,388.25,mismo_dia,centro,despejado,13,medio,bicicleta
ENV-009235,13.58,2.94,28.7,24.8,24.5,17.44,0,0,5314.16,normal,periferia,despejado,5,bajo,moto
ENV-009236,3.61,1.57,35.3,23.2,11.9,9.75,0,0,1292.17,express,residencial,despejado,17,alto,bicicleta
ENV-009237,43.47,13.36,46.2,32.4,39.5,59.13,0,1,1153.83,express,rural,lluvia,3,bajo,camioneta
ENV-009238,3.06,2.74,28.8,20.7,22.3,13.29,0,0,7127.74,express,centro,despejado,12,bajo,bicicleta
ENV-009239,19.81,1.48,24.5,15.9,7.1,2.77,0,0,405.76,normal,periferia,despejado,14,medio,moto
ENV-009240,2.37,1.73,26.0,16.2,9.6,4.04,0,0,103.4,express,centro,despejado,11,bajo,bicicleta
ENV-009241,3.36,22.0,57.9,44.3,57.6,147.74,1,1,4185.8,express,centro,despejado,10,bajo,camioneta
ENV-009242,3.08,1.17,29.0,15.9,15.8,7.29,1,0,776.24,mismo_dia,residencial,despejado,14,alto,dron
ENV-009243,4.44,2.36,42.3,26.0,12.5,13.75,0,0,793.89,normal,centro,lluvia,12,bajo,moto
ENV-009244,16.92,2.69,34.5,14.7,15.0,7.61,0,0,803.48,normal,periferia,despejado,12,medio,moto
ENV-009245,3.69,2.11,36.2,22.4,20.1,16.3,0,0,95.08,mismo_dia,centro,despejado,12,medio,moto
ENV-009246,7.18,5.8,30.8,33.2,24.4,24.95,0,0,1592.83,normal,periferia,lluvia,21,bajo,moto
ENV-009247,7.29,5.14,35.1,35.9,28.0,35.28,1,0,77.16,normal,residencial,despejado,6,alto,moto
ENV-009248,2.41,0.77,18.4,13.8,6.8,1.73,1,0,901.47,normal,centro,lluvia,7,medio,bicicleta
ENV-009249,4.01,0.56,23.3,15.1,7.6,2.67,0,0,2033.65,normal,centro,despejado,12,bajo,bicicleta
ENV-009250,3.32,1.05,20.0,16.2,7.7,2.49,0,0,102.48,mismo_dia,centro,despejado,15,medio,bicicleta
ENV-009251,11.66,10.61,61.1,48.3,27.1,79.98,0,0,1820.69,express,periferia,despejado,11,bajo,moto
ENV-009252,1.77,3.46,19.1,18.7,16.2,5.79,1,0,605.01,normal,centro,despejado,7,alto,bicicleta
ENV-009253,2.8,1.16,13.6,13.9,10.1,1.91,0,0,1949.99,mismo_dia,centro,despejado,18,alto,bicicleta
ENV-009254,2.66,2.24,36.3,23.0,15.8,13.19,0,1,1239.19,normal,centro,despejado,6,alto,camioneta
ENV-009255,3.55,25.65,61.7,57.3,34.3,121.26,0,0,1376.29,normal,centro,despejado,15,medio,camioneta
ENV-009256,2.14,3.81,33.9,24.0,12.7,10.33,0,0,601.8,normal,centro,despejado,13,bajo,bicicleta
ENV-009257,2.2,1.66,25.2,26.7,19.6,13.19,0,0,446.02,normal,centro,despejado,14,alto,bicicleta
ENV-009258,8.56,2.39,34.7,23.3,20.4,16.49,0,0,1257.28,normal,residencial,despejado,15,alto,moto
ENV-009259,2.13,56.81,90.5,56.2,61.7,313.81,0,0,824.31,mismo_dia,residencial,despejado,10,bajo,camioneta
ENV-009260,9.04,2.95,27.9,20.9,31.8,18.54,0,0,2915.09,express,residencial,despejado,16,bajo,moto
ENV-009261,2.26,1.92,23.3,18.3,19.5,8.31,0,0,625.07,normal,centro,despejado,5,bajo,moto
ENV-009262,5.59,1.49,25.3,15.6,8.4,3.32,0,0,98.76,express,residencial,viento_fuerte,15,alto,bicicleta
ENV-009263,11.86,0.96,31.1,16.1,14.7,7.36,0,0,1941.99,express,residencial,despejado,12,bajo,dron
ENV-009264,3.99,1.46,34.3,23.5,9.4,7.58,0,0,728.74,normal,centro,despejado,2,medio,moto
ENV-009265,14.51,4.98,48.7,29.0,20.4,28.81,0,0,249.1,express,periferia,despejado,11,medio,moto
ENV-009266,1.29,0.81,22.7,11.6,8.3,2.19,0,0,734.46,mismo_dia,centro,despejado,7,medio,bicicleta
ENV-009267,7.09,2.1,18.9,16.7,14.6,4.61,0,0,4850.18,normal,residencial,despejado,12,bajo,camioneta
ENV-009268,2.01,1.13,31.2,18.5,11.9,6.87,1,0,559.57,normal,centro,despejado,15,alto,bicicleta
ENV-009269,13.57,3.54,22.6,17.6,16.8,6.68,0,0,432.55,normal,residencial,despejado,6,medio,moto
ENV-009270,13.81,0.88,18.9,12.1,15.8,3.61,0,0,3648.94,express,periferia,despejado,21,bajo,moto
ENV-009271,1.42,0.87,21.4,17.7,14.5,5.49,0,0,449.13,express,centro,despejado,8,bajo,bicicleta
ENV-009272,1.63,8.9,59.7,36.6,29.5,64.46,0,0,260.9,normal,centro,lluvia,13,alto,moto
ENV-009273,4.16,1.98,33.4,29.0,14.8,14.34,0,0,1942.89,normal,centro,despejado,16,medio,bicicleta
ENV-009274,23.88,3.82,23.8,14.6,17.0,5.91,0,0,914.24,express,periferia,lluvia,15,alto,moto
ENV-009275,5.51,1.62,28.0,17.6,22.0,10.84,0,0,2286.93,normal,residencial,viento_fuerte,13,alto,bicicleta
ENV-009276,6.92,2.23,27.8,16.2,21.8,9.82,0,0,108.01,express,residencial,despejado,10,medio,dron
ENV-009277,14.29,0.83,25.9,18.4,10.7,5.1,0,0,702.07,normal,periferia,despejado,18,medio,dron
ENV-009278,16.78,1.33,22.9,13.8,20.5,6.48,0,0,218.35,express,periferia,lluvia,13,alto,moto
ENV-009279,5.84,1.49,29.3,14.6,15.0,6.42,0,0,5434.99,mismo_dia,residencial,despejado,12,bajo,dron
ENV-009280,6.35,1.39,28.9,14.3,18.7,7.73,1,0,13441.59,express,residencial,despejado,7,alto,dron
ENV-009281,8.96,6.42,65.3,39.3,19.9,51.07,1,0,303.25,normal,residencial,despejado,16,bajo,moto
ENV-009282,2.05,0.48,18.8,15.1,10.4,2.95,0,0,584.22,express,centro,despejado,18,alto,camioneta
ENV-009283,35.42,3.85,35.3,22.6,32.5,25.93,0,0,1318.93,normal,rural,despejado,9,medio,moto
ENV-009284,6.5,0.63,25.0,17.8,10.6,4.72,0,0,218.71,normal,residencial,despejado,10,medio,bicicleta
ENV-009285,6.99,1.92,36.0,16.2,21.0,12.25,0,0,1127.03,express,residencial,lluvia,10,medio,moto
ENV-009286,7.12,3.25,41.1,29.7,12.8,15.62,0,1,226.68,express,residencial,lluvia,8,medio,camioneta
ENV-009287,0.82,2.81,32.2,19.7,18.7,11.86,0,0,7990.74,express,centro,despejado,19,alto,bicicleta
ENV-009288,8.12,0.5,19.6,17.2,9.4,3.17,0,0,518.87,express,residencial,despejado,11,bajo,dron
ENV-009289,5.44,0.82,20.2,12.2,8.1,2.0,0,0,831.52,express,centro,despejado,14,alto,bicicleta
ENV-009290,7.73,7.66,53.2,38.3,18.0,36.68,0,1,50,normal,residencial,despejado,13,alto,camioneta
ENV-009291,3.39,35.34,56.8,27.9,33.5,53.09,1,0,295.15,express,centro,viento_fuerte,12,bajo,camioneta
ENV-009292,21.58,4.75,29.1,23.4,16.6,11.3,0,0,1228.18,express,periferia,despejado,8,alto,moto
ENV-009293,3.16,1.37,23.8,22.3,17.1,9.08,0,0,127.33,normal,centro,despejado,19,medio,bicicleta
ENV-009294,2.3,0.58,20.4,8.7,8.7,1.54,0,0,2199.91,express,centro,lluvia,14,alto,moto
ENV-009295,4.68,2.92,27.9,15.2,12.1,5.13,1,0,1209.03,express,residencial,viento_fuerte,0,medio,bicicleta
ENV-009296,3.63,2.58,28.7,22.8,31.0,20.29,0,0,458.85,normal,centro,despejado,11,medio,bicicleta
ENV-009297,2.27,0.65,24.6,14.7,12.6,4.56,1,0,557.08,mismo_dia,centro,despejado,5,bajo,moto
ENV-009298,1.37,0.67,20.1,14.6,9.2,2.7,0,0,550.72,mismo_dia,centro,despejado,21,bajo,moto
ENV-009299,2.41,1.51,24.1,21.2,17.7,9.04,0,0,326.01,normal,centro,despejado,9,bajo,bicicleta
ENV-009300,9.18,37.43,57.6,37.2,43.0,92.14,0,0,1476.76,mismo_dia,residencial,despejado,23,medio,camioneta
ENV-009301,3.17,2.96,40.3,30.6,15.8,19.48,1,0,1202.34,normal,centro,despejado,10,bajo,bicicleta
ENV-009302,2.69,4.17,27.0,21.4,23.5,13.58,1,0,114.26,normal,centro,despejado,15,alto,bicicleta
ENV-009303,22.43,2.39,37.3,24.8,14.6,13.51,0,0,646.82,normal,periferia,despejado,16,bajo,moto
ENV-009304,10.84,0.96,20.7,16.0,9.6,3.18,1,0,200.19,normal,periferia,viento_fuerte,13,alto,moto
ENV-009305,7.61,2.99,22.8,19.9,23.3,10.57,1,0,1836.51,express,periferia,despejado,7,alto,moto
ENV-009306,9.38,3.04,39.0,20.9,25.0,20.38,0,0,1606.82,normal,residencial,despejado,6,bajo,moto
ENV-009307,3.62,9.97,48.2,45.2,25.3,55.12,0,0,2216.7,mismo_dia,centro,viento_fuerte,16,alto,moto
ENV-009308,6.4,47.75,79.7,38.9,29.1,90.22,0,0,962.59,express,residencial,despejado,21,alto,camioneta
ENV-009309,1.31,1.67,19.5,13.9,18.5,5.01,1,0,142.44,mismo_dia,centro,despejado,10,medio,bicicleta
ENV-009310,5.11,1.08,25.4,20.0,12.6,6.4,0,0,174.34,express,centro,despejado,14,alto,bicicleta
ENV-009311,37.92,6.68,37.6,29.9,16.7,18.77,0,0,64.71,mismo_dia,rural,lluvia,19,alto,moto
ENV-009312,11.51,2.96,26.3,19.1,12.8,6.43,0,0,709.23,express,residencial,lluvia,15,alto,moto
ENV-009313,38.86,2.79,32.5,17.6,12.7,7.26,0,0,4603.9,mismo_dia,rural,despejado,13,alto,moto
ENV-009314,5.03,0.5,15.0,10.0,18.6,2.79,0,0,1777.69,express,residencial,despejado,18,alto,bicicleta
ENV-009315,3.1,2.62,22.7,23.6,20.2,10.82,0,0,1799.01,mismo_dia,centro,despejado,7,alto,moto
ENV-009316,7.26,0.46,17.8,12.2,7.0,1.52,0,0,299.78,normal,residencial,despejado,21,bajo,moto
ENV-009317,8.07,6.67,38.6,27.6,33.7,35.9,0,0,298.98,normal,residencial,despejado,21,bajo,moto
ENV-009318,17.97,3.83,26.1,26.6,19.0,13.19,0,0,115.15,express,periferia,despejado,13,bajo,moto
ENV-009319,6.85,8.86,37.6,27.6,35.7,37.05,0,0,1487.15,normal,residencial,despejado,23,medio,moto
ENV-009320,18.43,2.69,33.8,22.1,14.2,10.61,0,0,103.42,normal,periferia,despejado,17,bajo,moto
ENV-009321,8.14,1.76,34.8,15.7,15.7,8.58,0,0,9606.74,express,periferia,despejado,9,medio,dron
ENV-009322,18.69,3.6,43.4,21.1,22.7,20.79,1,0,3129.74,normal,periferia,viento_fuerte,8,medio,moto
ENV-009323,17.88,1.78,29.7,17.9,21.0,11.16,1,0,112.26,normal,periferia,lluvia,14,medio,moto
ENV-009324,9.35,0.84,19.5,12.4,9.2,2.22,0,0,165.06,mismo_dia,residencial,despejado,12,bajo,camioneta
ENV-009325,12.88,4.11,33.7,35.7,25.8,31.04,0,0,1306.83,normal,residencial,despejado,14,alto,moto
ENV-009326,7.88,2.02,29.4,24.4,17.5,12.55,0,0,709.11,express,residencial,viento_fuerte,19,medio,moto
ENV-009327,4.3,1.14,23.8,11.8,14.9,4.18,0,0,583.7,normal,centro,despejado,20,alto,bicicleta
ENV-009328,16.49,1.66,33.1,16.5,18.1,9.89,0,0,116.21,express,periferia,despejado,19,bajo,moto
ENV-009329,10.41,1.61,20.6,16.1,15.6,5.17,0,0,467.77,mismo_dia,residencial,lluvia,13,alto,moto
ENV-009330,4.52,4.35,27.3,18.1,23.3,11.51,0,0,1225.05,normal,residencial,despejado,16,bajo,bicicleta
ENV-009331,1.47,1.46,19.8,15.2,20.8,6.26,0,0,535.74,normal,residencial,despejado,8,alto,bicicleta
ENV-009332,19.28,3.26,22.4,16.6,25.1,9.33,0,0,712.59,normal,periferia,despejado,14,alto,moto
ENV-009333,7.48,2.07,34.1,14.9,16.1,8.18,0,0,710.46,normal,residencial,despejado,7,bajo,dron
ENV-009334,19.67,5.07,33.1,16.3,14.2,7.66,0,0,752.63,normal,periferia,despejado,19,alto,moto
ENV-009335,21.3,0.98,14.8,9.4,11.8,1.64,0,0,2166.48,normal,periferia,despejado,11,medio,moto
ENV-009336,4.08,1.57,20.0,15.7,24.0,7.54,0,0,333.04,mismo_dia,residencial,despejado,18,alto,dron
ENV-009337,7.2,1.58,20.1,20.4,17.1,7.01,0,0,1039.41,mismo_dia,residencial,despejado,7,alto,dron
ENV-009338,5.53,2.1,35.2,18.5,18.8,12.24,0,0,89.91,express,residencial,despejado,21,bajo,moto
ENV-009339,6.29,0.57,14.1,15.8,12.0,2.67,0,0,942.53,normal,residencial,viento_fuerte,10,bajo,bicicleta
ENV-009340,4.77,0.98,26.4,19.7,12.7,6.61,0,0,2095.54,normal,residencial,despejado,6,medio,bicicleta
ENV-009341,13.0,3.8,26.6,22.4,13.0,7.75,0,0,1188.52,express,residencial,despejado,10,medio,moto
ENV-009342,2.92,0.71,30.9,13.6,12.8,5.38,0,0,2121.31,mismo_dia,centro,despejado,16,bajo,bicicleta
ENV-009343,6.81,3.17,25.7,23.7,20.9,12.73,0,0,318.11,mismo_dia,residencial,despejado,7,alto,moto
ENV-009344,21.35,0.48,20.3,8.2,9.0,1.5,0,0,165.72,normal,periferia,lluvia,1,medio,moto
ENV-009345,1.98,1.36,23.8,17.4,17.3,7.16,0,0,682.41,normal,residencial,lluvia,15,alto,moto
ENV-009346,6.88,1.6,18.1,15.5,13.0,3.65,0,0,1238.94,mismo_dia,residencial,despejado,17,bajo,dron
ENV-009347,5.71,1.75,32.1,16.9,16.0,8.68,0,0,381.77,express,residencial,lluvia,10,bajo,moto
ENV-009348,10.27,76.45,105.5,70.8,53.6,400.36,0,0,1196.76,normal,residencial,despejado,12,bajo,camioneta
ENV-009349,2.17,0.74,21.0,14.5,7.9,2.41,1,0,414.74,normal,centro,despejado,9,alto,bicicleta
ENV-009350,13.34,3.5,31.7,34.8,23.7,26.14,0,0,108.98,express,residencial,despejado,9,alto,moto
ENV-009351,8.59,13.29,38.6,33.4,20.1,25.91,1,0,644.39,normal,residencial,despejado,19,alto,moto
ENV-009352,1.18,2.84,42.5,17.4,18.8,13.9,0,0,82.51,normal,centro,despejado,13,alto,bicicleta
ENV-009353,27.98,3.01,40.9,28.9,14.5,17.14,1,0,2191.15,normal,rural,despejado,7,alto,moto
ENV-009354,7.56,1.78,24.3,24.1,14.7,8.61,1,0,1478.15,normal,residencial,despejado,8,medio,dron
ENV-009355,5.35,2.4,45.6,30.0,12.9,17.65,0,0,14282.54,mismo_dia,centro,despejado,10,medio,bicicleta
ENV-009356,9.0,0.45,12.8,8.7,14.1,1.57,0,0,1246.68,mismo_dia,residencial,lluvia,14,medio,moto
ENV-009357,3.4,0.73,23.2,14.8,12.9,4.43,0,0,6031.92,normal,centro,viento_fuerte,7,alto,bicicleta
ENV-009358,22.33,3.03,35.6,22.9,14.0,11.41,1,1,1180.76,normal,rural,viento_fuerte,8,alto,camioneta
ENV-009359,33.93,3.37,36.6,26.6,15.6,15.19,0,0,1312.08,express,rural,despejado,0,medio,moto
ENV-009360,12.74,1.42,14.4,15.2,12.6,2.76,0,0,1096.42,normal,periferia,lluvia,14,alto,moto
ENV-009361,2.69,5.51,42.4,31.2,22.8,30.16,0,0,614.39,normal,centro,despejado,13,alto,bicicleta
ENV-009362,11.25,3.04,27.0,22.3,17.0,10.24,0,0,403.12,normal,residencial,despejado,12,medio,moto
ENV-009363,3.68,7.32,63.1,35.7,19.8,44.6,0,0,294.22,mismo_dia,centro,despejado,6,medio,moto
ENV-009364,5.06,5.78,33.0,25.5,36.5,30.71,1,0,1300.52,express,centro,viento_fuerte,12,alto,bicicleta
ENV-009365,28.84,0.79,14.5,14.7,13.4,2.86,0,0,467.23,normal,periferia,despejado,18,bajo,moto
ENV-009366,21.18,1.04,24.5,14.3,14.5,5.08,0,0,651.09,normal,periferia,lluvia,3,bajo,moto
ENV-009367,7.11,6.29,47.1,22.1,23.2,24.15,0,0,127.39,normal,residencial,despejado,12,bajo,camioneta
ENV-009368,7.72,17.8,74.3,52.7,23.7,92.8,1,0,50.19,normal,residencial,lluvia,15,bajo,camioneta
ENV-009369,21.8,1.32,23.4,20.4,12.7,6.06,0,0,685.74,mismo_dia,periferia,despejado,14,alto,moto
ENV-009370,1.57,1.34,36.0,16.5,14.0,8.32,0,0,1389.27,normal,centro,lluvia,18,alto,moto
ENV-009371,4.95,2.2,27.6,13.6,16.7,6.27,0,0,202.8,mismo_dia,centro,lluvia,17,medio,moto
ENV-009372,3.88,4.13,32.7,13.9,14.6,6.64,1,0,573.59,normal,centro,despejado,21,alto,bicicleta
ENV-009373,18.71,3.6,36.3,35.2,21.7,27.73,0,1,60.13,normal,periferia,despejado,13,medio,camioneta
ENV-009374,2.16,9.42,46.1,33.5,26.0,40.15,0,0,858.18,express,centro,despejado,14,medio,moto
ENV-009375,19.84,2.96,18.7,13.8,20.1,5.19,0,0,1248.98,normal,periferia,despejado,14,alto,moto
ENV-009376,3.81,51.24,92.3,69.5,42.6,273.27,0,0,899.26,normal,centro,despejado,13,alto,camioneta
ENV-009377,12.51,2.37,28.4,24.7,14.5,10.17,0,0,464.87,normal,periferia,despejado,17,medio,dron
ENV-009378,1.73,1.36,25.6,15.6,23.4,9.35,1,0,185.77,mismo_dia,residencial,lluvia,18,alto,moto
ENV-009379,11.47,4.08,44.6,22.5,26.8,26.89,0,0,1066.89,express,residencial,despejado,7,alto,moto
ENV-009380,24.0,3.65,51.3,32.0,17.7,29.06,0,0,1203.52,mismo_dia,periferia,despejado,8,medio,moto
ENV-009381,2.75,14.82,69.9,35.8,39.6,99.1,0,0,596.29,normal,centro,despejado,8,bajo,camioneta
ENV-009382,2.82,1.09,28.6,19.7,10.9,6.14,0,0,402.97,express,centro,despejado,9,medio,bicicleta
ENV-009383,7.28,2.96,28.2,11.9,13.4,4.5,0,0,1751.71,normal,residencial,despejado,6,bajo,moto
ENV-009384,2.2,1.25,36.8,15.3,17.2,9.68,0,0,373.72,mismo_dia,centro,lluvia,12,medio,moto
ENV-009385,8.16,0.62,21.3,11.2,16.0,3.82,1,0,105.42,normal,residencial,viento_fuerte,22,bajo,moto
ENV-009386,27.16,2.29,26.6,21.0,22.6,12.62,0,0,117.86,normal,periferia,despejado,20,alto,moto
ENV-009387,4.35,1.76,27.9,18.5,13.2,6.81,0,0,1542.14,express,residencial,viento_fuerte,16,bajo,bicicleta
ENV-009388,1.76,1.5,17.1,18.3,13.6,4.26,0,0,1723.94,mismo_dia,centro,despejado,19,alto,bicicleta
ENV-009389,3.35,1.48,24.9,18.5,12.1,5.57,0,0,522.61,normal,centro,despejado,16,alto,bicicleta
ENV-009390,17.81,0.9,28.2,19.1,11.1,5.98,0,0,1507.38,express,periferia,despejado,20,medio,moto
ENV-009391,2.44,6.01,34.2,29.7,22.3,22.65,0,0,2036.72,normal,residencial,despejado,21,bajo,moto
ENV-009392,20.03,4.2,36.1,33.9,19.7,24.11,0,0,167.69,mismo_dia,periferia,despejado,11,medio,moto
ENV-009393,1.78,2.5,39.8,17.0,17.3,11.71,0,0,507.28,normal,centro,lluvia,15,medio,moto
ENV-009394,8.79,3.22,23.7,18.3,11.9,5.16,0,0,1123.71,express,residencial,despejado,13,alto,moto
ENV-009395,2.06,0.24,12.0,6.6,6.6,0.52,0,0,316.42,normal,centro,despejado,19,alto,bicicleta
ENV-009396,10.19,4.69,34.1,21.0,32.2,23.06,0,0,1012.88,express,residencial,viento_fuerte,8,alto,moto
ENV-009397,11.02,6.13,40.6,31.6,15.9,20.4,1,0,340.91,express,residencial,despejado,9,alto,moto
ENV-009398,44.14,4.98,46.7,22.2,29.7,30.79,0,0,298.25,express,rural,despejado,5,bajo,camioneta
ENV-009399,5.98,22.01,52.3,28.8,27.9,42.02,0,1,607.7,express,residencial,despejado,15,bajo,camioneta
ENV-009400,3.31,0.69,18.2,17.8,10.3,3.34,0,0,1142.51,normal,centro,despejado,20,alto,bicicleta
ENV-009401,1.7,4.17,31.7,21.0,11.6,7.72,0,0,172.55,express,residencial,despejado,12,bajo,bicicleta
ENV-009402,1.77,1.21,22.9,16.4,19.0,7.14,1,0,737.44,express,centro,despejado,11,bajo,bicicleta
ENV-009403,1.77,1.95,36.4,22.6,18.4,15.14,0,0,2796.05,express,residencial,viento_fuerte,10,bajo,bicicleta
ENV-009404,3.45,2.01,31.9,17.4,16.4,9.1,0,0,4562.53,express,centro,despejado,12,medio,moto
ENV-009405,4.03,1.11,22.2,13.9,6.3,1.94,0,0,340.24,express,centro,despejado,16,bajo,bicicleta
ENV-009406,2.46,6.7,33.1,20.0,30.4,20.12,1,0,3957.72,normal,residencial,despejado,11,bajo,bicicleta
ENV-009407,4.21,4.91,50.6,29.6,17.7,26.51,0,0,8188.65,express,residencial,viento_fuerte,9,alto,moto
ENV-009408,15.24,5.41,53.4,27.9,19.8,29.5,1,0,1244.97,normal,periferia,despejado,16,medio,moto
ENV-009409,10.3,1.03,20.9,14.8,8.1,2.51,0,0,680.81,normal,residencial,lluvia,16,alto,moto
ENV-009410,3.61,1.93,27.9,23.5,19.9,13.05,0,0,513.6,normal,residencial,despejado,15,medio,bicicleta
ENV-009411,2.75,5.67,31.1,31.3,25.8,25.11,1,0,267.54,normal,centro,lluvia,7,alto,bicicleta
ENV-009412,3.82,1.3,16.4,13.7,16.0,3.59,0,0,1475.88,normal,residencial,despejado,10,bajo,bicicleta
ENV-009413,3.13,1.54,26.2,17.2,25.1,11.31,0,0,2062.12,express,centro,lluvia,12,bajo,moto
ENV-009414,7.95,0.41,11.2,11.1,6.6,0.82,0,0,847.51,normal,residencial,despejado,13,medio,dron
ENV-009415,10.52,0.65,22.3,16.2,7.0,2.53,1,0,679.8,express,periferia,viento_fuerte,16,bajo,moto
ENV-009416,2.11,0.15,14.3,8.4,8.3,1.0,0,0,1302.76,mismo_dia,residencial,despejado,11,medio,moto
ENV-009417,3.24,0.62,21.4,15.8,13.0,4.4,0,0,2948.24,express,centro,despejado,8,medio,bicicleta
ENV-009418,9.85,2.99,36.1,22.3,14.6,11.75,1,1,362.19,normal,residencial,despejado,17,bajo,camioneta
ENV-009419,14.8,0.83,18.2,12.6,18.6,4.27,0,0,15182.52,normal,periferia,lluvia,13,alto,moto
ENV-009420,6.77,9.42,39.9,37.8,21.6,32.58,0,0,1648.94,mismo_dia,residencial,despejado,20,medio,moto
ENV-009421,11.69,0.72,16.1,11.4,14.1,2.59,0,0,2967.49,normal,residencial,lluvia,7,alto,moto
ENV-009422,6.01,0.57,17.1,13.7,10.7,2.51,0,0,178.24,normal,residencial,lluvia,7,medio,moto
ENV-009423,34.95,0.79,19.5,16.4,19.0,6.08,0,0,6987.29,normal,rural,despejado,21,bajo,moto
ENV-009424,5.35,5.64,46.5,26.6,26.8,33.15,0,0,351.29,normal,residencial,despejado,17,medio,bicicleta
ENV-009425,3.04,7.36,40.9,27.2,26.4,29.37,0,0,216.38,mismo_dia,centro,despejado,19,medio,bicicleta
ENV-009426,13.6,2.59,46.0,30.0,14.1,19.46,0,0,894.17,express,periferia,despejado,19,medio,moto
ENV-009427,7.19,2.72,47.2,27.5,16.3,21.16,0,0,38818.24,normal,residencial,despejado,13,alto,moto
ENV-009428,14.2,2.82,30.3,28.7,23.4,20.35,0,0,617.01,express,periferia,viento_fuerte,12,bajo,moto
ENV-009429,30.44,4.42,38.4,20.8,15.4,12.3,1,0,14539.67,express,rural,despejado,8,medio,moto
ENV-009430,1.47,1.88,28.2,21.4,11.0,6.64,1,0,1263.71,normal,centro,despejado,18,alto,bicicleta
ENV-009431,4.48,3.6,48.8,30.9,15.9,23.98,0,0,443.59,normal,residencial,despejado,21,bajo,moto
ENV-009432,2.82,1.06,20.9,14.3,16.8,5.02,1,0,166.44,mismo_dia,centro,despejado,7,alto,bicicleta
ENV-009433,5.58,1.45,18.7,16.5,9.0,2.78,1,0,2395.64,express,residencial,despejado,17,bajo,dron
ENV-009434,6.53,7.95,37.0,34.6,36.7,46.98,0,0,1038.67,express,residencial,lluvia,6,bajo,moto
ENV-009435,3.35,2.37,26.2,19.7,15.2,7.85,1,0,1299.83,normal,residencial,despejado,11,alto,bicicleta
ENV-009436,4.59,0.64,18.7,8.7,6.9,1.12,0,0,456.38,mismo_dia,centro,viento_fuerte,17,bajo,moto
ENV-009437,4.97,5.82,39.2,16.7,16.0,10.47,1,0,101.03,express,residencial,despejado,9,alto,bicicleta
ENV-009438,51.44,3.42,36.3,23.1,21.4,17.94,0,0,2486.52,normal,rural,despejado,19,bajo,camioneta
ENV-009439,1.57,0.58,28.5,16.8,8.8,4.21,0,0,364.1,normal,centro,despejado,10,bajo,bicicleta
ENV-009440,1.95,60.27,62.8,57.8,36.3,131.76,0,0,2670.83,normal,centro,lluvia,18,alto,camioneta
ENV-009441,2.74,0.84,32.7,19.6,10.0,6.41,1,0,3447.93,normal,centro,lluvia,10,bajo,bicicleta
ENV-009442,10.44,0.3,13.4,13.9,8.6,1.6,0,0,540.65,express,residencial,lluvia,18,alto,moto
ENV-009443,18.89,3.36,34.3,21.6,13.5,10.0,0,0,461.81,normal,periferia,despejado,15,alto,moto
ENV-009444,1.69,3.55,37.9,24.0,21.7,19.74,0,0,1173.57,normal,centro,despejado,19,medio,bicicleta
ENV-009445,16.96,2.56,40.1,24.6,13.4,13.22,0,0,2831.41,express,periferia,viento_fuerte,11,alto,moto
ENV-009446,20.81,1.97,22.3,16.0,11.8,4.21,1,0,2567.16,express,periferia,despejado,7,alto,moto
ENV-009447,9.89,0.39,15.7,8.2,5.2,0.67,1,0,1162.86,normal,residencial,despejado,8,alto,dron
ENV-009448,5.93,0.27,16.3,12.3,10.0,2.0,0,0,2883.89,normal,residencial,despejado,18,medio,bicicleta
ENV-009449,6.77,45.65,110.6,52.2,63.2,364.87,0,0,105.26,mismo_dia,residencial,despejado,23,bajo,camioneta
ENV-009450,15.37,6.24,42.4,40.9,28.5,49.42,0,0,560.34,mismo_dia,periferia,despejado,13,medio,moto
ENV-009451,27.91,1.13,24.6,11.8,15.5,4.5,1,0,2085.21,normal,rural,despejado,8,bajo,moto
ENV-009452,3.18,4.35,29.8,19.6,17.1,9.99,0,0,235.03,mismo_dia,centro,despejado,8,alto,bicicleta
ENV-009453,38.75,5.24,49.0,25.5,22.0,27.49,0,0,332.44,express,rural,lluvia,10,medio,moto
ENV-009454,7.32,1.02,26.4,19.3,9.3,4.74,0,0,674.02,normal,residencial,despejado,11,alto,dron
ENV-009455,3.45,3.19,39.5,24.0,11.3,10.71,0,0,606.39,normal,centro,despejado,18,alto,bicicleta
ENV-009456,2.76,7.28,54.1,37.0,26.9,53.85,1,0,5967.22,express,centro,despejado,22,bajo,moto
ENV-009457,7.14,4.08,37.9,23.7,29.6,26.59,0,0,526.25,mismo_dia,residencial,viento_fuerte,10,bajo,moto
ENV-009458,35.44,5.33,51.1,27.2,25.9,36.0,0,0,401.88,normal,rural,despejado,18,medio,moto
ENV-009459,5.37,1.91,21.5,16.0,26.3,9.05,0,0,1777.43,normal,centro,despejado,0,medio,moto
ENV-009460,1.78,9.22,44.2,32.6,15.2,21.9,0,0,283.02,normal,centro,despejado,14,alto,moto
ENV-009461,7.82,1.87,20.4,16.5,18.9,6.36,0,0,653.94,normal,periferia,despejado,15,alto,dron
ENV-009462,2.99,2.5,32.7,18.8,17.5,10.76,0,0,839.45,express,centro,despejado,19,bajo,bicicleta
ENV-009463,17.72,6.32,50.9,38.6,21.4,42.05,0,0,526.82,normal,periferia,viento_fuerte,0,bajo,moto
ENV-009464,17.68,0.47,10.3,9.7,7.5,0.75,0,0,760.21,normal,periferia,despejado,12,alto,moto
ENV-009465,2.1,1.66,20.1,17.0,21.5,7.35,0,0,8429.92,normal,centro,viento_fuerte,7,bajo,bicicleta
ENV-009466,10.67,0.62,16.4,10.4,13.9,2.37,0,0,1518.05,normal,residencial,despejado,12,medio,dron
ENV-009467,9.12,0.52,21.8,12.9,10.8,3.04,0,0,685.34,normal,residencial,despejado,12,medio,dron
ENV-009468,12.98,10.02,58.5,38.1,20.0,44.58,0,0,427.68,normal,periferia,despejado,7,medio,moto
ENV-009469,8.47,0.63,19.2,15.9,15.0,4.58,0,0,1061.93,express,residencial,despejado,17,bajo,moto
ENV-009470,30.18,1.19,15.1,10.0,12.4,1.87,0,0,491.69,normal,rural,despejado,19,bajo,moto
ENV-009471,24.11,1.26,25.4,21.7,16.9,9.31,0,0,214.11,normal,rural,despejado,12,medio,moto
ENV-009472,7.6,1.04,28.7,18.5,13.2,7.01,1,0,1054.53,normal,periferia,despejado,8,alto,dron
ENV-009473,3.11,1.22,30.7,14.0,13.8,5.93,0,0,302.21,express,residencial,despejado,11,medio,bicicleta
ENV-009474,13.22,1.69,41.9,21.8,14.4,13.15,0,0,3502.37,normal,periferia,despejado,18,alto,moto
ENV-009475,3.57,1.1,23.1,13.3,6.9,2.12,0,0,2103.11,express,residencial,despejado,11,bajo,bicicleta
ENV-009476,6.91,0.39,14.1,10.3,6.5,0.94,0,0,1947.68,express,periferia,despejado,10,medio,bicicleta
ENV-009477,10.62,3.66,46.9,25.8,15.8,19.12,0,0,5243.58,normal,residencial,despejado,8,medio,moto
ENV-009478,6.16,2.65,27.7,25.6,18.9,13.4,0,0,2432.3,normal,residencial,lluvia,10,alto,moto
ENV-009479,15.81,2.41,39.3,30.1,13.6,16.09,0,0,2741.08,express,periferia,despejado,0,medio,moto
ENV-009480,11.83,3.31,43.4,23.2,21.3,21.45,0,0,491.45,normal,residencial,despejado,20,medio,moto
ENV-009481,2.53,1.42,23.6,12.0,8.9,2.52,1,0,11577.63,normal,centro,despejado,20,medio,bicicleta
ENV-009482,52.14,2.04,29.2,13.8,11.8,4.75,1,0,1072.64,express,rural,viento_fuerte,18,medio,camioneta
ENV-009483,3.73,1.82,28.9,23.5,16.6,11.27,0,0,1142.18,normal,centro,despejado,15,alto,bicicleta
ENV-009484,27.01,14.18,71.6,39.8,23.8,67.82,0,0,1713.75,normal,rural,despejado,9,alto,moto
ENV-009485,25.06,73.98,102.5,59.1,66.0,399.81,0,0,199.37,express,periferia,despejado,19,alto,camioneta
ENV-009486,18.92,9.91,33.0,33.7,27.5,30.58,0,0,2878.52,normal,periferia,lluvia,10,bajo,moto
ENV-009487,13.84,1.07,25.1,15.0,11.5,4.33,0,0,1184.22,mismo_dia,periferia,despejado,6,bajo,dron
ENV-009488,3.53,1.81,16.3,13.1,14.4,3.07,0,0,3673.8,normal,centro,lluvia,12,bajo,moto
ENV-009489,1.68,2.37,31.3,17.0,22.2,11.81,0,0,574.13,normal,centro,despejado,15,alto,bicicleta
ENV-009490,2.15,1.1,21.6,14.9,21.9,7.05,0,0,278.94,express,residencial,lluvia,13,medio,moto
ENV-009491,18.9,0.6,23.1,17.7,11.2,4.58,0,0,8577.53,normal,periferia,despejado,6,bajo,moto
ENV-009492,1.2,1.33,27.5,25.5,14.2,9.96,0,0,475.32,express,centro,lluvia,16,alto,camioneta
ENV-009493,2.57,0.89,15.4,14.1,10.1,2.19,0,0,101.35,mismo_dia,residencial,lluvia,12,alto,moto
ENV-009494,3.16,0.51,14.1,10.3,8.0,1.16,0,0,190.31,mismo_dia,centro,despejado,9,alto,bicicleta
ENV-009495,9.12,5.68,57.2,32.1,24.3,44.62,1,0,390.58,normal,residencial,despejado,22,bajo,moto
ENV-009496,12.82,1.81,23.8,16.4,18.0,7.03,0,0,125.74,normal,periferia,despejado,16,alto,dron
ENV-009497,1.51,2.05,33.6,25.0,12.4,10.42,0,0,240.75,normal,centro,viento_fuerte,17,bajo,bicicleta
ENV-009498,35.3,1.4,24.7,21.8,20.5,11.04,0,0,3468.31,normal,rural,despejado,18,alto,moto
ENV-009499,14.85,3.13,35.4,29.5,18.8,19.63,0,0,621.13,normal,periferia,despejado,16,bajo,moto
ENV-009500,2.42,0.85,28.6,11.8,13.3,4.49,0,0,649.85,express,centro,despejado,19,alto,bicicleta
ENV-009501,35.7,1.3,27.1,17.8,20.8,10.03,0,0,390.52,normal,rural,lluvia,21,bajo,moto
ENV-009502,1.84,12.8,60.2,39.8,19.8,47.44,0,0,3282.7,mismo_dia,residencial,despejado,17,bajo,moto
ENV-009503,3.11,0.65,24.6,14.9,11.8,4.33,0,0,3834.29,normal,centro,lluvia,20,medio,moto
ENV-009504,7.85,0.95,22.9,13.2,21.2,6.41,0,0,1751.41,normal,residencial,despejado,8,alto,dron
ENV-009505,19.09,2.29,41.5,31.1,13.6,17.55,0,0,1277.87,normal,rural,lluvia,15,alto,moto
ENV-009506,5.24,1.9,35.1,17.1,21.7,13.02,0,0,1287.83,express,residencial,despejado,19,medio,bicicleta
ENV-009507,2.1,0.17,15.7,7.5,8.7,1.02,0,0,6328.14,normal,residencial,despejado,18,alto,bicicleta
ENV-009508,14.39,0.71,17.9,10.1,12.0,2.17,0,0,358.52,normal,periferia,viento_fuerte,13,alto,camioneta
ENV-009509,21.79,1.18,19.7,13.3,9.9,2.59,0,0,1018.23,normal,rural,lluvia,13,medio,moto
ENV-009510,4.18,1.44,29.0,18.8,11.4,6.22,0,0,10221.06,mismo_dia,residencial,despejado,20,alto,bicicleta
ENV-009511,13.11,0.4,14.7,8.4,9.7,1.2,0,0,94.12,express,residencial,despejado,17,bajo,dron
ENV-009512,2.18,21.83,41.4,39.2,41.4,67.19,0,0,7885.78,normal,centro,despejado,12,bajo,moto
ENV-009513,17.34,1.99,22.3,13.5,12.2,3.67,0,0,1265.91,mismo_dia,periferia,despejado,10,bajo,moto
ENV-009514,3.86,4.68,25.4,26.8,19.3,13.14,0,0,992.58,mismo_dia,centro,despejado,10,medio,moto
ENV-009515,3.31,2.79,34.9,23.4,14.8,12.09,1,0,632.55,mismo_dia,centro,viento_fuerte,7,alto,bicicleta
ENV-009516,29.31,1.22,23.0,19.0,16.9,7.39,1,0,6882.0,mismo_dia,rural,despejado,9,medio,moto
ENV-009517,15.22,1.01,31.0,13.7,16.6,7.05,0,0,3352.13,mismo_dia,periferia,despejado,13,alto,moto
ENV-009518,10.67,0.69,13.3,10.9,7.3,1.06,0,0,2361.93,express,residencial,despejado,11,medio,dron
ENV-009519,3.78,1.89,35.9,22.7,13.7,11.16,0,0,2784.68,express,residencial,despejado,21,medio,camioneta
ENV-009520,3.47,65.51,90.7,65.1,59.5,351.32,0,0,3292.45,express,centro,lluvia,20,alto,camioneta
ENV-009521,1.62,0.97,34.2,21.6,10.1,7.46,0,0,72.14,express,centro,despejado,14,medio,bicicleta
ENV-009522,19.71,2.77,30.0,18.7,25.3,14.19,0,1,344.37,normal,periferia,despejado,16,bajo,camioneta
ENV-009523,28.1,0.52,15.5,12.9,8.0,1.6,0,0,321.76,normal,rural,lluvia,10,bajo,moto
ENV-009524,49.18,2.25,40.2,17.5,22.1,15.55,0,0,2300.27,mismo_dia,rural,despejado,8,alto,camioneta
ENV-009525,4.07,2.23,30.2,27.0,18.3,14.92,0,0,1371.13,normal,centro,lluvia,19,alto,moto
ENV-009526,10.59,1.01,20.9,13.8,6.9,1.99,0,0,408.72,normal,residencial,despejado,10,bajo,dron
ENV-009527,1.23,14.66,65.5,34.0,43.4,96.65,0,0,4401.5,normal,centro,lluvia,10,bajo,camioneta
ENV-009528,1.66,3.98,39.0,33.8,19.6,25.84,0,0,577.71,express,centro,despejado,15,alto,bicicleta
ENV-009529,1.19,2.16,43.6,19.2,20.2,16.91,0,1,6306.96,mismo_dia,centro,despejado,18,bajo,camioneta
ENV-009530,2.92,1.01,24.1,15.8,18.1,6.89,0,0,79.16,normal,centro,lluvia,12,alto,moto
ENV-009531,20.32,2.56,26.9,20.2,31.9,17.33,0,0,5456.39,normal,periferia,despejado,13,alto,moto
ENV-009532,11.45,3.42,38.8,24.2,18.5,17.37,0,1,2280.07,mismo_dia,residencial,despejado,21,bajo,camioneta
ENV-009533,6.29,5.97,55.8,38.6,19.4,41.79,0,0,1300.93,express,residencial,despejado,19,bajo,moto
ENV-009534,38.46,1.76,22.1,22.2,19.4,9.52,0,0,517.18,normal,rural,despejado,10,bajo,moto
ENV-009535,0.9,1.97,25.0,19.2,14.3,6.86,0,0,6088.71,normal,centro,despejado,15,alto,bicicleta
ENV-009536,9.03,2.45,27.7,28.8,19.3,15.4,0,0,363.63,mismo_dia,residencial,despejado,10,bajo,moto
ENV-009537,36.05,0.36,17.8,11.8,11.0,2.31,0,0,851.2,mismo_dia,rural,despejado,17,bajo,moto
ENV-009538,3.5,42.76,86.3,45.9,44.4,175.88,0,0,1608.92,normal,centro,lluvia,22,bajo,camioneta
ENV-009539,5.64,1.04,30.3,16.1,12.0,5.85,0,0,4394.07,normal,residencial,despejado,19,medio,bicicleta
ENV-009540,11.95,16.6,33.1,28.2,28.6,26.7,1,0,3721.82,express,residencial,despejado,19,alto,moto
ENV-009541,20.84,2.17,30.4,23.4,22.8,16.22,0,0,2061.25,mismo_dia,periferia,despejado,13,alto,moto
ENV-009542,4.38,4.48,32.2,28.2,28.1,25.52,1,0,1169.54,normal,residencial,despejado,12,medio,bicicleta
ENV-009543,1.76,0.95,22.6,19.7,15.7,6.99,1,0,3121.09,normal,centro,despejado,7,alto,bicicleta
ENV-009544,5.18,2.83,33.8,21.3,9.4,6.77,0,0,537.61,mismo_dia,residencial,despejado,21,medio,bicicleta
ENV-009545,5.86,5.12,47.7,27.8,14.4,19.1,1,0,1329.36,express,residencial,despejado,18,alto,bicicleta
ENV-009546,3.34,7.54,35.2,35.3,29.2,36.28,0,0,2120.73,normal,residencial,lluvia,16,bajo,moto
ENV-009547,4.35,3.38,29.0,20.9,38.3,23.21,0,0,56.63,normal,centro,despejado,7,alto,bicicleta
ENV-009548,4.38,3.01,30.4,23.0,12.8,8.95,0,0,215.81,normal,centro,despejado,8,alto,bicicleta
ENV-009549,2.2,0.66,27.4,15.5,10.1,4.29,0,0,348.33,express,centro,despejado,10,alto,bicicleta
ENV-009550,4.44,3.11,42.6,23.8,21.1,21.39,0,0,102.89,express,centro,lluvia,15,bajo,moto
ENV-009551,8.73,4.57,37.1,17.6,18.9,12.34,0,0,1952.77,normal,residencial,despejado,13,medio,moto
ENV-009552,6.07,4.57,48.9,20.2,22.2,21.93,0,0,176.62,normal,periferia,lluvia,11,bajo,moto
ENV-009553,2.61,1.39,24.6,16.0,15.4,6.06,0,0,102.35,express,centro,viento_fuerte,9,medio,bicicleta
ENV-009554,7.53,79.16,110.9,85.1,40.8,385.05,0,0,100.33,mismo_dia,residencial,despejado,14,bajo,camioneta
ENV-009555,5.92,5.98,44.2,27.7,14.9,18.24,0,0,2660.13,normal,residencial,viento_fuerte,17,medio,bicicleta
ENV-009556,2.29,1.43,24.1,18.6,10.0,4.48,0,0,1740.65,normal,centro,lluvia,15,bajo,moto
ENV-009557,39.81,0.96,17.1,9.2,12.4,1.95,1,0,372.1,express,rural,lluvia,8,alto,moto
ENV-009558,2.62,1.56,37.1,19.3,17.1,12.24,1,0,2202.72,express,residencial,viento_fuerte,12,bajo,bicicleta
ENV-009559,1.12,2.17,36.2,22.2,12.5,10.05,0,0,2098.64,normal,centro,despejado,17,bajo,bicicleta
ENV-009560,12.86,3.17,24.9,24.0,24.4,14.58,1,1,297.66,normal,residencial,despejado,8,alto,camioneta
ENV-009561,3.95,0.43,17.4,11.8,7.5,1.54,1,0,311.24,express,centro,despejado,15,medio,bicicleta
ENV-009562,13.02,25.45,99.2,66.6,27.0,178.38,1,0,469.45,normal,periferia,despejado,14,alto,camioneta
ENV-009563,2.29,5.37,58.4,29.6,23.3,40.28,0,1,294.67,express,centro,despejado,15,alto,camioneta
ENV-009564,2.55,0.77,28.7,19.7,8.5,4.81,0,0,584.16,normal,centro,despejado,15,alto,bicicleta
ENV-009565,1.56,2.85,43.3,24.6,18.8,20.03,0,0,82.75,normal,residencial,despejado,8,alto,bicicleta
ENV-009566,47.33,0.18,9.8,7.6,7.5,0.56,1,0,710.89,normal,rural,viento_fuerte,6,medio,camioneta
ENV-009567,13.3,5.55,35.9,24.9,47.4,42.37,0,0,1436.44,normal,residencial,despejado,19,alto,moto
ENV-009568,1.9,2.01,23.8,20.5,20.4,9.95,1,0,2462.44,normal,residencial,viento_fuerte,15,alto,bicicleta
ENV-009569,1.48,3.1,20.9,18.9,17.7,6.99,0,0,3092.67,express,residencial,despejado,19,alto,bicicleta
ENV-009570,13.49,0.57,15.7,11.1,9.1,1.59,0,0,763.11,normal,periferia,despejado,17,medio,dron
ENV-009571,6.76,3.62,48.3,27.2,22.0,28.9,0,0,715.22,express,residencial,despejado,6,medio,bicicleta
ENV-009572,8.16,0.64,20.5,14.7,6.2,1.87,1,0,168.26,normal,residencial,despejado,19,medio,dron
ENV-009573,8.31,5.42,39.9,28.1,15.8,17.71,0,0,1403.62,express,residencial,lluvia,10,medio,moto
ENV-009574,8.71,1.24,17.5,11.5,10.2,2.05,0,0,1243.03,mismo_dia,residencial,despejado,5,bajo,moto
ENV-009575,5.95,4.78,22.7,19.8,21.9,9.84,0,0,12413.91,express,residencial,despejado,1,bajo,moto
ENV-009576,25.38,1.24,22.6,9.7,9.4,2.06,0,0,144.44,normal,periferia,lluvia,21,bajo,moto
ENV-009577,6.35,3.82,41.0,24.3,15.1,15.04,0,0,379.89,express,residencial,despejado,11,bajo,bicicleta
ENV-009578,4.67,5.14,27.0,15.1,19.9,8.11,0,0,1098.12,normal,centro,lluvia,9,alto,moto
ENV-009579,5.22,5.82,59.3,30.3,23.9,42.94,0,0,6982.64,normal,residencial,viento_fuerte,16,alto,moto
ENV-009580,15.72,2.27,35.7,26.4,15.6,14.7,0,1,1246.42,normal,periferia,lluvia,19,alto,camioneta
ENV-009581,4.73,2.58,31.4,16.2,17.7,9.0,0,0,2477.68,mismo_dia,residencial,viento_fuerte,11,bajo,moto
ENV-009582,10.73,0.17,17.2,8.7,6.8,1.02,0,0,2902.17,express,periferia,despejado,15,medio,dron
ENV-009583,16.06,1.17,20.5,11.1,11.0,2.5,0,0,1332.32,normal,periferia,despejado,8,alto,moto
ENV-009584,7.67,23.63,99.5,56.6,30.8,173.46,0,0,304.51,express,residencial,despejado,15,alto,camioneta
ENV-009585,28.32,6.61,60.9,39.1,16.3,38.81,1,0,2079.56,express,rural,despejado,10,medio,moto
ENV-009586,27.76,0.37,17.5,9.7,8.5,1.44,0,0,3283.18,normal,rural,despejado,10,medio,moto
ENV-009587,4.17,6.62,36.1,22.8,35.9,29.55,0,0,792.82,normal,residencial,despejado,10,alto,bicicleta
ENV-009588,14.25,15.87,57.0,30.7,26.0,45.5,1,0,908.38,normal,residencial,despejado,17,bajo,moto
ENV-009589,10.58,22.94,74.9,44.7,38.4,128.56,1,0,1043.22,normal,residencial,despejado,13,alto,camioneta
ENV-009590,2.91,0.89,21.5,13.7,6.5,1.91,0,0,432.4,normal,centro,lluvia,9,bajo,moto
ENV-009591,7.48,3.09,39.5,26.5,17.8,18.63,0,1,858.44,mismo_dia,residencial,viento_fuerte,8,alto,camioneta
ENV-009592,12.3,2.7,28.2,21.4,13.8,8.33,1,0,3640.96,express,periferia,lluvia,16,alto,moto
ENV-009593,6.96,1.18,34.5,20.1,11.7,8.11,0,0,131.1,express,residencial,viento_fuerte,14,alto,bicicleta
ENV-009594,3.03,5.71,42.8,20.0,21.8,18.66,0,0,2280.26,express,centro,despejado,10,bajo,bicicleta
ENV-009595,10.06,0.76,25.1,18.0,8.6,3.89,0,0,658.48,normal,residencial,despejado,11,medio,dron
ENV-009596,2.56,5.45,53.4,30.5,17.9,29.15,0,0,369.14,express,centro,lluvia,18,alto,moto
ENV-009597,1.46,3.95,33.3,22.7,26.0,19.65,0,1,214.3,normal,centro,lluvia,15,medio,camioneta
ENV-009598,2.87,3.27,23.2,22.4,18.6,9.67,0,0,310.22,normal,centro,despejado,20,medio,bicicleta
ENV-009599,4.44,0.86,24.9,14.2,9.1,3.22,0,0,319.42,normal,residencial,despejado,8,medio,bicicleta
ENV-009600,5.1,1.05,16.7,10.4,13.5,2.34,1,0,50,express,residencial,despejado,10,medio,dron
ENV-009601,9.04,0.87,26.5,17.6,10.2,4.76,0,0,2145.69,normal,periferia,despejado,11,bajo,dron
ENV-009602,0.85,47.47,88.8,49.0,44.8,194.93,1,0,418.67,normal,centro,despejado,16,bajo,camioneta
ENV-009603,1.94,3.36,41.0,29.8,14.8,18.08,0,0,736.25,normal,centro,despejado,12,bajo,bicicleta
ENV-009604,47.12,31.24,86.7,56.0,50.4,244.7,0,0,234.61,express,rural,despejado,13,alto,camioneta
ENV-009605,5.07,0.6,25.7,17.3,7.2,3.2,0,0,1430.91,normal,residencial,despejado,10,alto,moto
ENV-009606,10.63,4.87,51.5,25.0,28.8,37.08,0,0,595.18,normal,periferia,despejado,21,bajo,moto
ENV-009607,12.66,2.63,24.2,20.1,14.5,7.05,0,0,5347.88,normal,residencial,despejado,12,bajo,moto
ENV-009608,4.07,1.17,29.7,13.9,11.2,4.62,0,0,1120.31,normal,centro,despejado,6,medio,bicicleta
ENV-009609,3.2,0.51,13.0,14.5,10.9,2.05,1,0,3989.51,mismo_dia,residencial,viento_fuerte,10,bajo,bicicleta
ENV-009610,13.24,3.66,28.3,21.8,17.1,10.55,1,0,769.36,mismo_dia,periferia,despejado,16,bajo,moto
ENV-009611,2.35,1.09,13.7,13.3,9.4,1.71,0,0,4851.39,normal,centro,despejado,13,bajo,bicicleta
ENV-009612,5.82,4.66,26.5,17.0,22.6,10.18,0,0,1029.23,mismo_dia,residencial,lluvia,10,bajo,moto
ENV-009613,7.82,2.5,31.3,24.8,22.1,17.15,0,0,127.54,mismo_dia,residencial,despejado,12,medio,moto
ENV-009614,3.53,1.9,18.4,15.5,11.7,3.34,0,0,1875.91,mismo_dia,centro,lluvia,6,medio,moto
ENV-009615,14.0,7.38,28.5,21.1,31.2,18.76,0,0,620.03,normal,residencial,lluvia,11,medio,moto
ENV-009616,16.23,2.04,36.1,19.1,18.8,12.96,0,0,455.08,normal,periferia,lluvia,17,bajo,moto
ENV-009617,1.44,3.69,33.5,14.2,16.3,7.75,0,0,1667.99,normal,centro,despejado,18,alto,bicicleta
ENV-009618,29.78,3.34,32.1,20.1,23.1,14.9,0,0,621.44,normal,rural,despejado,9,bajo,moto
ENV-009619,6.32,8.73,43.4,25.0,16.6,18.01,0,0,1881.76,express,residencial,despejado,15,alto,moto
ENV-009620,7.48,1.05,17.7,13.8,10.5,2.56,1,0,799.58,express,residencial,despejado,9,alto,dron
ENV-009621,3.37,2.93,47.5,30.1,14.1,20.16,0,0,974.46,normal,centro,despejado,16,bajo,bicicleta
ENV-009622,17.21,6.41,55.0,26.3,32.5,47.01,0,0,876.2,normal,periferia,despejado,11,medio,moto
ENV-009623,1.92,30.52,62.1,42.8,40.6,107.91,0,0,460.32,normal,centro,despejado,12,alto,camioneta
ENV-009624,7.16,0.53,17.0,12.0,14.9,3.04,0,0,18134.52,normal,residencial,viento_fuerte,15,alto,moto
ENV-009625,7.73,1.52,21.7,16.8,24.3,8.86,1,0,244.1,express,residencial,lluvia,12,alto,moto
ENV-009626,2.52,9.08,56.7,41.7,27.2,64.31,0,0,1189.56,express,centro,viento_fuerte,20,alto,moto
ENV-009627,2.64,2.24,39.6,22.0,19.7,17.16,0,0,509.91,normal,centro,despejado,7,alto,camioneta
ENV-009628,2.08,3.21,27.5,17.8,15.9,7.78,1,0,565.33,mismo_dia,centro,despejado,18,alto,bicicleta
ENV-009629,13.53,0.4,19.2,10.2,9.5,1.86,1,1,1715.18,normal,periferia,despejado,15,alto,camioneta
ENV-009630,10.9,6.12,32.4,18.4,28.0,16.69,0,0,483.77,normal,periferia,lluvia,15,alto,moto
ENV-009631,10.06,0.63,26.4,14.9,9.1,3.58,0,0,2029.06,express,periferia,lluvia,15,medio,moto
ENV-009632,4.98,0.39,18.6,9.6,10.4,1.86,0,0,5179.98,express,residencial,despejado,7,medio,bicicleta
ENV-009633,0.69,0.24,10.0,7.4,5.7,0.42,0,0,2102.0,normal,centro,despejado,10,bajo,bicicleta
ENV-009634,3.65,1.6,27.7,14.0,10.0,3.88,0,0,1641.37,normal,centro,despejado,7,bajo,bicicleta
ENV-009635,3.38,0.86,22.3,17.2,7.7,2.95,0,1,550.13,normal,residencial,lluvia,9,alto,camioneta
ENV-009636,5.94,4.21,30.2,21.3,10.0,6.43,0,0,543.61,normal,residencial,despejado,14,alto,bicicleta
ENV-009637,6.86,4.79,54.7,31.2,17.6,30.04,0,0,4374.9,normal,residencial,lluvia,16,bajo,moto
ENV-009638,6.77,6.37,29.0,18.3,32.6,17.3,1,0,6810.38,express,residencial,lluvia,7,alto,bicicleta
ENV-009639,10.38,5.05,44.1,35.4,23.3,36.37,0,0,365.23,express,residencial,despejado,14,medio,moto
ENV-009640,37.5,0.67,27.4,16.0,8.1,3.55,0,0,927.23,express,rural,despejado,15,bajo,moto
ENV-009641,9.22,3.93,44.4,22.8,22.0,22.27,0,0,5513.35,normal,residencial,lluvia,9,alto,moto
ENV-009642,0.39,2.46,39.4,19.5,17.0,13.06,0,0,720.59,normal,centro,despejado,17,bajo,bicicleta
ENV-009643,5.88,1.61,20.8,15.7,8.7,2.84,1,0,4003.66,express,residencial,lluvia,7,alto,bicicleta
ENV-009644,14.29,77.78,63.5,43.2,58.3,159.93,0,0,194.25,express,periferia,despejado,22,bajo,camioneta
ENV-009645,23.14,1.09,32.8,18.6,12.7,7.75,0,0,1684.11,normal,periferia,despejado,11,bajo,moto
ENV-009646,4.23,1.62,31.5,16.8,12.6,6.67,0,0,959.98,normal,centro,lluvia,7,medio,moto
ENV-009647,49.41,1.0,13.5,12.4,10.4,1.74,0,0,1136.95,normal,rural,despejado,4,medio,camioneta
ENV-009648,9.59,3.87,37.9,23.2,22.4,19.7,0,0,264.7,express,residencial,viento_fuerte,11,medio,moto
ENV-009649,8.2,1.33,27.3,15.1,21.8,8.99,0,0,888.2,express,residencial,despejado,14,alto,dron
ENV-009650,3.89,0.76,19.1,9.6,6.8,1.25,0,0,198.7,normal,centro,despejado,12,medio,bicicleta
ENV-009651,32.2,1.0,23.2,16.9,18.9,7.41,0,0,277.65,normal,rural,despejado,21,bajo,moto
ENV-009652,40.17,28.36,75.7,55.8,24.3,102.64,0,0,1684.51,express,rural,despejado,12,medio,camioneta
ENV-009653,6.98,3.51,41.2,30.4,13.4,16.78,0,0,303.29,normal,residencial,lluvia,16,bajo,moto
ENV-009654,34.83,1.72,29.6,19.6,20.4,11.84,0,0,383.03,normal,rural,lluvia,16,alto,moto
ENV-009655,4.74,0.7,18.5,13.1,7.7,1.87,0,0,565.28,express,centro,despejado,12,alto,bicicleta
ENV-009656,4.16,0.61,23.9,16.0,10.3,3.94,0,0,578.87,normal,centro,despejado,19,alto,bicicleta
ENV-009657,12.21,59.35,70.3,44.5,41.3,129.2,0,0,657.5,express,periferia,lluvia,13,alto,camioneta
ENV-009658,12.52,0.94,19.8,20.3,12.6,5.06,0,0,704.63,mismo_dia,residencial,despejado,21,medio,moto
ENV-009659,3.84,7.51,42.7,33.8,37.3,53.83,0,1,282.89,express,residencial,despejado,17,medio,camioneta
ENV-009660,3.79,0.79,20.2,19.9,13.8,5.55,0,0,362.94,normal,centro,lluvia,12,medio,moto
ENV-009661,3.33,32.13,78.1,68.6,39.2,210.02,0,0,89.24,normal,centro,lluvia,14,alto,camioneta
ENV-009662,6.1,5.68,41.3,29.5,18.3,22.3,0,0,94.4,express,residencial,despejado,12,medio,bicicleta
ENV-009663,10.53,1.44,27.2,12.9,17.9,6.28,0,0,3037.87,express,residencial,viento_fuerte,10,bajo,moto
ENV-009664,7.25,49.3,70.1,50.2,23.3,81.99,0,0,245.34,normal,residencial,despejado,15,alto,camioneta
ENV-009665,2.49,0.76,24.6,15.0,15.4,5.68,0,0,147.03,normal,centro,despejado,7,alto,bicicleta
ENV-009666,7.52,1.03,24.0,18.3,9.6,4.22,0,0,628.83,normal,residencial,despejado,8,alto,dron
ENV-009667,11.85,0.64,18.6,15.5,15.8,4.56,0,0,1140.6,mismo_dia,residencial,despejado,9,alto,dron
ENV-009668,17.73,0.87,19.4,18.7,15.2,5.51,0,0,623.57,normal,periferia,despejado,15,medio,moto
ENV-009669,12.62,0.5,21.6,15.4,7.8,2.59,0,0,190.07,normal,periferia,lluvia,11,alto,moto
ENV-009670,4.55,1.84,31.3,19.7,13.9,8.57,0,0,477.11,express,centro,despejado,9,alto,bicicleta
ENV-009671,2.37,2.48,24.4,18.9,26.2,12.08,1,0,1060.81,normal,centro,lluvia,18,alto,bicicleta
ENV-009672,11.36,1.91,39.6,25.1,11.1,11.03,0,0,2279.4,express,residencial,lluvia,10,medio,moto
ENV-009673,6.27,0.12,10.4,10.0,7.8,0.81,0,0,395.23,normal,residencial,despejado,19,alto,bicicleta
ENV-009674,7.64,1.7,34.8,18.6,15.4,9.97,0,0,651.31,normal,residencial,viento_fuerte,17,medio,moto
ENV-009675,16.85,0.78,17.6,13.0,10.8,2.47,0,0,818.16,normal,periferia,viento_fuerte,20,alto,moto
ENV-009676,16.56,19.41,75.6,52.2,22.7,89.58,0,0,2459.76,mismo_dia,periferia,viento_fuerte,12,bajo,moto
ENV-009677,4.11,3.09,28.0,17.6,30.8,15.18,0,0,52.33,mismo_dia,residencial,despejado,14,alto,bicicleta
ENV-009678,6.69,4.45,31.5,23.9,39.8,29.96,0,0,1144.19,express,residencial,viento_fuerte,9,alto,bicicleta
ENV-009679,6.42,0.45,19.3,13.6,6.2,1.63,0,0,68.09,express,residencial,viento_fuerte,17,bajo,bicicleta
ENV-009680,25.67,1.36,34.6,16.0,13.8,7.64,0,0,499.45,normal,periferia,viento_fuerte,14,alto,moto
ENV-009681,3.36,0.24,11.0,9.0,5.3,0.52,0,0,163.39,normal,residencial,despejado,10,bajo,bicicleta
ENV-009682,8.68,0.46,17.4,9.5,7.0,1.16,0,0,1620.04,express,residencial,despejado,11,medio,dron
ENV-009683,2.97,1.47,32.1,19.9,15.9,10.16,0,0,2747.16,normal,centro,despejado,19,bajo,bicicleta
ENV-009684,13.53,14.75,37.1,24.7,39.1,35.83,0,0,376.75,normal,periferia,viento_fuerte,13,alto,moto
ENV-009685,32.78,3.76,35.9,23.5,23.8,20.08,0,0,925.28,normal,rural,lluvia,12,medio,moto
ENV-009686,4.09,13.44,46.1,31.4,18.6,26.92,0,0,478.66,express,residencial,despejado,8,alto,moto
ENV-009687,19.51,1.42,23.0,18.3,16.6,6.99,0,0,197.93,normal,periferia,despejado,14,alto,moto
ENV-009688,4.52,3.54,30.6,22.5,16.4,11.29,0,0,8570.47,normal,residencial,viento_fuerte,12,medio,bicicleta
ENV-009689,7.93,3.29,43.2,28.5,15.5,19.08,0,0,127.19,normal,residencial,lluvia,5,bajo,moto
ENV-009690,3.36,0.36,9.2,7.7,7.9,0.56,0,0,364.29,express,centro,despejado,12,bajo,bicicleta
ENV-009691,2.95,4.02,34.1,29.3,29.0,28.97,1,0,3496.4,normal,centro,despejado,22,alto,moto
ENV-009692,4.27,0.69,18.6,10.6,12.2,2.41,0,0,645.88,normal,residencial,lluvia,14,medio,moto
ENV-009693,37.06,0.83,32.2,20.8,9.8,6.56,0,0,3221.64,normal,rural,despejado,12,bajo,moto
ENV-009694,2.65,0.69,20.8,16.8,8.7,3.04,0,0,446.15,normal,centro,lluvia,17,bajo,moto
ENV-009695,12.17,27.71,45.9,35.8,46.7,76.74,1,0,729.82,normal,periferia,lluvia,5,medio,camioneta
ENV-009696,3.89,5.34,45.3,27.7,27.9,35.01,0,0,229.32,express,residencial,despejado,11,bajo,bicicleta
ENV-009697,8.52,42.87,75.8,42.7,41.8,135.29,0,0,740.53,normal,residencial,despejado,15,medio,camioneta
ENV-009698,9.21,3.09,42.0,20.2,18.5,15.7,0,1,276.3,normal,residencial,despejado,12,bajo,camioneta
ENV-009699,32.88,2.52,25.1,17.0,18.3,7.81,0,0,244.32,express,rural,despejado,20,alto,moto
ENV-009700,10.97,5.95,31.3,22.3,15.7,10.96,0,0,3776.82,normal,residencial,lluvia,21,bajo,moto
ENV-009701,5.33,0.34,20.2,13.3,7.7,2.07,0,0,68.97,normal,residencial,despejado,21,medio,moto
ENV-009702,3.85,36.93,89.0,59.6,27.2,144.28,0,0,1516.75,mismo_dia,residencial,despejado,21,bajo,camioneta
ENV-009703,12.07,42.1,70.7,46.6,63.5,209.21,0,0,255.98,normal,residencial,viento_fuerte,6,bajo,camioneta
ENV-009704,12.09,0.3,18.2,10.9,10.8,2.14,0,0,166.37,normal,residencial,despejado,13,medio,dron
ENV-009705,14.66,16.48,82.3,56.6,25.0,116.45,1,0,2099.01,normal,periferia,lluvia,12,alto,camioneta
ENV-009706,4.62,2.37,23.3,14.0,19.0,6.2,0,0,1167.23,express,residencial,despejado,8,alto,bicicleta
ENV-009707,2.98,0.54,16.0,9.9,16.6,2.63,0,0,4162.68,express,centro,despejado,18,alto,bicicleta
ENV-009708,1.8,73.16,112.5,64.4,55.2,399.92,0,0,1351.05,express,centro,despejado,14,medio,camioneta
ENV-009709,14.28,3.53,41.7,27.9,19.6,22.8,0,0,8693.63,mismo_dia,periferia,despejado,19,alto,moto
ENV-009710,3.99,20.73,57.2,32.0,21.6,39.54,0,0,210.15,express,centro,viento_fuerte,15,bajo,moto
ENV-009711,2.78,2.83,30.9,24.6,17.4,13.23,0,0,357.26,express,centro,despejado,16,bajo,bicicleta
ENV-009712,0.97,5.8,42.7,30.8,31.7,41.69,0,0,517.12,normal,centro,despejado,8,alto,moto
ENV-009713,22.92,0.48,11.5,11.9,9.0,1.23,0,0,1723.35,express,periferia,despejado,21,bajo,moto
ENV-009714,2.27,1.36,19.7,10.5,13.0,2.69,1,0,3799.05,mismo_dia,centro,despejado,10,bajo,bicicleta
ENV-009715,3.37,8.44,38.3,26.9,54.0,55.63,1,0,254.9,normal,centro,lluvia,10,alto,camioneta
ENV-009716,3.6,4.05,52.2,23.4,23.7,28.95,0,0,700.95,normal,centro,despejado,6,bajo,bicicleta
ENV-009717,5.41,2.12,33.4,19.6,23.0,15.06,0,0,2731.77,normal,residencial,despejado,18,medio,bicicleta
ENV-009718,10.86,2.7,44.1,27.2,13.3,15.95,1,0,250.8,normal,residencial,lluvia,15,medio,moto
ENV-009719,8.99,0.93,20.2,13.9,18.6,5.22,0,0,165.36,normal,residencial,despejado,0,bajo,moto
ENV-009720,2.68,2.84,22.9,16.6,30.4,11.56,1,0,1425.04,normal,centro,despejado,4,bajo,bicicleta
ENV-009721,24.93,1.89,31.6,26.8,17.2,14.57,0,0,240.03,normal,rural,despejado,21,bajo,moto
ENV-009722,2.82,2.16,24.4,15.1,18.5,6.82,0,0,854.65,normal,residencial,viento_fuerte,8,medio,bicicleta
ENV-009723,2.29,5.42,35.2,26.9,26.1,24.71,0,0,224.82,normal,centro,despejado,17,medio,bicicleta
ENV-009724,12.47,2.84,22.6,20.0,11.4,5.15,1,0,1509.98,normal,residencial,lluvia,11,bajo,moto
ENV-009725,1.16,0.36,13.1,12.5,7.3,1.2,0,0,165.04,normal,centro,despejado,19,alto,moto
ENV-009726,25.08,4.76,42.1,37.7,20.2,32.06,0,0,1704.26,mismo_dia,periferia,despejado,7,alto,moto
ENV-009727,20.64,2.39,21.4,19.8,21.8,9.24,1,0,179.92,normal,periferia,despejado,9,alto,moto
ENV-009728,3.45,1.98,18.1,17.4,17.4,5.48,0,0,219.19,normal,centro,despejado,11,medio,bicicleta
ENV-009729,24.21,0.58,28.8,18.9,8.1,4.41,1,0,1555.65,express,periferia,despejado,12,bajo,moto
ENV-009730,4.88,5.55,32.0,27.5,31.4,27.63,0,0,1703.53,express,centro,despejado,9,alto,bicicleta
ENV-009731,4.87,0.2,9.9,6.4,9.9,0.63,0,0,425.1,mismo_dia,residencial,lluvia,15,alto,moto
ENV-009732,3.83,1.79,26.8,20.6,19.5,10.77,0,1,387.72,normal,centro,viento_fuerte,6,medio,camioneta
ENV-009733,7.0,3.44,36.8,19.1,19.9,13.99,1,0,1567.04,normal,residencial,despejado,12,bajo,bicicleta
ENV-009734,3.64,2.83,31.9,22.6,24.0,17.3,1,0,2105.92,normal,centro,despejado,17,bajo,bicicleta
ENV-009735,2.84,3.62,39.7,19.6,18.6,14.47,0,0,364.35,express,centro,despejado,15,alto,bicicleta
ENV-009736,2.87,12.13,42.0,39.4,27.9,46.17,0,0,99.66,mismo_dia,centro,despejado,13,alto,moto
ENV-009737,33.11,62.08,125.0,80.9,39.5,399.44,0,0,592.2,normal,rural,despejado,10,alto,camioneta
ENV-009738,4.14,0.35,15.9,12.3,6.2,1.21,0,0,11506.48,mismo_dia,residencial,lluvia,15,alto,moto
ENV-009739,2.66,8.66,42.0,20.5,20.2,17.39,0,0,492.24,express,centro,lluvia,20,medio,moto
ENV-009740,41.98,4.51,41.2,24.0,30.7,30.36,0,0,692.54,normal,rural,despejado,13,alto,camioneta
ENV-009741,14.74,2.85,33.5,20.8,18.7,13.03,0,1,380.9,express,periferia,despejado,12,medio,camioneta
ENV-009742,6.56,1.96,20.5,12.1,13.1,3.25,1,0,2162.78,express,residencial,despejado,7,alto,bicicleta
ENV-009743,18.44,5.17,43.1,22.4,18.1,17.47,0,0,1237.21,express,periferia,despejado,6,bajo,moto
ENV-009744,4.19,33.57,58.7,30.7,33.1,59.65,1,0,1355.09,mismo_dia,residencial,despejado,19,alto,camioneta
ENV-009745,6.84,3.57,36.7,29.7,20.1,21.91,0,0,1950.48,normal,residencial,despejado,11,medio,bicicleta
ENV-009746,9.42,3.09,30.2,16.0,14.8,7.15,1,0,709.29,normal,residencial,despejado,20,alto,moto
ENV-009747,18.31,1.34,30.2,21.7,9.7,6.36,0,0,2316.54,express,periferia,despejado,10,bajo,moto
ENV-009748,2.49,2.99,32.8,28.3,20.0,18.56,0,0,2762.19,normal,centro,lluvia,14,alto,moto
ENV-009749,19.75,0.36,11.3,6.6,8.9,0.66,0,0,757.83,normal,periferia,lluvia,8,alto,moto
ENV-009750,1.35,3.18,29.7,19.2,27.9,15.91,0,0,971.62,express,centro,lluvia,16,bajo,moto
ENV-009751,1.5,0.58,18.5,10.7,6.0,1.19,0,0,792.76,mismo_dia,centro,viento_fuerte,17,alto,bicicleta
ENV-009752,6.81,0.42,11.3,7.6,7.6,0.65,0,0,1927.14,normal,residencial,despejado,13,alto,bicicleta
ENV-009753,23.04,1.14,17.1,14.7,18.7,4.7,0,0,359.77,normal,periferia,despejado,8,medio,moto
ENV-009754,3.65,1.71,29.0,14.8,14.8,6.35,1,0,2177.5,normal,residencial,lluvia,7,bajo,bicicleta
ENV-009755,4.97,1.8,35.7,26.8,13.3,12.72,0,0,4160.27,normal,residencial,despejado,16,alto,bicicleta
ENV-009756,2.17,0.46,21.4,15.5,10.3,3.42,1,0,2295.52,mismo_dia,centro,despejado,17,medio,bicicleta
ENV-009757,23.0,1.75,26.6,19.6,16.5,8.6,0,0,180.44,normal,periferia,despejado,14,alto,moto
ENV-009758,3.13,24.7,72.8,43.7,23.0,73.17,0,0,773.15,normal,centro,lluvia,11,alto,moto
ENV-009759,9.26,1.03,25.3,17.9,12.7,5.75,0,0,2490.06,normal,residencial,lluvia,7,medio,moto
ENV-009760,11.84,1.65,27.7,26.1,16.0,11.57,0,0,1547.6,normal,residencial,despejado,13,alto,dron
ENV-009761,14.1,0.59,27.2,18.3,8.8,4.38,0,0,270.07,normal,residencial,lluvia,2,medio,moto
ENV-009762,11.45,0.38,24.5,10.6,9.9,2.57,1,0,1023.57,express,periferia,despejado,14,alto,dron
ENV-009763,3.73,5.56,29.9,32.9,21.8,21.44,0,1,233.78,express,residencial,despejado,17,alto,camioneta
ENV-009764,43.3,1.13,13.4,14.2,11.8,2.25,0,0,463.73,express,rural,despejado,16,bajo,camioneta
ENV-009765,27.53,0.42,17.8,11.7,16.1,3.35,0,0,8092.34,express,periferia,viento_fuerte,8,alto,moto
ENV-009766,7.9,0.98,20.3,11.4,10.6,2.45,0,0,591.08,normal,residencial,despejado,12,medio,dron
ENV-009767,23.22,4.4,31.2,16.3,22.5,11.44,0,0,135.64,normal,periferia,despejado,13,medio,moto
ENV-009768,0.6,2.05,28.4,20.9,21.5,12.76,0,0,345.61,normal,centro,despejado,13,medio,bicicleta
ENV-009769,4.73,1.51,19.8,20.8,14.8,6.1,1,0,831.41,mismo_dia,residencial,despejado,6,bajo,dron
ENV-009770,6.45,2.67,34.0,22.5,27.8,21.27,0,0,181.46,express,residencial,despejado,18,medio,bicicleta
ENV-009771,2.05,0.24,16.9,10.0,9.0,1.52,0,0,604.28,normal,residencial,lluvia,14,alto,moto
ENV-009772,4.54,2.63,26.9,19.4,15.5,8.09,0,0,1132.73,mismo_dia,centro,lluvia,16,medio,moto
ENV-009773,2.22,6.55,47.7,44.1,23.7,49.85,0,0,3734.09,normal,residencial,despejado,10,bajo,moto
ENV-009774,3.91,3.73,36.0,28.3,27.3,27.81,0,0,1802.82,express,centro,despejado,7,alto,bicicleta
ENV-009775,13.52,3.8,28.7,27.3,27.0,21.15,1,0,4527.74,express,periferia,despejado,17,medio,moto
ENV-009776,23.77,3.88,42.8,20.1,16.9,14.54,0,1,6148.19,express,periferia,despejado,3,medio,camioneta
ENV-009777,7.89,1.24,26.7,19.9,16.1,8.55,1,0,97.24,normal,residencial,despejado,3,bajo,moto
ENV-009778,9.21,1.36,22.5,18.1,11.9,4.85,0,0,693.17,express,periferia,lluvia,22,bajo,moto
ENV-009779,6.93,0.2,8.8,7.7,5.1,0.35,0,0,644.78,normal,residencial,despejado,19,alto,bicicleta
ENV-009780,19.02,1.63,26.1,13.8,14.8,5.33,0,1,62.22,normal,periferia,despejado,12,medio,camioneta
ENV-009781,1.94,2.83,22.2,15.6,18.4,6.37,0,0,3245.66,express,centro,despejado,13,alto,bicicleta
ENV-009782,6.21,3.11,35.6,18.2,26.1,16.91,0,0,574.87,normal,residencial,despejado,14,alto,bicicleta
ENV-009783,11.57,0.92,17.9,15.5,19.5,5.41,0,0,488.16,normal,residencial,despejado,11,medio,dron
ENV-009784,6.15,3.41,27.3,18.1,11.3,5.58,1,0,554.26,mismo_dia,residencial,despejado,16,medio,bicicleta
ENV-009785,2.74,0.62,18.2,10.0,8.2,1.49,1,0,1061.82,normal,centro,despejado,8,medio,bicicleta
ENV-009786,5.41,7.61,64.3,42.6,18.2,49.85,0,0,1952.72,normal,centro,despejado,14,medio,moto
ENV-009787,9.14,1.92,23.8,13.3,13.0,4.12,0,0,410.51,mismo_dia,residencial,despejado,21,medio,moto
ENV-009788,13.13,3.52,26.7,14.6,15.1,5.89,0,0,268.76,normal,periferia,despejado,17,medio,moto
ENV-009789,22.43,0.89,16.1,16.9,11.6,3.16,1,0,2372.08,normal,periferia,despejado,6,medio,moto
ENV-009790,13.62,0.5,25.9,12.3,10.0,3.19,0,0,655.27,express,periferia,despejado,17,medio,dron
ENV-009791,10.92,1.36,17.2,15.3,11.1,2.92,0,0,3428.6,normal,residencial,despejado,7,alto,dron
ENV-009792,4.94,6.9,43.4,41.8,29.3,53.15,1,0,698.54,mismo_dia,centro,lluvia,14,alto,moto
ENV-009793,8.22,3.15,27.6,18.2,25.3,12.71,0,0,499.96,express,periferia,lluvia,16,bajo,moto
ENV-009794,9.92,1.94,29.2,23.3,16.1,10.95,0,0,2077.59,normal,residencial,despejado,7,bajo,dron
ENV-009795,3.14,3.79,40.9,23.0,28.7,27.0,0,0,298.75,normal,centro,despejado,17,bajo,bicicleta
ENV-009796,4.42,1.09,32.8,22.1,11.0,7.97,0,0,1067.95,normal,residencial,despejado,11,medio,bicicleta
ENV-009797,22.64,0.3,16.3,7.9,8.0,1.03,0,0,595.37,normal,periferia,despejado,0,alto,moto
ENV-009798,11.67,0.28,15.9,11.3,8.1,1.46,0,0,1327.68,normal,residencial,despejado,10,bajo,dron
ENV-009799,7.2,4.54,28.4,19.8,17.1,9.62,0,0,329.49,normal,residencial,lluvia,19,alto,moto
ENV-009800,18.2,1.0,17.1,12.8,16.3,3.57,0,0,442.15,normal,periferia,lluvia,13,alto,moto
ENV-009801,4.34,0.69,23.2,18.7,11.5,4.99,1,0,499.78,normal,residencial,despejado,14,alto,camioneta
ENV-009802,7.05,3.08,30.7,30.3,18.4,17.12,0,0,815.27,normal,residencial,despejado,21,bajo,moto
ENV-009803,23.15,0.18,11.3,10.4,9.6,1.13,0,0,2045.68,normal,rural,viento_fuerte,15,alto,moto
ENV-009804,4.57,0.41,20.4,13.8,5.7,1.6,0,0,248.69,normal,residencial,despejado,9,alto,bicicleta
ENV-009805,6.66,4.78,31.4,20.5,18.4,11.84,0,0,263.61,mismo_dia,residencial,despejado,8,medio,moto
ENV-009806,13.28,1.47,23.3,16.5,17.1,6.57,0,0,428.87,express,residencial,viento_fuerte,16,bajo,moto
ENV-009807,1.79,12.01,52.2,35.0,46.9,85.69,0,0,156.99,mismo_dia,centro,lluvia,13,alto,moto
ENV-009808,1.09,7.33,42.0,32.4,23.6,32.11,0,0,199.76,normal,centro,despejado,15,alto,bicicleta
ENV-009809,16.08,1.43,29.4,17.7,21.9,11.4,0,0,17241.21,normal,periferia,lluvia,7,alto,moto
ENV-009810,3.71,1.51,39.4,19.9,14.4,11.29,1,0,942.72,express,residencial,despejado,7,alto,bicicleta
ENV-009811,3.3,1.47,29.3,20.0,10.9,6.39,0,0,244.29,normal,centro,viento_fuerte,11,medio,bicicleta
ENV-009812,8.67,67.39,113.7,65.9,47.5,355.91,0,0,935.84,express,periferia,despejado,12,bajo,camioneta
ENV-009813,1.73,0.99,14.1,12.7,14.6,2.61,0,0,1975.39,normal,centro,despejado,17,medio,bicicleta
ENV-009814,7.11,48.34,107.4,80.5,43.0,371.77,0,0,565.17,normal,residencial,viento_fuerte,15,alto,camioneta
ENV-009815,15.0,4.57,36.7,29.0,27.8,29.59,0,0,204.88,normal,periferia,lluvia,9,medio,moto
ENV-009816,3.83,0.82,18.7,14.0,14.5,3.8,0,0,1104.35,normal,centro,despejado,20,bajo,bicicleta
ENV-009817,29.0,7.32,28.7,22.9,25.9,17.02,1,0,1170.01,normal,rural,despejado,6,bajo,moto
ENV-009818,5.34,6.21,37.4,29.2,45.4,49.58,1,0,1890.92,normal,residencial,despejado,19,alto,moto
ENV-009819,6.17,8.15,45.8,34.6,15.7,24.88,0,0,3583.87,normal,residencial,despejado,21,medio,moto
ENV-009820,12.41,9.7,71.5,31.8,33.4,75.94,0,0,253.14,mismo_dia,residencial,despejado,10,medio,camioneta
ENV-009821,14.31,6.26,60.4,26.2,30.8,48.74,0,0,464.58,normal,periferia,despejado,20,alto,moto
ENV-009822,9.07,0.67,13.3,13.6,8.5,1.54,1,0,561.42,normal,residencial,despejado,8,medio,dron
ENV-009823,9.12,0.47,14.2,8.8,12.6,1.57,0,0,752.81,mismo_dia,residencial,lluvia,22,medio,moto
ENV-009824,4.35,4.13,40.4,22.5,19.7,17.91,0,0,2055.69,mismo_dia,residencial,despejado,16,bajo,moto
ENV-009825,5.69,1.63,29.4,25.2,16.4,12.15,1,0,1934.14,mismo_dia,residencial,despejado,16,medio,bicicleta
ENV-009826,22.13,0.53,21.9,16.6,10.6,3.85,1,0,3354.69,normal,periferia,despejado,9,alto,moto
ENV-009827,4.33,19.18,39.5,31.3,30.9,38.2,0,0,484.05,express,centro,lluvia,12,bajo,moto
ENV-009828,7.6,0.63,19.7,15.4,10.2,3.09,0,1,524.68,express,residencial,lluvia,5,bajo,camioneta
ENV-009829,3.24,4.58,42.9,32.2,20.0,27.63,0,0,3895.02,express,centro,despejado,2,alto,moto
ENV-009830,1.8,1.43,35.9,19.7,12.8,9.05,0,0,261.06,normal,centro,despejado,14,alto,bicicleta
ENV-009831,7.67,2.98,29.8,19.5,12.1,7.03,0,0,122.87,express,residencial,despejado,11,alto,moto
ENV-009832,2.7,1.04,14.5,11.6,9.8,1.65,0,1,481.81,express,residencial,despejado,11,medio,camioneta
ENV-009833,8.62,6.65,54.9,23.6,28.1,36.41,1,0,7055.99,normal,residencial,despejado,8,bajo,moto
ENV-009834,4.54,10.01,44.7,39.5,35.3,62.33,0,0,2406.15,express,residencial,despejado,15,alto,moto
ENV-009835,42.7,4.3,48.7,34.0,18.1,29.97,0,0,433.95,express,rural,despejado,8,medio,camioneta
ENV-009836,14.16,1.66,32.4,23.9,12.0,9.29,1,0,1087.0,normal,residencial,despejado,15,medio,dron
ENV-009837,10.43,1.47,24.2,25.5,16.7,10.31,1,0,231.97,normal,residencial,despejado,11,bajo,dron
ENV-009838,3.7,2.6,26.1,20.7,14.3,7.73,0,0,426.0,express,centro,despejado,15,alto,bicicleta
ENV-009839,11.77,3.28,34.7,21.3,19.4,14.34,1,0,4503.24,normal,residencial,despejado,19,medio,moto
ENV-009840,9.98,1.5,26.6,12.0,10.3,3.29,0,0,238.33,mismo_dia,periferia,lluvia,15,bajo,moto
ENV-009841,4.64,1.98,25.4,22.4,24.4,13.88,1,0,674.08,express,residencial,despejado,19,medio,bicicleta
ENV-009842,37.6,1.19,20.1,14.4,25.1,7.26,0,0,2109.57,express,rural,lluvia,17,medio,moto
ENV-009843,3.42,3.11,25.5,20.3,20.9,10.82,0,0,1139.01,mismo_dia,centro,despejado,20,bajo,bicicleta
ENV-009844,2.13,3.71,39.2,15.8,18.0,11.15,1,0,4416.53,normal,centro,despejado,14,medio,bicicleta
ENV-009845,16.49,7.54,37.1,32.5,39.5,47.63,0,0,1120.81,mismo_dia,periferia,despejado,15,alto,moto
ENV-009846,42.97,0.86,22.9,17.4,11.3,4.5,0,0,654.7,normal,rural,despejado,8,alto,camioneta
ENV-009847,15.91,3.7,33.3,20.7,12.7,8.75,0,0,289.49,mismo_dia,periferia,despejado,21,bajo,moto
ENV-009848,2.04,1.03,18.8,13.8,12.1,3.14,1,0,74.17,express,residencial,despejado,17,bajo,bicicleta
ENV-009849,14.16,0.16,13.4,10.2,9.0,1.23,0,0,2111.84,mismo_dia,residencial,despejado,11,medio,dron
ENV-009850,1.6,1.59,33.8,22.6,11.6,8.86,0,0,539.99,express,centro,despejado,12,medio,bicicleta
ENV-009851,24.15,1.42,30.3,20.7,11.9,7.46,0,0,4613.52,express,periferia,despejado,20,medio,moto
ENV-009852,14.17,2.54,28.3,31.0,19.8,17.37,0,0,5590.99,express,periferia,lluvia,4,medio,moto
ENV-009853,1.62,2.33,34.4,20.2,22.1,15.36,0,0,616.97,express,centro,lluvia,20,medio,moto
ENV-009854,2.53,1.37,32.3,15.2,20.6,10.11,1,0,258.95,express,centro,despejado,16,alto,bicicleta
ENV-009855,34.59,4.81,34.5,27.2,13.9,13.04,0,0,1142.41,normal,rural,despejado,13,alto,moto
ENV-009856,8.1,2.55,35.5,23.0,13.7,11.19,0,0,56.32,normal,residencial,despejado,9,alto,moto
ENV-009857,5.08,3.82,24.4,26.8,19.8,12.95,0,0,1267.81,express,residencial,lluvia,15,alto,moto
ENV-009858,9.19,1.03,18.2,18.8,17.2,5.89,0,0,1067.28,normal,residencial,despejado,1,medio,moto
ENV-009859,2.53,2.92,35.7,24.7,15.5,13.67,0,0,276.8,mismo_dia,residencial,despejado,8,medio,moto
ENV-009860,3.28,0.88,21.8,13.0,8.3,2.35,0,0,1526.72,express,centro,lluvia,11,bajo,moto
ENV-009861,5.91,0.37,20.9,12.9,7.2,1.94,0,1,157.88,express,residencial,despejado,9,medio,camioneta
ENV-009862,16.11,0.4,15.7,9.5,15.9,2.37,1,0,743.74,express,periferia,lluvia,18,alto,moto
ENV-009863,7.7,0.61,18.5,13.0,8.5,2.04,0,0,1267.52,normal,residencial,lluvia,13,medio,moto
ENV-009864,6.66,58.77,104.4,54.2,70.6,399.49,0,0,449.24,express,residencial,despejado,21,bajo,camioneta
ENV-009865,10.44,0.6,14.8,9.1,16.0,2.15,0,0,755.93,express,residencial,despejado,6,bajo,dron
ENV-009866,0.8,5.9,40.1,25.4,30.2,30.76,0,0,497.65,normal,centro,despejado,22,medio,moto
ENV-009867,2.15,0.68,22.3,15.4,11.5,3.95,0,0,309.05,normal,centro,lluvia,19,alto,moto
ENV-009868,7.18,0.73,13.4,11.4,10.3,1.57,0,0,175.36,normal,residencial,despejado,17,bajo,dron
ENV-009869,2.96,13.52,56.3,35.9,25.4,51.34,0,1,847.57,normal,centro,despejado,1,medio,camioneta
ENV-009870,3.52,1.36,22.3,10.7,11.1,2.65,0,0,3655.26,normal,centro,despejado,11,medio,bicicleta
ENV-009871,3.2,3.55,41.0,17.7,20.8,15.09,0,0,885.88,express,centro,viento_fuerte,7,alto,bicicleta
ENV-009872,2.64,1.56,27.3,17.4,11.3,5.37,0,0,440.07,normal,residencial,despejado,1,alto,moto
ENV-009873,2.89,8.74,45.3,23.9,20.4,22.09,0,0,770.14,normal,residencial,viento_fuerte,9,alto,moto
ENV-009874,27.74,1.07,30.6,16.0,12.4,6.07,0,0,110.42,normal,rural,despejado,20,medio,moto
ENV-009875,13.48,1.09,24.0,11.3,12.0,3.25,0,0,209.17,normal,residencial,despejado,18,alto,dron
ENV-009876,4.58,1.14,23.9,22.2,12.4,6.58,0,0,4844.81,mismo_dia,centro,despejado,11,medio,bicicleta
ENV-009877,7.13,18.05,86.3,40.7,39.2,137.69,0,0,284.83,express,residencial,despejado,16,bajo,camioneta
ENV-009878,3.42,0.51,18.9,9.3,11.4,2.0,1,0,2107.2,express,centro,despejado,7,alto,bicicleta
ENV-009879,6.36,1.12,32.6,18.4,11.0,6.6,1,0,2612.1,express,residencial,despejado,11,medio,dron
ENV-009880,30.66,1.0,32.0,20.5,8.7,5.71,1,0,6281.66,normal,rural,despejado,15,medio,moto
ENV-009881,17.66,3.0,26.9,18.9,12.1,6.15,0,0,1289.15,express,periferia,despejado,19,medio,moto
ENV-009882,9.51,2.1,31.7,23.8,15.9,12.0,0,0,2044.61,mismo_dia,residencial,lluvia,13,alto,moto
ENV-009883,19.23,16.6,44.4,34.2,18.0,27.33,1,0,251.29,normal,periferia,despejado,8,alto,moto
ENV-009884,7.8,1.87,32.4,22.0,19.2,13.69,1,0,236.38,normal,residencial,despejado,9,medio,moto
ENV-009885,7.43,1.26,18.2,13.4,22.7,5.54,0,0,391.28,normal,residencial,despejado,16,bajo,dron
ENV-009886,22.79,0.59,17.7,9.1,9.8,1.58,0,0,277.44,express,periferia,despejado,10,medio,moto
ENV-009887,3.85,5.6,58.5,30.3,23.9,42.36,0,0,93.02,normal,centro,despejado,7,alto,moto
ENV-009888,3.37,2.24,36.0,28.4,14.3,14.62,0,0,493.09,normal,centro,despejado,11,alto,bicicleta
ENV-009889,4.16,0.51,14.3,13.2,9.2,1.74,0,0,205.41,normal,residencial,despejado,14,alto,bicicleta
ENV-009890,9.07,9.11,27.1,26.3,20.4,14.54,1,0,388.65,normal,residencial,lluvia,20,bajo,camioneta
ENV-009891,6.63,9.08,48.6,29.3,22.5,32.04,0,0,160.07,express,residencial,despejado,12,alto,moto
ENV-009892,8.83,0.78,16.6,14.1,13.6,3.18,0,0,346.26,express,residencial,despejado,11,medio,dron
ENV-009893,3.19,2.74,20.1,19.7,16.6,6.57,0,0,3436.32,normal,centro,despejado,17,bajo,bicicleta
ENV-009894,2.82,2.04,24.1,16.5,12.8,5.09,0,0,356.66,normal,residencial,despejado,11,bajo,bicicleta
ENV-009895,2.23,0.35,22.0,12.1,7.6,2.02,0,0,405.77,normal,centro,lluvia,16,medio,moto
ENV-009896,27.19,1.16,13.0,10.5,15.9,2.17,0,0,830.11,mismo_dia,rural,despejado,13,alto,moto
ENV-009897,22.28,2.49,23.2,16.9,10.2,4.0,0,0,286.18,normal,rural,despejado,13,alto,moto
ENV-009898,9.26,1.05,20.6,15.6,24.2,7.78,0,0,204.41,express,residencial,lluvia,14,alto,moto
ENV-009899,3.63,0.92,20.5,15.7,15.1,4.86,0,0,300.54,normal,centro,despejado,6,bajo,bicicleta
ENV-009900,4.23,2.0,29.9,17.4,28.9,15.04,0,0,1026.46,mismo_dia,centro,lluvia,20,bajo,moto
ENV-009901,5.92,3.25,26.2,23.6,29.0,17.93,0,0,793.64,express,residencial,despejado,10,medio,bicicleta
ENV-009902,5.42,1.25,18.0,16.4,13.8,4.07,0,0,592.29,normal,residencial,despejado,19,alto,bicicleta
ENV-009903,3.91,0.81,17.0,13.8,11.1,2.6,0,0,2446.64,normal,residencial,despejado,15,alto,bicicleta
ENV-009904,4.23,2.8,33.4,18.9,13.4,8.46,0,0,1824.1,express,residencial,lluvia,18,medio,moto
ENV-009905,1.07,2.89,21.3,21.6,17.8,8.19,0,0,374.23,mismo_dia,centro,despejado,13,medio,bicicleta
ENV-009906,2.69,0.5,15.7,11.5,18.7,3.38,1,0,4208.9,express,centro,despejado,19,medio,bicicleta
ENV-009907,17.66,0.99,13.0,14.4,9.9,1.85,0,0,843.1,normal,periferia,lluvia,11,alto,moto
ENV-009908,26.99,18.81,51.0,25.9,25.0,33.02,1,0,248.26,express,periferia,despejado,13,alto,moto
ENV-009909,8.42,1.8,26.0,17.7,8.4,3.87,0,0,13758.22,normal,residencial,despejado,12,bajo,dron
ENV-009910,2.84,6.32,29.4,20.9,18.9,11.61,0,0,670.77,mismo_dia,centro,despejado,10,bajo,bicicleta
ENV-009911,4.65,0.12,10.8,5.8,4.8,0.3,0,0,895.65,normal,residencial,despejado,10,bajo,bicicleta
ENV-009912,7.89,2.03,29.9,20.1,8.6,5.17,0,0,886.28,express,residencial,despejado,9,alto,dron
ENV-009913,4.94,20.6,67.9,43.4,45.7,134.67,0,0,2701.3,mismo_dia,centro,despejado,9,alto,camioneta
ENV-009914,7.71,5.06,41.6,31.2,24.7,32.06,0,0,144.51,normal,residencial,despejado,7,alto,moto
ENV-009915,11.04,3.21,36.7,30.8,15.3,17.29,0,0,1609.35,normal,residencial,despejado,9,alto,moto
ENV-009916,12.15,1.23,21.4,13.8,7.8,2.3,0,0,753.15,express,periferia,lluvia,11,bajo,moto
ENV-009917,8.25,0.81,32.5,15.3,12.9,6.41,0,0,275.02,normal,residencial,lluvia,6,bajo,camioneta
ENV-009918,3.26,1.77,32.6,20.4,16.4,10.91,0,0,236.54,mismo_dia,centro,despejado,12,bajo,bicicleta
ENV-009919,3.7,2.49,35.4,29.4,16.6,17.28,0,0,3847.3,normal,centro,despejado,16,medio,bicicleta
ENV-009920,10.55,0.98,27.7,19.5,8.7,4.7,0,0,229.4,express,residencial,despejado,13,medio,dron
ENV-009921,23.04,6.29,44.1,27.4,28.6,34.56,1,0,522.41,express,periferia,lluvia,12,medio,moto
ENV-009922,9.84,0.48,23.5,11.4,11.0,2.95,0,0,360.27,express,residencial,despejado,15,bajo,dron
ENV-009923,12.89,6.6,43.6,18.5,21.1,17.02,0,0,132.19,normal,residencial,lluvia,13,medio,camioneta
ENV-009924,3.44,0.91,18.8,13.3,26.1,6.53,1,0,2511.94,normal,centro,lluvia,9,medio,bicicleta
ENV-009925,2.04,5.9,40.1,27.0,24.8,26.85,0,0,474.87,normal,centro,despejado,6,bajo,bicicleta
ENV-009926,3.36,0.63,18.8,15.5,15.6,4.55,0,0,3745.55,express,centro,despejado,10,medio,bicicleta
ENV-009927,4.88,0.44,19.8,10.5,14.1,2.93,1,0,1775.17,express,residencial,viento_fuerte,14,bajo,bicicleta
ENV-009928,17.81,4.49,39.6,24.4,18.6,17.97,1,0,1955.84,mismo_dia,rural,despejado,14,alto,moto
ENV-009929,13.38,0.75,15.1,17.0,11.3,2.9,0,0,823.77,mismo_dia,periferia,viento_fuerte,14,alto,moto
ENV-009930,12.26,2.09,30.7,14.8,14.1,6.41,0,0,823.1,mismo_dia,periferia,despejado,15,medio,dron
ENV-009931,35.37,0.95,16.8,15.6,11.5,3.01,0,0,2299.43,normal,rural,despejado,13,medio,moto
ENV-009932,24.68,0.47,19.5,11.6,7.7,1.74,0,0,990.27,normal,periferia,despejado,16,medio,moto
ENV-009933,3.6,2.4,34.2,23.4,20.8,16.65,1,0,684.82,normal,centro,despejado,16,alto,bicicleta
ENV-009934,21.99,1.79,34.8,19.9,13.9,9.63,0,0,126.56,normal,periferia,despejado,19,alto,moto
ENV-009935,4.25,1.86,26.8,17.2,20.9,9.63,0,0,1946.64,express,centro,despejado,14,bajo,bicicleta
ENV-009936,12.47,2.92,24.5,16.6,17.6,7.16,0,0,482.45,express,periferia,despejado,9,alto,moto
ENV-009937,9.76,0.83,20.6,10.0,8.6,1.77,1,0,582.34,normal,residencial,lluvia,15,medio,moto
ENV-009938,4.7,6.29,44.5,28.8,25.7,32.94,0,0,3544.25,normal,residencial,lluvia,9,medio,moto
ENV-009939,5.0,1.8,34.0,18.7,15.5,9.85,1,0,1284.8,normal,residencial,despejado,9,medio,bicicleta
ENV-009940,8.56,1.19,28.1,16.7,18.7,8.78,1,0,271.2,normal,residencial,despejado,18,alto,dron
ENV-009941,47.93,3.63,22.8,20.5,23.7,11.08,0,0,66.66,express,rural,despejado,14,alto,camioneta
ENV-009942,34.24,1.73,29.8,19.7,14.4,8.45,0,0,308.62,express,rural,viento_fuerte,16,alto,moto
ENV-009943,1.84,0.97,29.6,15.0,14.2,6.3,1,0,1979.36,normal,centro,despejado,16,alto,bicicleta
ENV-009944,16.36,2.91,31.0,19.1,18.7,11.07,0,0,303.54,normal,periferia,lluvia,15,bajo,moto
ENV-009945,3.59,1.27,25.1,13.1,13.6,4.47,0,0,3165.48,express,centro,despejado,21,bajo,moto
ENV-009946,24.68,37.48,51.9,45.7,26.7,63.33,0,0,712.23,express,rural,viento_fuerte,13,medio,camioneta
ENV-009947,7.12,0.95,19.5,11.6,17.5,3.96,1,0,1362.25,mismo_dia,residencial,despejado,15,medio,dron
ENV-009948,13.81,6.39,53.6,41.0,21.6,47.47,0,0,69.04,express,periferia,despejado,14,alto,moto
ENV-009949,4.76,10.3,62.2,42.7,20.2,53.65,1,0,1606.05,express,residencial,despejado,6,bajo,moto
ENV-009950,7.57,0.24,8.5,5.7,8.0,0.39,0,0,831.87,normal,residencial,despejado,9,alto,dron
ENV-009951,11.58,0.66,17.2,10.8,6.3,1.17,0,0,173.48,normal,periferia,despejado,11,bajo,dron
ENV-009952,30.52,2.36,40.2,25.6,17.8,18.32,0,0,2907.29,mismo_dia,rural,viento_fuerte,12,medio,camioneta
ENV-009953,5.71,51.13,84.9,50.6,80.7,346.68,0,0,2317.21,mismo_dia,residencial,despejado,16,medio,camioneta
ENV-009954,29.38,1.66,32.9,16.5,18.7,10.15,0,0,2533.99,mismo_dia,periferia,despejado,13,alto,moto
ENV-009955,2.84,0.97,14.5,10.5,16.7,2.54,0,0,1189.81,normal,centro,despejado,11,bajo,bicicleta
ENV-009956,14.0,3.81,45.5,27.3,16.6,20.62,0,0,609.76,express,periferia,despejado,18,alto,moto
ENV-009957,6.5,1.55,24.2,15.7,14.1,5.36,0,0,2028.04,normal,residencial,viento_fuerte,11,bajo,bicicleta
ENV-009958,4.92,0.41,15.0,9.2,10.9,1.5,0,0,5616.91,express,centro,despejado,21,bajo,moto
ENV-009959,9.83,6.31,34.4,23.8,34.1,27.92,1,0,285.42,mismo_dia,residencial,despejado,0,alto,moto
ENV-009960,3.68,5.43,62.3,41.5,16.3,42.14,1,0,551.03,normal,centro,despejado,21,bajo,moto
ENV-009961,3.05,2.0,25.3,19.8,25.2,12.62,0,0,1211.58,normal,centro,lluvia,18,alto,moto
ENV-009962,4.34,3.13,25.3,20.3,14.3,7.34,0,0,1992.01,normal,residencial,despejado,0,bajo,moto
ENV-009963,20.31,1.54,19.3,13.9,24.1,6.47,1,0,2044.22,normal,rural,lluvia,14,alto,moto
ENV-009964,17.22,20.0,59.4,45.6,25.7,69.61,0,0,1002.47,normal,periferia,despejado,21,alto,moto
ENV-009965,30.44,9.63,40.6,38.3,25.8,40.12,0,0,864.15,normal,rural,lluvia,15,alto,moto
ENV-009966,9.5,5.33,52.7,29.3,18.1,27.95,0,0,157.82,normal,residencial,despejado,13,medio,moto
ENV-009967,6.58,0.3,15.7,13.5,6.9,1.46,0,0,375.59,normal,residencial,despejado,14,alto,bicicleta
ENV-009968,10.52,3.34,37.6,24.9,24.0,22.47,0,0,50,normal,periferia,despejado,2,bajo,moto
ENV-009969,9.65,4.32,39.6,32.2,24.6,31.37,0,0,3200.09,express,periferia,despejado,12,bajo,moto
ENV-009970,3.2,25.67,70.5,52.4,37.4,138.16,0,0,701.77,normal,centro,lluvia,18,alto,camioneta
ENV-009971,5.49,55.16,61.1,49.4,67.7,204.34,0,0,745.95,normal,residencial,despejado,10,medio,camioneta
ENV-009972,7.45,1.1,25.5,17.6,17.1,7.67,1,0,809.61,normal,residencial,despejado,8,alto,dron
ENV-009973,14.13,4.88,53.2,23.7,24.0,30.26,0,0,170.58,normal,periferia,lluvia,16,bajo,moto
ENV-009974,10.22,9.57,56.7,39.8,32.6,73.57,0,0,338.62,mismo_dia,residencial,lluvia,20,medio,moto
ENV-009975,6.13,0.62,19.8,17.0,13.1,4.41,0,0,1460.09,normal,residencial,despejado,2,bajo,moto
ENV-009976,3.04,6.19,54.0,36.9,23.8,47.42,0,0,79.31,mismo_dia,centro,lluvia,13,alto,moto
ENV-009977,5.6,3.29,32.5,20.8,10.1,6.83,1,0,4876.22,normal,residencial,despejado,17,medio,bicicleta
ENV-009978,25.76,9.28,34.1,27.6,40.8,38.4,0,0,132.55,normal,periferia,despejado,14,medio,moto
ENV-009979,47.69,1.49,22.9,16.2,29.3,10.87,1,0,1846.04,express,rural,despejado,8,medio,camioneta
ENV-009980,13.15,3.05,28.0,24.6,22.7,15.64,0,0,262.67,express,residencial,viento_fuerte,7,alto,moto
ENV-009981,12.57,2.17,37.6,17.0,14.4,9.2,0,0,71.22,express,residencial,despejado,16,medio,dron
ENV-009982,3.01,5.2,33.2,26.7,32.0,28.37,0,1,966.73,normal,centro,despejado,10,bajo,camioneta
ENV-009983,3.79,1.61,17.4,15.7,17.0,4.64,0,0,233.59,normal,centro,viento_fuerte,16,alto,camioneta
ENV-009984,4.43,3.5,29.3,29.6,19.0,16.48,1,0,175.04,normal,residencial,despejado,12,medio,bicicleta
ENV-009985,50.65,58.58,52.6,52.9,44.4,123.54,0,1,909.36,express,rural,despejado,15,medio,camioneta
ENV-009986,17.62,0.66,14.2,12.4,15.8,2.78,1,0,316.82,normal,periferia,despejado,10,bajo,moto
ENV-009987,0.7,1.41,30.0,16.1,12.6,6.09,1,0,1184.13,express,centro,despejado,14,medio,bicicleta
ENV-009988,8.94,10.42,39.1,32.9,25.9,33.32,0,0,867.98,express,residencial,despejado,14,medio,moto
ENV-009989,8.0,4.62,47.9,31.3,24.2,36.28,0,0,3209.79,mismo_dia,residencial,despejado,5,bajo,moto
ENV-009990,10.97,0.88,17.8,13.9,6.9,1.71,0,0,203.54,express,periferia,despejado,11,alto,dron
ENV-009991,15.59,45.62,77.0,50.4,40.2,156.01,0,0,1735.76,express,periferia,despejado,19,alto,camioneta
ENV-009992,7.07,5.99,57.5,29.6,22.6,38.47,0,1,1240.85,normal,periferia,despejado,21,alto,camioneta
ENV-009993,2.17,60.61,103.9,68.9,45.5,325.72,0,0,188.66,express,residencial,lluvia,19,alto,camioneta
ENV-009994,2.73,3.58,35.7,22.8,29.6,24.09,1,0,2145.2,express,centro,despejado,7,alto,bicicleta
ENV-009995,5.14,7.79,51.0,23.9,24.2,29.5,0,0,991.05,normal,residencial,despejado,17,medio,bicicleta
ENV-009996,1.35,48.11,112.1,55.9,54.0,338.39,0,0,322.53,normal,centro,despejado,17,alto,camioneta
ENV-009997,1.85,1.41,27.1,19.2,12.7,6.61,0,0,548.61,normal,centro,despejado,10,bajo,bicicleta
ENV-009998,3.33,3.79,25.7,17.8,16.6,7.59,0,0,50,express,centro,lluvia,17,bajo,moto
ENV-009999,3.75,1.85,35.0,18.9,12.9,8.53,0,0,3500.8,express,centro,despejado,6,medio,bicicleta
ENV-010000,2.74,2.38,32.0,25.4,17.4,14.14,1,0,606.95,normal,centro,despejado,15,alto,bicicleta
